0.2778026165159079,0.2778026165159079,0.2778026165159079,0.2778026165159079,0.2778026165159079,0.2778026165159079,0.2778026165159079,0.2778026165159079,0.2778026165159079,0.2778026165159079,0.2778026165159079,0.2778026165159079,0.2778026165159079,0.2778026165159079,0.2778026165159079
0.27691240487576657,0.27636989183108673,0.2762777854113275,0.2775694657295956,0.27709678945564453,0.2779140970323538,0.2771747382256868,0.27678900237554965,0.2770579921929226,0.2761613374981841,0.2767107911584534,0.27640311800795087,0.2782151783014343,0.276562970671233,0.2763022164813218
0.276409901118757,0.27600270100711227,0.275893264431964,0.27750024353112007,0.276990298335708,0.27652833824616635,0.27742005749763937,0.2763987065003537,0.2762655567749939,0.2759170362949447,0.2771934030324708,0.2758552529018228,0.2774304997049545,0.2746775970920591,0.274541799037553
0.2763591822280078,0.27563131074183606,0.2772606165088867,0.2768126457091034,0.2754615191250879,0.2761305357906937,0.2765682421857591,0.27512674482631827,0.27645427417603774,0.2758055919719493,0.2762565830975684,0.27540566905999836,0.2762260565877387,0.2748028602646657,0.27434578946758803
0.27496118320177143,0.2756401845794111,0.27624446857583923,0.2759348389205372,0.27554849174646995,0.2759007456460429,0.2761955226805181,0.2742506705985367,0.2754004821001711,0.27549168433243626,0.2762643297376272,0.27459407278351217,0.27637309540656574,0.2737035416310731,0.2748078281513894
0.2744922129876162,0.273161703673107,0.27522645927457406,0.27633646597247447,0.27499545144543225,0.275030472317556,0.27587218346115205,0.274275752074179,0.2748832783233015,0.2747353098694735,0.27685802766135625,0.2745121186949735,0.27596415772296723,0.27309889662812487,0.27380401279836586
0.27390569855742397,0.2725144229022793,0.27506566681188294,0.2763947948436971,0.27461370637543586,0.2742957878885046,0.276418895187234,0.27391016546063723,0.27489033545207564,0.27519126898387053,0.276720060428597,0.27410668853078624,0.2746655617916533,0.27203353013650017,0.2739689222217226
0.27319255667276343,0.2718531444389507,0.27461674972444816,0.2762196542830336,0.2742574762210586,0.2732788864063116,0.2756711565711255,0.2744524239927919,0.27503372618695365,0.27443103718490436,0.27581632310184556,0.2737459146666921,0.2744341513827995,0.27241347095059754,0.2730949476849129
0.2741291013942432,0.2723642149275258,0.27430203795761166,0.2768968300231007,0.2734777260624912,0.2732839289628571,0.2763653698918996,0.27391594601414965,0.27441120547083075,0.27346728871931353,0.2749871236650051,0.27371308580228054,0.274174571077874,0.2733289743386181,0.27301804910270505
0.27361117792065803,0.2721921841511636,0.2740970960372469,0.27642839490426124,0.2725928215861033,0.2732788904956762,0.27619815816630783,0.27354664138480844,0.2744836702468242,0.2723039210389506,0.2747012739452616,0.2730589557495299,0.2737896766878144,0.27321795540358346,0.27280255034842593
0.2728993550205544,0.2712160246285595,0.2738158225500699,0.2769887390758536,0.27211600836020294,0.2728956231447478,0.2758955062813834,0.27314099833995314,0.2737887145222407,0.27212400914413565,0.27421523235013534,0.2732265424283838,0.27385872620691915,0.2735962132024132,0.27345615528860584
0.2731769465034917,0.27162349883569453,0.27398989935494716,0.2762465169309885,0.2719834866269912,0.2730501450710496,0.27516003684100226,0.27307379707893165,0.2731662939656777,0.27183591571085475,0.27344403067769424,0.2734608437300272,0.27401041325118847,0.27322406128145676,0.274052644587536
0.2725883768815897,0.2709498750350891,0.2736509958725488,0.27623598762714585,0.27165698334778754,0.27341759988707487,0.2755002143112456,0.27222176000822257,0.2741237127659184,0.2705990454342554,0.2734271506355254,0.2721506871005936,0.273177794142221,0.2728101009157881,0.27355985721277143
0.2726625331506493,0.270752457865676,0.2737102384952852,0.2755122919024528,0.27158928972555535,0.27280332650359296,0.27501986040952137,0.27188289333610094,0.274374404598723,0.27004209220150915,0.27246081764226265,0.271769349894023,0.27278796982301784,0.2723444039438806,0.273378748846756
0.2721718735607481,0.27052978618584766,0.2737319054072491,0.2752024420810705,0.2711686811494373,0.27239053735052837,0.2747584723425855,0.27206305177437407,0.27407810761562745,0.2689380130014482,0.27139702353744366,0.27127066514572484,0.27314511634536953,0.272097496242606,0.27292304957086205
0.2718190397921144,0.27020843947377615,0.27296878425998133,0.2746108721140292,0.270044753100021,0.2719197510459245,0.2748766721510111,0.27237332857610613,0.27373899411987473,0.26848381769500657,0.2711399122231717,0.27070396823598425,0.2735669010583829,0.27189454486690057,0.2724658723006378
0.27289750157462617,0.2697342958968904,0.27338485158593007,0.27485078316468514,0.2700823547133956,0.27197074806907623,0.274293789748026,0.2725587182673767,0.2736047796202443,0.2684979529127435,0.27087979628240627,0.27085292889679385,0.2736232874022343,0.2714574399433635,0.27192820708159166
0.27243442227466313,0.26925096030405543,0.27339159952432784,0.27462893664212423,0.2698441922340417,0.27255323297374556,0.27465034147533285,0.2727327782381331,0.2734618388409185,0.2686045119155714,0.27010978297369215,0.27152336926253134,0.2733756154113003,0.2704934530635664,0.27269074235332813
0.27139109931428584,0.2692595262798842,0.2734484865338712,0.2736786950833638,0.26944958606959735,0.272104473772382,0.27388803779100535,0.272625377153626,0.2735627714544288,0.2683232403110371,0.26945311055401866,0.2703854092399147,0.2729145782141126,0.27015586921463003,0.2723766780984294
0.2716413647703184,0.2683750684486379,0.27345521988788235,0.27398109311459146,0.26902053903649287,0.2715829156808136,0.2734140630462689,0.2721849533916073,0.27367937833726413,0.26760700980099056,0.26943081237650274,0.26964430041096626,0.27263212120172853,0.2699621972483411,0.27216075735363754
0.2711513108432579,0.2681040456412757,0.2728919158202856,0.2736096491465235,0.2692976986953487,0.27186152684883286,0.2724261931247346,0.2727005917081431,0.27320823283021284,0.2683536391663399,0.26935328230097644,0.2701410300383499,0.2723602621077814,0.2702018854752487,0.27213924448733257
0.27114927908074515,0.2683414450565446,0.2726900640701336,0.27274891606066226,0.2689664168175548,0.27245093798715325,0.2720262095467317,0.2732962835876061,0.2730465815347312,0.2682104069997191,0.26896868539534635,0.2695879708929773,0.2730923729142527,0.2705859208149386,0.2716374129889517
0.27076714704686006,0.26805998603486547,0.2718428609060643,0.272591133287958,0.268747193341049,0.27192577838548504,0.2715011337254988,0.2726626268799707,0.27278137785437506,0.2673587168264214,0.2694354794208814,0.26944696874624297,0.2728385765243149,0.27030529592154035,0.27153882941747576
0.2700751614784433,0.2676997451176154,0.2718036266606881,0.2734827075862656,0.26838603912421766,0.2722011056583628,0.2715705286382021,0.2727135229411458,0.2727693630610818,0.2667825519069927,0.26930018595432725,0.26939972133821255,0.27237559829024405,0.2701536118608228,0.2711362891074839
0.2694675895169636,0.2675847828932991,0.2716398900944604,0.2728724996996085,0.2686217781143463,0.2716426059560123,0.27158935284264063,0.2732293761422504,0.2726147176981348,0.26672706260168866,0.26921608116831086,0.26888366453538837,0.27189523818367173,0.269963458133602,0.2702100538018099
0.2687955075185727,0.26729567517353736,0.2715073833299487,0.27256464454887636,0.2688044598557239,0.2712439425627089,0.27253583242808543,0.2726820767227086,0.27183208957967236,0.2665475187415185,0.2694017696997699,0.2687284068219079,0.27147142947600766,0.27002628026212244,0.27026978150363484
0.26928537681953413,0.26703072521912896,0.2713080507689525,0.2722622025916575,0.2682541428067369,0.2710884972026471,0.2728516038315071,0.27254546245747996,0.2714254353855706,0.2666135314343138,0.2689882081887204,0.2684171658822778,0.27146943582662786,0.2695707480171742,0.2699291432370175
0.26888933290606987,0.26716377483671355,0.27104892052346025,0.27278911624001895,0.26827549522204835,0.2705675753807846,0.27239428152199846,0.27234462020995276,0.27060739448373045,0.2668008558396319,0.26873099884646123,0.26811086277136914,0.2715033527059417,0.2689949194837975,0.2693981831574427
0.2686977797245049,0.2673968111445006,0.27103960497765217,0.2728376355698842,0.26820591666424287,0.27011218660150377,0.2726163300818925,0.2725338555603234,0.270888874493582,0.26706261536418097,0.26856074686265075,0.2680910185111775,0.2715501281094115,0.2689150116062541,0.2696371381235691
0.2688290050860087,0.26708571651061186,0.2712344719474369,0.2731814722570896,0.26787613679833794,0.2701544425648185,0.27223554596144034,0.2730007273342203,0.27014799869334777,0.26672307170882414,0.2682799813671447,0.26766586739902637,0.27151169610122106,0.2692997162032237,0.2698417928548735
0.2687696365440144,0.26658847030496,0.2713841604696033,0.27296188885358924,0.2678680522190834,0.26888368060120005,0.27171794602577076,0.27255867446139925,0.26960262501769605,0.26600787655453767,0.2678511155683666,0.2672532819292072,0.27162467779623806,0.268902610755592,0.27015892077742065
0.2687626756926964,0.2670613621204826,0.2715404284456051,0.27295310497854947,0.26779185650833753,0.26832134377827055,0.2710512369037351,0.27264766349194625,0.26917668553287954,0.2659414681490537,0.2680118838671088,0.26749136530083617,0.27226965039816664,0.26869008908610625,0.2697504292885425
0.26822846332680306,0.2669007048838342,0.27118942992099737,0.27285151473613417,0.2672870165653297,0.26844630329116287,0.2711478767282109,0.27257417782118865,0.26939627666475835,0.2661180346056033,0.26792633309075825,0.26737421107931447,0.2721432074146003,0.2690436153826509,0.26965843117392685
0.26852300575685434,0.2664010984031773,0.27104847033537693,0.2734590775982812,0.26717598874008924,0.26803720443159396,0.27098703406650254,0.2727495048213736,0.269409565400356,0.2662693512139369,0.26832197884992326,0.2676151026450426,0.2713249661587717,0.2688564002275409,0.2692988834864515
0.26807873308969643,0.26607754047972837,0.27050110424428175,0.27310479986007763,0.2668606215815496,0.2677078223664054,0.2707614455718748,0.27257200869871256,0.2690169089615655,0.26619100436780113,0.26844219811206566,0.26747502749543717,0.271200808557688,0.2687684982247025,0.2688362889470918
0.2686975466101147,0.26618905464688636,0.270332746531007,0.2733366753226949,0.26645689243497245,0.2678774557545426,0.27024436347819397,0.27220620828103276,0.2692463573239311,0.2663234337298155,0.2685860465085203,0.26756524034853674,0.2717341070919791,0.2683941996397825,0.2691569760803599
0.2682696306931124,0.2658755739569551,0.2703613692721933,0.27303954787026397,0.26663887513958956,0.26801649126601296,0.27043963237699614,0.27203775802180086,0.26891000067311216,0.26599774716493824,0.268475238236953,0.26799141209489336,0.27194140110833304,0.2682889657167531,0.2691470177257579
0.2685939031305576,0.26607717815221693,0.2704653200570951,0.2731003414360169,0.26657496247854295,0.26772836369817055,0.2702231299703477,0.27154215275885035,0.26840074344214915,0.2658204046152892,0.2687260648265417,0.26749137509916804,0.27151907302640516,0.2681468001664152,0.26846781015274096
0.268639088628671,0.26601475780055067,0.2702723375698046,0.2730255091705522,0.266232568617199,0.2678013327444009,0.27018070456498305,0.2713411381452349,0.268232435330773,0.26526557665019945,0.26892432732727883,0.26757551087173514,0.2711578044068839,0.26815115426104064,0.26806713333860316
0.26851219537320836,0.26555691753172184,0.2702998818953289,0.27267572873225376,0.26661513039720686,0.2678699709592562,0.2705832159543768,0.2709698647902843,0.26810406803885417,0.2648380062745426,0.2692074533139878,0.2673824390931254,0.2708646608135546,0.26811280689323724,0.2679669033990392
0.2677495653051378,0.2652438401660539,0.27009341421548416,0.2731699719924884,0.2672042310032247,0.26823518669073265,0.2707654047728888,0.2706019214207518,0.267902845862842,0.26469027522165384,0.26939506464782276,0.2668890147460604,0.2707173282889309,0.2681636003089629,0.2677173413688565
0.267376042279218,0.265509931350661,0.2697626481465524,0.27300306902575144,0.26693317725533766,0.26818018636117114,0.27097161097393635,0.2706258773953921,0.267283201636194,0.26515473651204546,0.26950285142054636,0.26676228103255245,0.27106958065652204,0.2676381581602824,0.26780670438243576
0.26689150014935886,0.26622557182394935,0.26962507153734677,0.2733196546654129,0.2667872468938702,0.26816663545056374,0.27132249881588766,0.27083249169630697,0.2667303537113627,0.2653664793402524,0.26903323128823253,0.2669052487122955,0.27122177401407815,0.2673259809438509,0.2678334723762899
0.26677238620857785,0.26636770733833226,0.2692467950480038,0.27290926190362846,0.26660986479170445,0.26801146808646864,0.27177378651019807,0.27010988439512906,0.26648758915656745,0.265145273176787,0.2686133883851769,0.2670273207321966,0.2710436711840162,0.26746697337725184,0.2679797496599814
0.2669198315085027,0.2659668689608771,0.26903583950702215,0.27280998448293675,0.266507335898367,0.2680735717466447,0.27174819876036455,0.2700369907326848,0.2664153995801536,0.26523214891025415,0.26878676277377533,0.266767198074042,0.27090853948191723,0.2676099812685887,0.26763380987769414
0.2670490373116696,0.26534458471522,0.2688164907281861,0.27245111580863934,0.26692873086441504,0.2676801178818002,0.2718513835381932,0.2696472980605836,0.2664422748607165,0.26565195901592964,0.2686725920000493,0.2671175083840316,0.27104407140541764,0.2673031609317385,0.2679377380802078
0.2673790494691026,0.26566939954844415,0.2687758276231707,0.2724500733103532,0.26700118730814143,0.2678375819347512,0.27185685721499,0.27008403743815507,0.2663342276925939,0.2654690646862181,0.2681737041450186,0.2669077881788657,0.27119457505246086,0.26736853420241025,0.26809056907567647
0.26761476897345393,0.2660191035108283,0.2685367406857228,0.2721142193860111,0.2671813156465096,0.2672619213104818,0.27147165799285444,0.26966655150907853,0.2658092027119435,0.2650306369242394,0.2682595176898685,0.26688571994329036,0.27079384809301793,0.26748301470642527,0.2679075136969484
0.2676084726782808,0.2657221300169135,0.2685149979204241,0.2721867877757092,0.26658267516203604,0.267080110734707,0.2716714333653368,0.26958982562918427,0.2658410278111951,0.2650801970288128,0.26782611360735437,0.267094827984701,0.27034618554120476,0.2672826539773654,0.26798870388212426
0.26743374950808646,0.26550691716482266,0.2686394088160199,0.2724933163300398,0.2666227493188577,0.2669088562850645,0.2716483611805678,0.2695360862927314,0.2659804406721473,0.26505829415936677,0.2683296263749671,0.2674804368645055,0.2700736373166245,0.2671795384480646,0.2677163714207616
0.26754127539085815,0.2651454460077693,0.2686033446620535,0.2727694666728551,0.26688198521148015,0.2669531003104695,0.2714791334022434,0.2699535612596542,0.2660880067317074,0.26545823158040266,0.2680444067350015,0.26721362236640267,0.27024926995933,0.2673955694892248,0.2676759902345418
0.26754785795282565,0.2652953179695058,0.26826889794966663,0.2727383465067013,0.26624952228205495,0.2668499745377396,0.27148078853250684,0.2698792490648905,0.26594668179661396,0.26568120768836206,0.26772609957350424,0.2672656002943397,0.2699532200228482,0.2673480119929319,0.26760819075820763
0.26747379878128075,0.2651232010275234,0.26829242277209586,0.273008086762132,0.26637214580180535,0.2664756785460287,0.27155607303498114,0.26953386857617556,0.26581267632513755,0.265834427762155,0.26761238173344315,0.26718357715528124,0.2703340506534333,0.26726892936298063,0.2676808161921754
0.2668398473347302,0.2652413842354015,0.2678937648003225,0.2728244299887701,0.2663514345629869,0.26658729833394446,0.2716735604791876,0.2695019808613959,0.2657922059054739,0.26573702914788216,0.2680192254157645,0.2671122683103066,0.27011704354281235,0.267414237165347,0.2679729246642821
0.266980319180576,0.2652267627745934,0.26815103273377633,0.27267918772978694,0.2662010365451856,0.26647478736449465,0.27161290244164565,0.26930239535645173,0.2655908716797789,0.2660992781498878,0.26772225834839636,0.26735775237232723,0.26983542754169804,0.2673537772656814,0.26784447545322304
0.266880869711897,0.26524240265312515,0.26776000191661387,0.2727786736081631,0.2660354882693659,0.26626883270414275,0.2711909199744754,0.2689606880805737,0.2659256557380537,0.2662685590631146,0.2675597297482766,0.26762978813977567,0.26978769252196444,0.26714538732720006,0.2679864556040058
0.2668824636391695,0.26513482257018406,0.2670674476986611,0.27268591561842465,0.26615603640514246,0.2665072886324401,0.2711149651931821,0.2687578800996644,0.2654538326929722,0.2662700862950229,0.26772631887316717,0.2673081929939837,0.26984424626694387,0.2671558602065777,0.2681416839496374
0.26689466515154436,0.2646295446952987,0.2668818700536493,0.27289138804233426,0.266140844312444,0.2665034570711057,0.2711641571047816,0.26857286915321266,0.2654821421368972,0.2665981446303341,0.2676111582235465,0.26699375854456353,0.26959558428208513,0.2669267272790956,0.26819902353478364
0.2668078599926965,0.2647846762546792,0.26672133766341277,0.27253120703029654,0.2659822686263202,0.26632480033168177,0.2714556809734684,0.26831760382634817,0.2657066778426401,0.2661828173861484,0.2674220208561898,0.26729222726702095,0.26953635413206756,0.26702985537329904,0.26830328736868475
0.26636663861559456,0.26476251267121165,0.26682186012424836,0.27267160554044606,0.2656107111455855,0.2662243072076026,0.2712064010843519,0.2681905755412618,0.2656649816405017,0.2662971123067725,0.2668718337909255,0.2671343616926021,0.26951903661272697,0.26689982577942223,0.26779987233539243
0.2662741666157235,0.2643128344090623,0.26674265100236594,0.27256118915104116,0.26570745051875494,0.26594532666554593,0.27127601906213455,0.26832734939966507,0.26604984237117546,0.26621205552135235,0.2668664098061208,0.26708794499562893,0.2692867294723102,0.2670109136044383,0.2677628841992624
0.26648658836732864,0.2645581164561084,0.26651577807467514,0.2724997514693213,0.2656407126796504,0.26607978832289136,0.27171497722015037,0.2685407317079876,0.2660686707834951,0.26590994413258406,0.267033193201173,0.2673081170193628,0.26901867367062327,0.26695949784076756,0.26752201625956784
0.26639103600356007,0.2643434665240394,0.26639402742856944,0.2720240685472217,0.26557050689366374,0.26533945350292326,0.2721530299641791,0.26858719907798057,0.2658681390662306,0.2654699002180672,0.26706066748095414,0.2670023152997144,0.2692474375462274,0.26695636071607975,0.2672883345590484
0.266468457327068,0.26442373284138637,0.2662642484330845,0.27235420206690425,0.2657539156321519,0.2649379904045313,0.2716481702478443,0.26830349592073854,0.2658573919894921,0.26560410236849086,0.267007834270473,0.26729546446424435,0.2691741221965968,0.26689720346181184,0.26650946001758735
0.26624982513252127,0.26446555231158675,0.2657550131884632,0.2721702584908575,0.2654326312636309,0.2651925601747916,0.2717288726297875,0.2681034554077144,0.26571432916457066,0.2652523458026586,0.2668415757624837,0.26733075567717063,0.26925415792284213,0.26654250662304785,0.26626058248277534
0.26648031956265966,0.26417870085046397,0.2660812626735973,0.2719493989125197,0.26554606029964534,0.2652049999101624,0.27159763713574236,0.26805895206371305,0.2658493876360526,0.26512261821175515,0.26649846747305195,0.26707147802690234,0.26919376026379244,0.2669390335537612,0.26613850310354653
0.26616506283615626,0.26415347106518583,0.26585969548341165,0.2719022275647369,0.2659761568493782,0.2650898349910315,0.2714779127456209,0.26773171604612206,0.26599207222944315,0.26572339173354986,0.26632585250466156,0.2670965096278599,0.2690200490538431,0.26709167440215403,0.26575969728014454
0.26605956539160763,0.2638159208176721,0.26600172758999646,0.27236532885154646,0.2654724723130721,0.26488250002305835,0.2710301936858445,0.2681497675587865,0.2657932916674716,0.26610429826621984,0.26642421482756257,0.2669790887695509,0.2692484103942811,0.2670353150009892,0.2652353422321877
0.26646153157987196,0.2636066140048945,0.26577238914367485,0.2722845536442502,0.2655168788405281,0.26466137484955554,0.2710326003259863,0.2681011225980287,0.2658081795631927,0.2659841897047982,0.2664887247359193,0.26688517714223164,0.26898039646910754,0.2672662003965528,0.26534022236149996
0.26647358364202134,0.263204377347966,0.2655696094931181,0.27232090575354884,0.26530413087724525,0.2648001105443649,0.2712669971884911,0.26814457341572473,0.26566595338969273,0.26609077197906333,0.26631876662628073,0.2669263895517844,0.268727259518768,0.26730514419702844,0.2649107853403311
0.266708248124285,0.2628514058345945,0.26521570194553434,0.27214352194167735,0.26557588722317077,0.264633167762027,0.27147692430896325,0.26814909617819277,0.2659667378814178,0.2659967629132249,0.2661346187104853,0.26673540068775026,0.2688747661041367,0.2672754919037957,0.2647674934808764
0.26673882581149716,0.2630022638792647,0.26512107350043357,0.2718638206786493,0.26575099087155246,0.2643617452581959,0.2717998869958927,0.2677022275315902,0.26586996148367,0.2661619070493746,0.26610659538133735,0.2664609095377715,0.2686897291017952,0.26685278975442533,0.26456412628041664
0.2667272885003415,0.2630408846744796,0.2651179898925902,0.27180277676076653,0.2656390215624516,0.2644586650069425,0.27151043224417476,0.2674535878446888,0.2660125098600981,0.26648205933045643,0.26601210385466084,0.2664521980922667,0.26867507832870474,0.266848369548316,0.2645962601562346
0.266658845830132,0.2629767694229557,0.26468090813117023,0.2722805587021925,0.2657543548221366,0.2641008142291437,0.2710033738733902,0.2673528598381109,0.2662496458097643,0.2662976591474155,0.2660101352063221,0.26662234279593894,0.26836457974123606,0.266566115944851,0.2642857342438197
0.2666129410653364,0.2630003513889544,0.26437888608295435,0.2719764025698287,0.26573342285225526,0.26411689482786116,0.27079744860309096,0.26770394511863127,0.2660883108031507,0.26613787157913543,0.2661220543163364,0.26665406290887644,0.2682285152968302,0.2670754780369561,0.2641880090444432
0.2664003683621771,0.2626237494633259,0.26421807679661863,0.2719861944319431,0.2656531142511247,0.2638036442074049,0.270676450201501,0.2676147594446505,0.2658205516119466,0.26601172096225056,0.2664931732599891,0.26654840810576275,0.2682039725234017,0.2670334934124261,0.26432818374158973
0.26629827969456,0.2628576322604847,0.2639274882221323,0.27187927352005636,0.26556840377394597,0.2638637187528684,0.2708631864355448,0.26785957323307424,0.26597653212926103,0.26564202223157196,0.26614809852485566,0.266698498222181,0.2680473265015415,0.2671393600586667,0.2644249230515469
0.2666749830291348,0.26273693893996447,0.26400431211003544,0.27206684289832334,0.26585235561513787,0.26403442965477597,0.27035733488807057,0.26825256333187153,0.26596496181082147,0.26561461869864206,0.26614529103552376,0.26690918047391116,0.26765671870036983,0.2668956421244738,0.2646682653216021
0.2663602623026042,0.26298431447801474,0.2637615034823589,0.27193194388286873,0.2659918139593256,0.2639663260081752,0.270354796931088,0.26798590056041066,0.2660947065758848,0.26596796092586683,0.26584995470381695,0.26713448814222035,0.267548067194651,0.26699851447945183,0.26463050347662614
0.2664620967986968,0.26283481903879724,0.26372861570608824,0.2719153831790095,0.2656643847865153,0.26416356162277066,0.2702366194234266,0.26797950516323066,0.2660595067689884,0.2657407088556352,0.26580986426025016,0.26720669536860087,0.2675503164459544,0.2670300740570175,0.2645900657260479
0.26656457040394,0.2628744487853576,0.26386907611835136,0.2717248512585546,0.26557174118823823,0.26414677933760294,0.27001991409114634,0.2677307549352779,0.26620660378260586,0.26577656546523276,0.2658363932807189,0.26704953476543947,0.26735543843046994,0.26708304126201443,0.2649142792131723
0.26640434674665947,0.2625272972162555,0.26410867373673624,0.2716345217717756,0.26557438511208703,0.26421858390482006,0.26969461386199045,0.26775284450146614,0.2662274155354341,0.26565019993031797,0.2654979613221514,0.26707514529001103,0.26732270385614937,0.26705615791759874,0.26490152280586055
0.2663423883847082,0.2627597219931515,0.26405889368026975,0.27165309112274255,0.2658417173796881,0.264075084000408,0.26934056580774607,0.2678279885825045,0.26643191434783203,0.26555310958512074,0.265754215020561,0.267236388658675,0.26759557659530037,0.2672327247671181,0.2650833103516928
0.2662911770536829,0.2628435110062961,0.26396609237645763,0.2716615247126336,0.2660991993961474,0.26385429754042594,0.2693027607962038,0.2677711425478966,0.26619984588992535,0.2657480621172949,0.2658605857914465,0.2673830702848577,0.26712393460317707,0.2673195561304866,0.2649849600521765
0.2665369568717023,0.26286249676143864,0.2639812625146302,0.271743088944604,0.26612012028413096,0.26367322488113887,0.2692523623092476,0.26733981199975293,0.2661644647977344,0.2658704102500645,0.26564337838405766,0.2672739832902276,0.2670900247010923,0.26742826704039646,0.2651431159441053
0.2666696505465226,0.26297198117199805,0.2639223706645515,0.2716711346304311,0.26610470612694676,0.2635955687982856,0.269045000927272,0.2674323772989996,0.2659485294384321,0.26589810859367236,0.2653829956511458,0.26730516209208693,0.2669953551878857,0.2674131701943259,0.2651744327169007
0.26667769811641745,0.2630757862972354,0.2641109638908074,0.2718169767013915,0.26603563854296236,0.26361038185118535,0.26927366057439533,0.2674505697771897,0.26600951740756706,0.26578677883979296,0.26553683862272603,0.26737163307953327,0.26672871406730636,0.26755001775828136,0.26502857182131256
0.26665871333196195,0.2627804703309882,0.26416675102317244,0.2715444155721248,0.2658001456826162,0.26402410680728733,0.26930151008457515,0.2671170792902825,0.26577219077265546,0.2655187744136975,0.2653534078431054,0.26762342809437123,0.26657755787842835,0.26740375297281377,0.26483362388847637
0.26693118083263573,0.2627424355927045,0.2640987402546948,0.27146384477595453,0.2657989162377179,0.26397005926015915,0.2692474131645855,0.2671230698634892,0.26581119375000334,0.26570708074192306,0.26548170424954787,0.2674184864973442,0.2667712067563422,0.2673056518668072,0.2647876832501563
0.2666709510232055,0.2628729891302676,0.264479208906676,0.2714869855667253,0.2657383391359512,0.26403162308084677,0.2694217113581906,0.26702710352144865,0.26584232431658866,0.26555376172412865,0.26542080247726896,0.2677583255090911,0.2668414195601769,0.2670783282869161,0.2648205823222696
0.2666971458273792,0.2627562533399116,0.264519923695424,0.27149698466222694,0.26536520973872424,0.2639561784749405,0.268850422567048,0.26680001215429855,0.2659081007316254,0.26546315043582375,0.26579785549014534,0.26775966712769944,0.26690043834289884,0.2669871538488062,0.2652798384129545
0.26665881601189745,0.26302122786928656,0.26468480142371903,0.2711053474183865,0.2651575128419647,0.2639307018899017,0.26876220990761246,0.26683527654473943,0.2662730673806908,0.2654926618613337,0.2658796678478701,0.26787465790948856,0.26699339307792685,0.2668889386541234,0.26494114435804794
0.2664516611763352,0.26246615700633125,0.2648632342990346,0.2711475065972394,0.26506377936921666,0.263853420785192,0.26876964364387795,0.2665791912138951,0.26606078930778515,0.26532819939183666,0.26594733223201783,0.26774363270718143,0.2666253759325499,0.2668968638589116,0.264868344028028
0.26660543389071406,0.26253342551245734,0.26468949304719647,0.2711232154572691,0.26495018673964027,0.2634678139517916,0.2687799698851693,0.26656786053134923,0.2659004197817515,0.2652051758706071,0.266018297478489,0.26791566066610906,0.2665017095842952,0.2667390215834766,0.26487256839365786
0.26669246208422376,0.26242828511945426,0.26440894566115425,0.2710500599698113,0.2651175961317052,0.26339112579983054,0.2689286534547164,0.2668109581929276,0.26602432898884815,0.265250820535318,0.26614604467606234,0.26826225297658896,0.26682646359061746,0.2670443572266012,0.2649321167201872
0.2664911447302898,0.26253092476816536,0.264469846323154,0.27082632832967407,0.2652501080778468,0.2632914007329764,0.26900246145929835,0.26682684153042524,0.26575283834872093,0.2651748713634371,0.2660150322806538,0.26807560792063545,0.26695547792759955,0.26739524788496966,0.26477425417838063
0.2667610537515512,0.2625757682565501,0.26435597284710605,0.27063568677148153,0.2652934776263885,0.26317869529867166,0.26931668360874367,0.26704326715900156,0.2656049935711179,0.2651976977384384,0.26596864737231485,0.26811469681330674,0.26667583333522804,0.2671563933537878,0.26488784235842344
0.26676103204755086,0.2626296818037203,0.26425341680068765,0.2707057719620164,0.2651300917832622,0.26277617429853156,0.2695863393777995,0.26693369178773696,0.26553772289623057,0.26516646903620344,0.2658479537350044,0.2683177916733472,0.266515929626656,0.26717088658500193,0.2648007196072678
0.2666756992121893,0.2623007143957279,0.2643817241722128,0.2709652636826427,0.26493880017609106,0.26279968328954184,0.26959296490094214,0.2668768909269534,0.26547051145245826,0.2652918685994915,0.2656589120244705,0.26858041534491756,0.26628105377858285,0.2672736521878416,0.26492149065636844
0.2665776916555061,0.2623583395495759,0.2644310353210212,0.27094762404193706,0.26510163686217353,0.26259246866597574,0.26939692777562174,0.26701896288489757,0.26565660783507994,0.265315658970451,0.26559504341886925,0.2689187739472269,0.266382891606866,0.26738353752252786,0.2649918479144983
0.26654928035655245,0.2621541101479553,0.26451796819635276,0.27090234274267777,0.26484409307539136,0.2625734434293903,0.26916022908052,0.2671588621987441,0.26559528055851067,0.26541244755453364,0.2654875482131351,0.2692214831703841,0.2663832826970902,0.26732192585270337,0.26511308859213023
0.26675388554382656,0.2619780871700062,0.2645556663850132,0.27067640819218075,0.26505274247282645,0.2628284883169143,0.2689812155306132,0.2671052618363199,0.26544323780485535,0.26566226951344035,0.2655738485434247,0.26929740699105437,0.2663851222473917,0.267416376111738,0.26505672574838274
0.266631256314751,0.26188651358978904,0.2647505911249809,0.2706502803186752,0.26513382982414624,0.2627584984660699,0.2687732559341984,0.26714183155813215,0.2654057540338014,0.2656004821906001,0.2652604036635609,0.2691120490717567,0.26644127921796346,0.2676098262423399,0.26471893925101564
0.2668019984497619,0.2616911821867836,0.26471264249837323,0.2705091742250561,0.26506031991376633,0.26271398848077615,0.2688975146143168,0.2669737476573854,0.26531842624288177,0.26593326252596644,0.2651150470479132,0.26892534898896836,0.2665827820860003,0.26761511093862594,0.26449164153218724
0.2668863601626823,0.2617252821786142,0.26454296363145785,0.27047167991010995,0.2651899148043461,0.26270827569800553,0.26917877106936955,0.26696285723532603,0.26526191792912224,0.265979267494784,0.26499326486563485,0.2687791378842613,0.2664558636741091,0.26763960792596286,0.26447273205976013
0.2668078403534678,0.2619344166477432,0.2643578734961894,0.2704743633135672,0.2651383445398342,0.2627495202381026,0.2690219800110386,0.26691931057777096,0.2651386561005202,0.2657909857883874,0.26541879717292627,0.2689605585203276,0.2664451450650975,0.26772004902960134,0.26438902082708343
0.2669604633537784,0.26223167933195884,0.2642981715753934,0.2706308744041241,0.26526437030942607,0.26262439243139934,0.2685889056437401,0.2669491806167947,0.2651174288422361,0.26580052575933244,0.26529606180031384,0.26903750715334285,0.266823594191393,0.26749732350027794,0.26424990108832175
0.2671133512597698,0.2620474120101802,0.26411883925353596,0.27038164988301877,0.26526989502755677,0.2628130396743806,0.26837073324162564,0.2669324612632885,0.2651082979023133,0.2660150397693368,0.2654900765181366,0.2688801177041069,0.26658531296980686,0.26739331420868645,0.264480902702312
0.2668843921214085,0.2621375913700145,0.2641528045175092,0.2704418873086221,0.26540609530303827,0.2626473290350782,0.2686254931733122,0.26678491845234303,0.2651872024366569,0.2662052090058282,0.265853394865796,0.26868323885176243,0.2663742419836695,0.2673355099950716,0.264573136053423
0.2668253719686393,0.26239829644749485,0.26413053068723275,0.27069343206585633,0.2654543313570711,0.2626357283290763,0.2687743632044952,0.2667049410990712,0.2650260217424488,0.26613880048761607,0.26606003406037243,0.26864197403078277,0.26659910200088593,0.2675642828582618,0.2647364452231809
0.26697356106709763,0.26222694558569565,0.2642478234270805,0.27076197833920296,0.26546321686671137,0.26257218609663435,0.2687068499667264,0.26668185031068276,0.26529731027169523,0.26593837996890385,0.26577129887462037,0.2683374150252937,0.2664573943959239,0.26730947225524765,0.26473136225409305
0.2669198409456018,0.26238519865856935,0.2643580891602337,0.2710220328006676,0.2653857573021291,0.26268044463781337,0.26860269282379484,0.26659203784005214,0.2653407677863099,0.2656802837561629,0.26561424088364016,0.2685126237815321,0.2664801559360775,0.2673296657309967,0.26455983709292014
0.26702854303650436,0.26228677125178435,0.2642438287485672,0.2707542390113208,0.26588378950955716,0.262571148141579,0.26850230652080664,0.2666082133172811,0.2654726818207303,0.2659122649012767,0.2654182876508595,0.26836511105754063,0.26647450433452813,0.2673577076771009,0.2641949231587172
0.2670057605066573,0.26226933280376413,0.2641721771496967,0.2709081568043202,0.26588998077150866,0.2627898828983673,0.2685475476595913,0.2665852045757265,0.26542493567799785,0.2660270724274515,0.26541045319695383,0.2684357012775122,0.2665150750184144,0.2671535336224409,0.2642303306764468
0.26691777299807007,0.2619684715476766,0.2641281644578844,0.27096433562103966,0.2661026623036301,0.2630359355017124,0.2685164670875519,0.26638628521257185,0.2652443976049485,0.2661095502080948,0.2654285663737978,0.268371885464014,0.26643453158681335,0.26705949625016273,0.26434890603457134
0.2669269712137475,0.2621420291008783,0.2643912690951223,0.2710383284608891,0.2660721298948438,0.26300116910351756,0.2684389032889047,0.266378165825553,0.2651316545665942,0.26615116705963376,0.2654419955472858,0.2684967988502642,0.2668323594173937,0.26682619361241827,0.26449204900144013
0.2668493647302704,0.26228352576383634,0.26431030336765615,0.27127584307048613,0.26626138753791756,0.2631207885127202,0.2685115466616948,0.2665245978354087,0.2652380630772062,0.26638964952431693,0.2654517229650979,0.26866026034944324,0.26679335673775556,0.26680303754496404,0.2645481880330325
0.26718867554529047,0.26224112208464295,0.2645349809480723,0.2711439486684759,0.2661697076876621,0.26303570803975845,0.26851392343277586,0.266579218420018,0.2651594056872426,0.2664241869414848,0.26542110515652817,0.2687633000811056,0.2667461432080609,0.26670334218825287,0.2644355268004589
0.2672868550678706,0.26220303655591726,0.2645183768096591,0.27150313158147166,0.2660200808767539,0.26303717637106194,0.2686419250644556,0.2667104653268572,0.2651088008071599,0.26643214181409985,0.26548934955438674,0.2688390379616675,0.26671931272351973,0.2669498356766011,0.26454227073593345
0.2674383254481555,0.26229353738284755,0.26443845007166894,0.27142402826834566,0.2657909278040448,0.26295592402861523,0.26848231283635,0.26717643603639774,0.26509926715982407,0.26656317625341147,0.2655211097296967,0.2689843050125501,0.2662663806469279,0.26701509858952055,0.2644989435299458
0.2673228311961493,0.262196824648542,0.2646094554147963,0.271482270199485,0.265900423402108,0.26325053091340467,0.2686166737160859,0.26704863492863185,0.26535156007447525,0.2664813099462108,0.26573381259627527,0.268894264480959,0.2663635709017741,0.2667149015568392,0.26429491235367814
0.26725307689257305,0.26192366603475115,0.26457662257784237,0.2715061908977751,0.2659002051021978,0.2631646572042152,0.26818750332754426,0.2674618323583884,0.2656580097130872,0.26654881204103165,0.26576693186402817,0.2691188861173456,0.2665131271121094,0.2668553732622396,0.264713649348208
0.26706942837015313,0.2618898873087272,0.2645667983033341,0.2714309543845756,0.26569502559369257,0.26305066346288447,0.267866748589425,0.2673533644702793,0.265648041234777,0.2663576692090668,0.2657259416800305,0.2692740800462497,0.2664585432249752,0.26708635982509316,0.2647335752856615
0.26702486615897575,0.2619730819332378,0.2646566637541242,0.27154058784103385,0.2653357311504045,0.26287684862810157,0.267605254913205,0.26747232257796827,0.2656902965557019,0.2662019391330756,0.2657275321392576,0.2691999654315231,0.2664539821482936,0.26719013953413107,0.2644925754094397
0.2672045207585586,0.2617104769936721,0.2646756846368398,0.27186825882606125,0.26521904200812535,0.26280252858289094,0.2675041135733939,0.2676605502640167,0.2655630064536031,0.266070102512524,0.2656084371617169,0.2688820350773744,0.2664036107059236,0.2669761942122026,0.26447251962307694
0.2673604632791836,0.2618771620553167,0.2644582344837213,0.27167576114609654,0.26516908903069103,0.2625686481332867,0.26730035078588377,0.26760169628594216,0.26547281099740566,0.2661033956652552,0.2654908114705434,0.26867462071679804,0.26668416696451086,0.2670260434698162,0.2645272165131291
0.2676404426430038,0.261927403116929,0.2642874792135791,0.2715951465591528,0.2651716083567267,0.26282912423815136,0.2674118156620689,0.26732295701178893,0.265339171836392,0.2661490717668889,0.2657277725510412,0.26869428402948825,0.2666766948988112,0.26728747725242935,0.2646161835300558
0.267885346804902,0.2621603207038957,0.2643393801959841,0.2716840352777798,0.2648287675782491,0.26276522932951674,0.26711721139409317,0.2671472404057243,0.26522168517599637,0.2666878893083524,0.265629107025604,0.26886938279843664,0.26668651049197767,0.26711961265095624,0.26475310102937305
0.268061855520271,0.26222744641444673,0.2643770570382629,0.2717496876499505,0.2649463849379225,0.2627534704499902,0.26700130240387715,0.2671833806124199,0.2654529989227428,0.26648302402686735,0.2655967330498069,0.26889204417291535,0.2666311523235856,0.26712795046199833,0.2648225954603538
0.26813289453155215,0.2619767202282084,0.2643286156364951,0.27197058700135357,0.2649158693323636,0.2624594234918815,0.2668247614349363,0.2672293577422967,0.26543225224920897,0.2666913455825161,0.2654330102266784,0.2689145529161478,0.26660665134319145,0.2670493180459678,0.26465828968006566
0.268071168682165,0.26183650367161115,0.2642598562523052,0.27187688179395814,0.2648147813455508,0.26249349618124423,0.26687631839054643,0.2673006285207489,0.26539449239557417,0.26687765696797516,0.2651761761940164,0.26878122198246074,0.26685437372163345,0.26691975232965026,0.2646533270965615
0.26808937909906944,0.2617623887160669,0.2642894834524658,0.27189816575350123,0.26475129344922377,0.2624785926529114,0.26654083702929354,0.26762955352248236,0.26518414524420153,0.26681114235307457,0.26497557636807184,0.2686873983393786,0.26697823122428643,0.26698078401778336,0.2645583588754303
0.2679852650671702,0.2618059298922912,0.2645393681196922,0.27185537450018465,0.2645178041512753,0.2624251542989713,0.2665325728577295,0.2677795124847368,0.26513133738934336,0.2667555013399508,0.2648985361915612,0.2685581923735807,0.2670686575923737,0.26675581235387663,0.2645956199495838
0.26781259610417696,0.2620187235356968,0.26495257206994927,0.2719998757052431,0.26441714143329037,0.26233684832713716,0.2666410074565845,0.26795911072341105,0.2650511562374115,0.26663073875035753,0.26487279334360675,0.268426496885519,0.26728190204989616,0.2667537803002465,0.2646777635833391
0.26781423067999005,0.26200518189496574,0.26497421507833147,0.27223981304560707,0.26458310535465107,0.26246653109257895,0.2664702177314782,0.2680140842937877,0.26511230120698065,0.26651099624477825,0.2648442957874265,0.26847889041524425,0.2671214395487767,0.26685654822569366,0.26461443212308244
0.2678792294920894,0.2623383317582826,0.2647575078766896,0.2724190170677156,0.26462828356243595,0.2624642344194404,0.2664985305665019,0.2679993992952299,0.26515834206536293,0.2667805810618031,0.26484591450571615,0.2685967057043664,0.26693874395757616,0.2669323847861325,0.2646864418050442
0.2679248211759724,0.2623913850705363,0.2647199732348307,0.27255459292338774,0.2645266726165205,0.26274587163498175,0.26645050402729836,0.2680230463721958,0.26528172123304206,0.26672635410140094,0.2649865994404652,0.2684556745467801,0.2669190139757751,0.2669458052760643,0.2647816225829017
0.26802307114309404,0.26237195086063864,0.2645966678026463,0.27247359806970134,0.26489496323277884,0.2630300182150633,0.26623234285900654,0.2680119390430601,0.26508481836920855,0.26672559307508653,0.26513349524996066,0.26857799363896084,0.2668447347195658,0.2667554844606957,0.2645728832979115
0.268123870100074,0.2623821192980041,0.26454293134916984,0.272431291697141,0.26503499023760174,0.2630731919921022,0.26645705215290216,0.2681450693159726,0.26516605076562744,0.2669639083056285,0.26507733284440865,0.2685949630590919,0.2668418047665372,0.2669089698007332,0.2645595746525164
0.26821059106189166,0.26245779871859337,0.26457025691486874,0.27243760368990844,0.26489458496123575,0.26324527639045436,0.26646352981476484,0.267902442819709,0.2650946880579521,0.2671345730634018,0.26523281552096106,0.2687488651895082,0.2669898678722407,0.266986762340499,0.26471833431106073
0.2683651156852624,0.26240433925962864,0.2645560400923699,0.2724931073811843,0.2646880609584114,0.2631472712690876,0.26671220151530406,0.26779385043270443,0.26505519180552806,0.2670229550770102,0.265260432577315,0.26871631287863873,0.2671419412952436,0.26697570211252164,0.2648141740446178
0.2681517419213521,0.26261832008463015,0.264415626841335,0.27265974082973865,0.2647298660848688,0.26312069019134227,0.26665401467386735,0.26774386366634256,0.265151556433909,0.26714021967340307,0.26532047476860315,0.2684700155909444,0.2669949614048159,0.2669762313730173,0.26493410448933347
0.2681774176763582,0.26246489522758737,0.26410053709604714,0.2728139677982642,0.2644874851192375,0.2634217623646613,0.26689745523096564,0.2674954587177071,0.26521150712895714,0.26720813740529664,0.265527899184046,0.268535784636386,0.26722420965818094,0.2666686921958361,0.2652562642054008
0.2681273428788311,0.26261175987488433,0.2641914899252489,0.27259196117307827,0.26440731126933936,0.26343564528293983,0.26678635542886026,0.2672186284701386,0.26503915288343194,0.2669187766922454,0.2654984452458344,0.26857427808952683,0.26726130678232596,0.26678681922907854,0.2652782383898193
0.26806892602453763,0.26247929301000716,0.26416820833207383,0.2727057721940665,0.264142942931309,0.26333143053532887,0.26665457577939256,0.26717254830127213,0.2650413634842232,0.26707484986693325,0.26560248853465224,0.2685958444647577,0.26722517587126504,0.2666667537912438,0.2652915529180577
0.2681158401783289,0.2624413815526982,0.26397091766614916,0.2728440740542999,0.2641349164758318,0.2631967012047887,0.2664587598437938,0.26715082333514206,0.2651362481284589,0.26708820345136064,0.26559194120615975,0.26846461155671036,0.2671549221649381,0.2668731405564938,0.26546492868441535
0.26825449938152635,0.2625219090108942,0.2638503695601822,0.2727397444526098,0.2644912459343195,0.2632280730922468,0.26628583308400056,0.26714754784654376,0.2652503143173144,0.2668479263520872,0.26548199870529854,0.26823656759517817,0.26710505134357776,0.26702280612835605,0.2653037684518777
0.2680145858999,0.2625155808664746,0.2639483278508648,0.2730209707566563,0.2643684142832463,0.2633453487169544,0.26618989075774424,0.2670413995042013,0.26520480788415685,0.2672175438133494,0.2656136311356141,0.26823309948313157,0.2667501785948822,0.26689961509890897,0.26533965292850564
0.2679371761830799,0.26258394594245077,0.26385291448482906,0.2730320612811007,0.2643603149859556,0.26334188780613765,0.26640622698535366,0.26704228919317063,0.2650554324269886,0.26724391971664585,0.26573773061967493,0.26836884893676316,0.26695974198881867,0.2667103944905342,0.26528210298435884
0.26793625142126914,0.26260979272872054,0.2638206077010951,0.2730236957420349,0.2645239391846659,0.26339726697865407,0.2665432175883774,0.2670626437541398,0.2647677412689546,0.2673153686265916,0.26600498095831643,0.26826897439259656,0.26688896402729456,0.2668612838422056,0.2655164662359467
0.2679160552915394,0.2627528415293134,0.26390954226948304,0.2728637712407672,0.26438519205905564,0.26324119439937194,0.2666658181966451,0.2671187838621376,0.2646820042777335,0.26732721453776404,0.2658084871073961,0.2682302357844822,0.26711141774285246,0.26684605585364923,0.26559992757135237
0.2677502683379239,0.2626510060294898,0.26398129209405263,0.27291032091612505,0.2645110705363454,0.26348057206117337,0.2665538723360029,0.2670537462138582,0.2644333754137491,0.2673582331702758,0.26590279232330977,0.26826763200457493,0.2670532548753802,0.26685565152024426,0.26536167211941686
0.26757555697035906,0.2629657694184826,0.2638404799809438,0.2728726334618258,0.2644650285361988,0.26336905877095595,0.2664697041431805,0.26727060895274446,0.26425962978208345,0.26741746216465195,0.26593683842420207,0.268148520455147,0.26695517400625474,0.2669465738114783,0.26523875203323555
0.2674831795685685,0.2628429853267327,0.26390994222193215,0.27294149691022174,0.26475272501419783,0.2633579456509849,0.2661860660846673,0.2671899256808519,0.2642708214792613,0.26738938803212536,0.2661519238232739,0.26800538070565766,0.26685562484506936,0.2669384986858665,0.265351460327759
0.2672352620654712,0.2629135920188901,0.26383743095230966,0.2726705318047934,0.26470410502314384,0.26348359834472274,0.2661805813227053,0.2669565037240859,0.2641703068421852,0.2672662038223245,0.26620438268349866,0.26818854370377937,0.2667890346571277,0.2669641938231468,0.2652670711430225
0.2671244242316603,0.2627592148676856,0.26388042594898614,0.2725870042479757,0.26460200578451837,0.26357200230499794,0.2660164348518252,0.2669668528188714,0.2641335774692332,0.2671735202510709,0.2662362906942969,0.26814569237322927,0.2668631856376541,0.2669617939792244,0.2654693719303046
0.2673294512321403,0.26292031607307065,0.26372760195952666,0.27260896881191043,0.2646155683341049,0.2636023206363808,0.2659549353646833,0.2669353369976952,0.26420652969029684,0.26734978564261325,0.2664530497440609,0.2681079647132831,0.26694910680294515,0.26702318351501614,0.26561833841976207
0.26760830251711787,0.26272163187635217,0.26366384931459097,0.27242902335889746,0.26483737707709143,0.2637524509914591,0.2659006046158793,0.26688354467757697,0.2642149297019564,0.26734019660061326,0.26645100920847825,0.2679922239896705,0.26713868733810653,0.267098089155067,0.2655893930441779
0.2678782934457019,0.26273413946919955,0.26376603948521027,0.2723687874654118,0.2647236300317409,0.26367384665517546,0.2659803278632885,0.2669190567704811,0.26428584390651244,0.26738776664766034,0.26650410328753615,0.26818183948956026,0.26722248355502837,0.2670976357514609,0.2653503908858351
0.2680133281134025,0.2627745757196125,0.2636790747349469,0.27233812144388136,0.2645452252726356,0.26353771114710617,0.2660950324020268,0.26678947222497246,0.26417503237570183,0.2672168900335203,0.26631616536539715,0.2682462959147573,0.2672432698834315,0.26707787706250485,0.2653546897999346
0.26831027563144716,0.26279959480751447,0.26367920747415474,0.2722476271119153,0.2644418949749652,0.2634287641451931,0.26603888071370463,0.26669774891594294,0.2641330791513892,0.26706304749768617,0.2663006103563343,0.268225255296376,0.26738624390404325,0.26696540667115015,0.26530128450730556
0.26857301179547555,0.26289439614445587,0.26357915326554077,0.27211395660375043,0.2645965788281289,0.26350226851080377,0.26587212550256256,0.2666081208263046,0.2642168273293751,0.2671909028634146,0.26635452356289047,0.2681233915863301,0.267188748309842,0.2669460112149733,0.26544366443075396
0.2684538242236369,0.26315032307452485,0.26340554876936273,0.27200162010610407,0.26462079973149616,0.2633594602072858,0.26597217990527794,0.2667033476098893,0.2641235481594392,0.267324224639133,0.26617996694477564,0.26826857789414077,0.26719252665339743,0.26695591926631634,0.2653013794540257
0.2684763790556698,0.2631178705243735,0.26337927383161736,0.27191831184944865,0.2646222875240021,0.2632686248482866,0.26582037118033075,0.2665203124535802,0.2642994844286072,0.26728310192204946,0.2661884806754342,0.26830721818107384,0.2671607063853941,0.2671563922754744,0.26539357585892404
0.26842181144849253,0.26329170085971826,0.26336230535449967,0.2719578711431869,0.2645564769061181,0.26331963141150183,0.2657157234277841,0.2665639349213369,0.26433277985317016,0.2674201200146423,0.26621303948007913,0.2685247921596821,0.2672369547328027,0.2671698824288233,0.265529167946733
0.26839867807416856,0.26321009479773166,0.2633103921787174,0.27200683900952843,0.26455618445613177,0.2632190457422656,0.2658301608215317,0.2664840691708774,0.2641374418698392,0.26745163170112757,0.26604572398275284,0.2685648257722014,0.2671033722186297,0.26692514584451227,0.2653676863804871
0.26855223290122326,0.26319784654790507,0.2631183255349245,0.27195476174932326,0.2646379149188384,0.26320968342464995,0.26580262683522354,0.266556989924756,0.2641077906451526,0.26741834045335483,0.26589399049699636,0.2684668023887284,0.2671909362719024,0.26707574649209337,0.2652547521965
0.26850337515895684,0.2632297332387387,0.2629060889778682,0.2717940774066767,0.26462828328148397,0.2632267750330194,0.2658588936538574,0.266452961228314,0.26427092560526844,0.26726954259675495,0.2658577698305356,0.2686921987190813,0.26711280076071475,0.26710261031794075,0.26523642469192116
0.2683991312348048,0.26314604153946725,0.2629894393961739,0.2718178638533948,0.2645570034765515,0.26313814920341655,0.2659551728844537,0.2664118573570864,0.26405421786095595,0.26709506517924203,0.2659093016383259,0.26876654146811824,0.26702001818823745,0.2670697150562896,0.2652954963435975
0.2683599950226852,0.2631695731131217,0.26305628437057876,0.2718568360201948,0.2644952318224618,0.26331325934463995,0.26599474914456506,0.2664712690328661,0.2640921440220853,0.2670204707084823,0.26602768812565697,0.26880840181657367,0.2670396889135375,0.26713965443056825,0.26532010781074783
0.2683475809289321,0.26313534422661,0.2629219906874236,0.2717609429335209,0.2644193048219136,0.2632026663601763,0.26612723274292316,0.26646943461437,0.26412433393236484,0.26697494309624215,0.26622297013173124,0.26895776632607477,0.26702987263858563,0.26692263502839003,0.26522853143395003
0.2682220525932833,0.262904136426445,0.26305720705004615,0.2718835006098566,0.2643268772677794,0.26310448990757607,0.26635389995721426,0.26647891057689915,0.2641590678103056,0.2669113986235418,0.2663202140278441,0.2690015713991694,0.267089073752534,0.26689413428147946,0.2653203858356766
0.26823357660953656,0.2628781943384633,0.2630642897591342,0.2719069473332915,0.26431292577566534,0.263059469336452,0.2664348677107006,0.2665886055034377,0.2642272663500428,0.2669173761203615,0.26644788386616575,0.26900815608494216,0.26725127450431546,0.2668220133191453,0.2653904883031912
0.2683525899541612,0.2629407371697319,0.26339662107483586,0.2717721925308534,0.2643971248655464,0.26312259574293273,0.26648578413395596,0.2665761816990764,0.2642533801845464,0.266740677458246,0.2663733984220621,0.26896688486119985,0.26734754758474266,0.26700215212644823,0.2652977396798767
0.2682970556063592,0.2630448957883448,0.2633388710999918,0.2718243449699853,0.26422966912099216,0.26329617257476207,0.26634041740435943,0.2666348497991951,0.2640659656607568,0.26676444448962844,0.2666362991522194,0.2688701013220922,0.2673196068715849,0.26684659840270897,0.2652084215670856
0.2682317045259535,0.2630929353449554,0.2633624554035909,0.2717798141547294,0.26407231601870196,0.26328013570510167,0.2664584133963858,0.26701787119201076,0.26399647032325946,0.26677112963167077,0.2664842873860939,0.2688910709337145,0.267274651175584,0.2669878388396324,0.26522414251305737
0.26837306265338895,0.26300728418908415,0.26340953771982933,0.27158913198960943,0.2641832927849063,0.2631749317330781,0.26631989024768155,0.2668590362212486,0.2641179932236138,0.2665188464540923,0.2664099496777861,0.2687064249958795,0.26731891558715287,0.2670785793527773,0.2651377830490385
0.26841224523773316,0.26281320664502583,0.2633074049927421,0.27183685131793517,0.264173069964177,0.26314166846351433,0.2661398091090201,0.26655450660220464,0.264080753445652,0.2664872811410631,0.26636798441775306,0.2687997300644202,0.2671246554979586,0.26719286272624976,0.2651050252747317
0.2684297437123657,0.26313494767253137,0.26344221077025526,0.27165695566296993,0.26408064554565724,0.26328324393486685,0.2660812999551433,0.2664250454479786,0.2639601710222853,0.2663922409773862,0.2662789328278775,0.2687170007019984,0.2670349158788141,0.26700976353032,0.2650798510623935
0.2684157886458167,0.2630512833978964,0.26341628847175136,0.2715235558050818,0.26402612803837305,0.2631033444993741,0.26605925935719266,0.2663673227286137,0.26386379764808476,0.2663850483339111,0.2663932300604614,0.26868130375039356,0.26713183589815104,0.26697318707472767,0.26522527281039937
0.2682115513427268,0.2630904068383712,0.2632869738370549,0.27147669769735794,0.26416955762276134,0.26304363956267957,0.26611875179891875,0.26645744702691176,0.2637649147024359,0.2664656959672494,0.26638157450700634,0.26857226899001263,0.2671695896143527,0.26706712816596917,0.26547435360306004
0.2682424749962065,0.2628509982650354,0.26314335468032707,0.27149339327277006,0.26433623964089464,0.26294335833479054,0.2661111696436566,0.26636183372565947,0.26362264106409805,0.2663294432876396,0.2664053984522535,0.26856978148941707,0.2672205685593295,0.26703211174687935,0.26540114137339904
0.26841379481843264,0.2627040223129392,0.26325722092031517,0.2713449113736583,0.2642480808922562,0.26282720109745056,0.2660506585433717,0.26661182943277095,0.26360552444368296,0.2664226329160126,0.26641994954610426,0.268632859375412,0.26701876412025466,0.2671078122685367,0.26550968643933237
0.26840952321304984,0.26268320768681075,0.2631511530753709,0.2715477542272076,0.26424014116117767,0.26290076022468684,0.2659866632724468,0.26670507122274334,0.26359068357058735,0.2666179088907096,0.26644852154980175,0.2687575985775859,0.2670054846124927,0.26715472087997794,0.2655785649221892
0.2683079326636167,0.26264145149674495,0.2631172987984694,0.27168808876760875,0.2641224766854022,0.2629660686190183,0.2659541403676162,0.2668109510537631,0.26348835630196765,0.266647086069157,0.2666147876867968,0.26858096693005973,0.2669312467431233,0.26729315195774817,0.2655974955461145
0.2684677491188758,0.26270576836688025,0.263108381957182,0.27150274400377417,0.26432917823822594,0.26271261915930755,0.2659853452488514,0.26697702090034064,0.2634541278585496,0.26654403452225206,0.26663726689869555,0.2683653662346517,0.2670739567044002,0.2673136856723962,0.2656087063313973
0.2683678847879048,0.26257141148660634,0.2629968077749327,0.2714455351932753,0.2643055587984546,0.26265769927564,0.2660966586058703,0.2669333942732265,0.2634601479361261,0.26637631607822115,0.2666949284238534,0.26827286487514906,0.2672292758235173,0.26731512192097434,0.26555252722746636
0.26837451912653476,0.2626579221630801,0.2630011869545409,0.27145574768157005,0.2642057934631613,0.26268197783892455,0.266188821406561,0.26671713805815556,0.26347815006411074,0.26631772515489355,0.26675338671167687,0.26815970805341904,0.2671084251536122,0.2674238595712162,0.26564068715488764
0.26824454091374617,0.2626839405058972,0.26304091317699435,0.27156161135897516,0.26416731362832696,0.262611751296373,0.2659833530625599,0.26668278251417105,0.26346953283626023,0.2661926152924671,0.26683087751547063,0.2680715598012121,0.26716829478215554,0.2673182121185427,0.26562775131618044
0.26837751208285066,0.2627428885323151,0.26318520730574013,0.27151609018724443,0.26432317022181373,0.26252692617127477,0.26609295150836115,0.2667716038832442,0.2635266835645197,0.2663586842373859,0.26668610053564973,0.2681049711048061,0.2672789833042552,0.26725257006676567,0.2656183749742873
0.2683322821975288,0.2629891255122537,0.2631818435193542,0.2716505874851892,0.26428867265914596,0.26231959340341715,0.2661276307607159,0.26682956730418506,0.2634268349696605,0.266213768087159,0.2668396848304794,0.2681047167980207,0.26733933451561986,0.26747626762810595,0.2656070778745816
0.26829764908483344,0.26292836137138975,0.2635392122323413,0.2715107062150959,0.26444668490034057,0.2624678432434457,0.266104736318063,0.26696761287064774,0.2633679035225506,0.26620665469543153,0.26690316178271795,0.26811003267749506,0.26714887337111026,0.2673746732364811,0.26566745082818977
0.26855519537255995,0.2629058579675468,0.2636949877371097,0.2715015620583667,0.2644973404890192,0.26266968275321567,0.2661918508287259,0.26700691644794544,0.263373067434731,0.2661290267616284,0.26698206593354523,0.2680159805197378,0.2673296157716486,0.26720404764230954,0.26559835789826103
0.26858527152803785,0.26295259476567096,0.263596007809791,0.27141319724523144,0.2644043914428418,0.2627509152263349,0.26602760969757955,0.26678585726467163,0.26328904744654924,0.26613851742090233,0.2669917235447527,0.26804592445251074,0.2672753885310449,0.2671516215885515,0.26554860728681834
0.268432931003481,0.26290822600589003,0.26361811568127375,0.27134643237343087,0.2645583205031247,0.2626386731624771,0.26604321323024444,0.2666469392819606,0.2632193516694173,0.26618641736669224,0.2668083167946122,0.2681196790901081,0.26733371145060064,0.26713060327865124,0.2655988369144859
0.2684025139619745,0.26284847024901004,0.2633072724807295,0.27148242309894316,0.2643989790501937,0.2626217064134502,0.26611367725995067,0.26655903403616216,0.26343750992568016,0.2661754957921522,0.2668730292297444,0.26807143687933227,0.2674209249390706,0.26722614378254317,0.2655560441302594
0.2685503529543432,0.2626279053740293,0.2632216294420575,0.271455777696908,0.2644091100354016,0.2626143282468936,0.26607746507452623,0.2665301998389479,0.2635253214068391,0.26608478075544484,0.2669229338361389,0.26804867133298443,0.2672853890951659,0.26725753505012656,0.26561428756050887
0.26854493264507584,0.2626408078803107,0.26337769401130073,0.27154372042471225,0.26465367412808394,0.2626414995920003,0.26579570335957686,0.2665493058903042,0.2634306596009635,0.2659232327046815,0.26700723072271515,0.2681192061569689,0.2673616115774837,0.2672834173946998,0.265427115756499
0.2682532573174618,0.26256975494604273,0.2632976489737317,0.2714426469998639,0.2647496606292373,0.2627445103537058,0.2657743412885321,0.2665388112649577,0.2634982966883193,0.2658050822644958,0.26691747829891654,0.2681657638156161,0.26725587468804085,0.2670979420337439,0.2654776556166415
0.26818954195115974,0.2624946796543369,0.2633459108198278,0.2713813037040291,0.2647650799033163,0.2626878039944735,0.2658472883570657,0.2664700830208526,0.26355879280828703,0.26588210141160235,0.2669166696593577,0.26829567705034485,0.2674635208627086,0.2670831478208342,0.26525088076025605
0.26822369333572993,0.26244654157533764,0.26342214040754536,0.2714503245125551,0.2648104549767459,0.2626688357494719,0.26591455786725143,0.2663937042825227,0.26364519376221157,0.26596729127097024,0.26672515863249147,0.26844595852007724,0.26747633803479237,0.26719269345842617,0.26515317959285806
0.2681874282136921,0.26243525000589796,0.26334275921955785,0.27144451228078975,0.26476561024482437,0.26277649432594646,0.2659251043310403,0.26647069196098055,0.2636351524684955,0.26598122233761307,0.26673194020705865,0.2685064367552785,0.26740106669373426,0.26732048466955743,0.2650998751360793
0.26805156406302977,0.26241346453498043,0.26346910062367235,0.27142316124100346,0.2647484017961152,0.26270418109029187,0.26600914869690656,0.2665085333402577,0.26365471930254225,0.2659776138945183,0.26674381047570506,0.2684952199892344,0.26749084554650543,0.2673129731136888,0.26508371857822904
0.26817190453463746,0.2624161614929593,0.26334263067943153,0.27154252152671904,0.26475092154615126,0.26264982838087053,0.26597726558055257,0.26638579066836826,0.26363911183772004,0.26595264374055017,0.2667540803736465,0.26866219659801754,0.26751790304675155,0.2672761133973196,0.26505059184081653
0.2682672605158205,0.26243921805116904,0.2634354534165897,0.2714674810406157,0.26477401648921445,0.2625930168653304,0.2657968310199561,0.26649880072456605,0.26391178548096816,0.2659429207014933,0.26686309967370075,0.2687671353949128,0.26747993933760156,0.2673403593799732,0.26510640070832636
0.2683799866549131,0.26258247542036406,0.26348202577954694,0.2715942208848727,0.2649546739271466,0.26252927141601395,0.2657884527649583,0.26637070357856657,0.2639603846787166,0.2659445811537435,0.26674483294476176,0.2688055603912846,0.26746653757797273,0.2673806258880718,0.2651596306603553
0.268287981849388,0.2626310130798878,0.2636706041549929,0.2715129965912229,0.26494117328873834,0.2623930935508905,0.2656512762885079,0.2662649154507058,0.2641485472979971,0.2659913727623339,0.2667572475213523,0.2687992569169218,0.26755885513073946,0.2673903629499015,0.2651595153961305
0.26839911907626796,0.2624444848582381,0.2636647600527416,0.2715352589795581,0.2649455396477451,0.2623264353122799,0.26580776350149743,0.26615286151086276,0.2643133758862306,0.2661650553299296,0.2666643605627382,0.26870693764310044,0.26759359767945207,0.2671951685887823,0.2651622785384594
0.26857421956289124,0.26252279826424946,0.26340089408942347,0.27154260005426756,0.2649702721516782,0.262224223168859,0.2657029142877309,0.26618473918690405,0.26429152222428126,0.2662649929341825,0.26677450656440777,0.2685947039780698,0.2675630884862535,0.2672919650119412,0.2650933504757954
0.26875258010401204,0.2625490257291873,0.2633830026789334,0.27166682861222086,0.2650300440532209,0.2622069505218012,0.2656201389997665,0.26617613514864163,0.26423214688311464,0.26608375670017564,0.2669883123779514,0.26856002693506004,0.26758051049529263,0.2673335883301703,0.26481296998088416
0.2688515429596033,0.2625228940454427,0.2633724279641189,0.27162628378307774,0.2649013069453057,0.26218183790034927,0.2654324035400085,0.2662123516915896,0.2641963349382337,0.2659899740185852,0.26711248544072647,0.26837074046751513,0.2676874705448633,0.2674963555727013,0.2648319244830824
0.2689092824682841,0.2623639653435141,0.2635207354408926,0.2716098066864312,0.2648633630432242,0.26209348667697874,0.2652669365769628,0.26616489907534,0.2641669530679052,0.26572180256615663,0.2671615881418757,0.2684475732816824,0.2676789802080183,0.26750209027629784,0.2648225308452228
0.2688170887913124,0.2623338963301176,0.2634882964867758,0.2716794684152796,0.2649179191121074,0.2619667639350739,0.2655393338974036,0.266311652876677,0.2641182936037421,0.265827857238413,0.26736145787675547,0.26839918862432527,0.26768274267012804,0.2674829359811037,0.2647695107701958
0.2687374717586637,0.26237803439911855,0.2633937842886753,0.27172030262838787,0.2650353769682549,0.26200896629844306,0.2654774648288965,0.26621768100345433,0.26395760434334087,0.2657794607018619,0.2675358722197824,0.26845135794991587,0.26756454152126524,0.2674606467316036,0.2646871762663589
0.26875958834720337,0.2623995044937307,0.2634510480225519,0.271660512427281,0.26500791180891575,0.2618836768285589,0.26557673263821857,0.266113789386303,0.2640282662669305,0.2657273817718691,0.2676085426186048,0.26846690352850877,0.26764355711515986,0.26737349622937767,0.26459511696901755
0.26872952899667085,0.2622522399464792,0.26338766059911983,0.2716356352257075,0.26480636333497237,0.2619706974006896,0.265699027432295,0.2661385589649425,0.26399655798291516,0.26569995896376736,0.2674573273156158,0.268633058150955,0.26751925169840207,0.26736917627119544,0.26439667053101684
0.2687142608450922,0.26215889032034434,0.26337038279643704,0.2717049348078922,0.2648139168231957,0.26214432020320505,0.2658601995443004,0.2660604518730114,0.2641030282137144,0.26548396081286335,0.26737614723998604,0.2685321255007085,0.2676614317958158,0.26727019012035547,0.2643706578516529
0.2687841973017567,0.26207359146129355,0.263208298939523,0.27181275667416077,0.26484639159426066,0.2621965973034463,0.26575846648848006,0.26610790321368893,0.26402153782232973,0.2654508137196622,0.267415751389305,0.2684555337348093,0.2677173635801283,0.2672641940879349,0.26441570864739883
0.26880690227846865,0.26205530863423826,0.26334016363696844,0.2718195092505696,0.26485818612204515,0.26216714511365524,0.26565729855893394,0.26615882128636364,0.26414666496471206,0.2656087021079033,0.26743101893569304,0.26843469873838305,0.2676902209885163,0.26728504888238513,0.26449478571264035
0.2689100722311953,0.26205090525544267,0.2634494122451042,0.271893496414938,0.2649003434895794,0.26208026133196094,0.2657933671130074,0.2663361660986234,0.26409262024973734,0.2654619361991968,0.26755724629980293,0.2685536481432757,0.26764493132398287,0.2671989593677569,0.26446268473432194
0.2688056509712698,0.2621082923112132,0.26348048920297595,0.2718457748491336,0.26505283843633776,0.26208273906245017,0.26589152155868395,0.2664405820340786,0.2640584089402249,0.2653868996012039,0.26743512792123364,0.2685104114088081,0.267684823208455,0.26724434380784984,0.2643070861030914
0.268779841144819,0.26216310594781567,0.2634877731129566,0.271892657476091,0.26511673658325163,0.2621353879108318,0.26584618399510784,0.2664534306716079,0.2640742946032322,0.26553728446086083,0.2673854060881225,0.268579338695835,0.2677533373922434,0.2672324054628075,0.2642122990350275
0.26892698685205557,0.2620920936610446,0.2634128291428916,0.27181838607654585,0.26503456060980224,0.2623302908691894,0.2658024910515139,0.2663138751131638,0.2641480121388725,0.2656167901994094,0.2673714652546916,0.2685883820530349,0.2678484863752774,0.2670911880225158,0.26425025334145186
0.2688310796016608,0.26199289920862023,0.2633537314711388,0.27178721707248643,0.265026906822365,0.262341976744824,0.26578213544733353,0.2664341520821964,0.264077181849706,0.2655953086356767,0.2674440451276242,0.26874707331214487,0.2679877745538672,0.26712136276038323,0.26427831507184474
0.2687885630729377,0.26215416384093443,0.2634549730502703,0.2716230124388126,0.264899193652494,0.2622638333719199,0.265858311511179,0.26639037757058215,0.2641457527305521,0.26567045979228693,0.26746211904423456,0.26884621112694207,0.26783147029803933,0.26716707843855214,0.26420919488863
0.2689487531886099,0.26227684464690365,0.2635030213122106,0.27152724078620516,0.2649844310763782,0.26242020029760355,0.2657198951863554,0.26627025181230773,0.26422730894397306,0.26568828561791896,0.26726139892084405,0.26897729298275985,0.2679878951088798,0.267194601231314,0.26422104865991847
0.2688898154254956,0.2623480065017577,0.26333728325234973,0.27150218561724704,0.26497826937450963,0.26226739470941457,0.26576186399397084,0.2663139666525659,0.2640356033878031,0.2656120337898576,0.2673264417020655,0.26910372017147,0.267998692896835,0.2671227333665577,0.2643049715259317
0.2689016968192403,0.26235326330130304,0.2634125647448397,0.2717064957718005,0.2649120582984215,0.2622769748287761,0.2657466465864328,0.2662784970737192,0.26406566492299377,0.26543354001061514,0.26734831986396096,0.2691664000557022,0.2680163460290131,0.2671396478276105,0.2644004267106393
0.26885977788118,0.2623067258395158,0.2633242994856906,0.27163966300781034,0.2649458922381852,0.2623066236809403,0.26586108861737784,0.26654239284006387,0.2640671905864285,0.26544904891853693,0.2673377056546451,0.2690376698084345,0.26807275239000966,0.2671609826134912,0.26456785193169974
0.2687122399069451,0.2624483781923394,0.26314405035018285,0.2715750938645339,0.2647304362362805,0.2622839749021726,0.26591814649435175,0.26648323755216435,0.26396501423844587,0.2655720662036771,0.26717277125913946,0.2690860968710555,0.26803333763308307,0.2670214610606725,0.2645858805976682
0.26871542419344085,0.26251015386941035,0.26306461222601724,0.2716478279785059,0.2647940798272717,0.2621707587583727,0.26588178538291574,0.2663910118193458,0.2639261888408872,0.26537127536718774,0.2671648319824727,0.2691357460291318,0.26804495244474424,0.2670480820884229,0.2645941379343067
0.2687455962921388,0.2625348442229058,0.26313702468275596,0.2716627242138018,0.26478297228058495,0.26219615734076807,0.26591722865830264,0.2664088990117832,0.26386773212227693,0.2652858271098804,0.26728023827733843,0.26921521567455925,0.2679611701252843,0.26710648429054606,0.2645418277098452
0.268690136621012,0.2626341098712785,0.2630481756818649,0.2716640564332611,0.2646643545882307,0.26225228411627616,0.2660832687862653,0.2664918205494542,0.26383223995863236,0.26533340426573404,0.2671276349126871,0.269225618669274,0.2679799953129476,0.26694709818025936,0.2644974169428398
0.26868876323169516,0.26270364998695955,0.2631041582309854,0.2716872266233885,0.2647394815908318,0.2622093648385821,0.26628226203428734,0.2665206680033638,0.2640337340063052,0.26520697598313936,0.26712447979425874,0.2692302585042792,0.2679742744967953,0.2668848381475594,0.26440500321552873
0.2687716678996181,0.2626881929919294,0.263210943568887,0.27163980436505575,0.26469135970022134,0.2621719108876738,0.2662792821334861,0.2664430855210472,0.2639826108983955,0.2651047220359001,0.2671966324954571,0.26919418147098406,0.26796748203391857,0.2668479992529526,0.2645062844041763
0.2686796914387085,0.2626179977352103,0.26319017164336356,0.2717278566585453,0.2646332524005523,0.26227887215051215,0.2661969473190785,0.2665296822126164,0.2639116579922365,0.26512638293058244,0.2672073784830519,0.2693150360219575,0.2680114163932143,0.2666986219186971,0.2644395391283525
0.2687079056570385,0.26253239955516916,0.2633237762882486,0.271831213940004,0.26475521233782323,0.26222752163536756,0.2660808607936261,0.2664241373804067,0.26384414112034754,0.2650760625740094,0.2672588119443015,0.2694385838637374,0.26799440016238535,0.26668225797871714,0.26462296993067297
0.2688807744127608,0.26245994037067344,0.2632809243070039,0.27186964382178463,0.26467338652549965,0.2621462540581903,0.2661358485622162,0.2665332655879905,0.2638199973882086,0.26501672081063904,0.2671350751586891,0.2693417639783682,0.2679076644886708,0.2666052169446324,0.2648370712305018
0.26890217669859545,0.26248973092112965,0.2633177451677027,0.27187542946902726,0.26456171600217326,0.26221651700475107,0.26607506105596473,0.2665819897905988,0.2638374306591725,0.2650684506323502,0.2670274494463657,0.2692893450572694,0.26791586789012384,0.2665608490765364,0.264702149625286
0.26896563442534954,0.26258295593438596,0.2632335071026513,0.27189895343972376,0.26451964637268394,0.26224729363697685,0.26610740798386984,0.2666323919212074,0.2639382224747492,0.26511155325717384,0.2670293308647459,0.2692971358180611,0.26781375612417846,0.2665429219182054,0.264805518886891
0.26877262864666823,0.26262539638265037,0.26326055007428345,0.2719126984328268,0.26456020367350686,0.26221333872281366,0.2662073284236228,0.2665491635889903,0.263919074437924,0.26538154920820817,0.26708291175350324,0.2692291210039155,0.26783218387137947,0.2665902022689103,0.2648253011068533
0.26890758044064544,0.2623828316664563,0.2633427329928076,0.2719170600959656,0.264551688626799,0.2623527220187686,0.26617502145650135,0.2665236041298717,0.2640289699319841,0.2652864849614275,0.26703821061692223,0.2692915019440585,0.26802884802070637,0.26649306605296974,0.2648412136541455
0.26887199728541583,0.26230526035985074,0.26351080744698513,0.27178534016124917,0.2645585818323647,0.26230402944277453,0.2660290909183227,0.2664387916454016,0.26388013752762757,0.26512565102621516,0.26701041291577127,0.2693480909037856,0.2680192671870641,0.26648225497565614,0.26480292581382303
0.2689443548031401,0.2623162420168888,0.2635386145730718,0.27172315748023246,0.26454704596550027,0.2620945811826463,0.2659284704575458,0.2666093539885285,0.26402349550924675,0.2650737814097281,0.26702081015928336,0.26942292372110876,0.26798528167980723,0.2666861931280695,0.26464685348254535
0.26893237082642263,0.26229261561805833,0.26365405805457315,0.27174845382119744,0.2646125415606229,0.2620388902465371,0.2659575966885422,0.2665328346924234,0.2639426248436797,0.26505819739734576,0.26708551919545215,0.2693928279055454,0.26784744654581816,0.2667474664506997,0.264662080709975
0.2690983548342468,0.2622083927680685,0.2637755759208924,0.27185534810922557,0.2646578228084618,0.2621690793579319,0.2659008973294966,0.26647637630263876,0.26387967640352267,0.2652289429208805,0.26710436059520204,0.26943690952465316,0.26778326900674904,0.2667263531219972,0.26476067542801424
0.26912840390317333,0.26213174935485883,0.2636753870407373,0.2719364192014857,0.264598520263339,0.2620348104696236,0.26590366578535807,0.2664579520541234,0.2638709163194311,0.2652323597412286,0.26708663167972785,0.26935558567163803,0.2677360928819511,0.26673042194852864,0.2647783244721806
0.26916319871847133,0.26205056524385556,0.26373209246786744,0.2718988619701779,0.26446668312605054,0.2619627444375943,0.26594530096869334,0.2665939496561774,0.263837498671796,0.2651921472185272,0.26719559024521344,0.2693629189096389,0.26776457328163544,0.26668181969590044,0.26478256967538893
0.2691139270164747,0.2619735137071617,0.2635760479791437,0.2720555486376862,0.26442360699250705,0.26191367809121774,0.26577602573999604,0.26659745212811903,0.26377066810995553,0.26523591629780163,0.2672929361039275,0.2693017505916531,0.2677741114748322,0.2666946236993592,0.26479660425270335
0.26903593182066254,0.26197135889043777,0.2637173516943519,0.272080005221969,0.26445218849154023,0.2618257360276279,0.2658365588260889,0.2667780983955858,0.2635969781599723,0.26530071849270337,0.26717681867286264,0.2693343908086178,0.2678522537312952,0.26657557760881795,0.264860766755309
0.2690946978666354,0.2619901055850614,0.26363272559553425,0.27223258682635787,0.26440878252459005,0.26185543640271786,0.26582914948306013,0.2668125091122228,0.26358741990752493,0.2655248907865181,0.2672182781407335,0.2692746481410957,0.267636295093714,0.26646642995065123,0.2649267993582283
