0.5,0.5,0.5,0.5,0.5,0.5,0.5,0.5,0.5,0.5,0.5,0.5,0.5,0.5,0.5
0.5002156793625994,0.49815377107800224,0.5001914064405208,0.4973718151822567,0.5017902263821661,0.4999325619211511,0.5009220288219154,0.5003288588888202,0.49897122860639126,0.5015711207147076,0.4994711903560146,0.49828754516669344,0.5023459171648696,0.49946282506753154,0.4986043167114972
0.4994625230294255,0.49990465618855773,0.5021537431360471,0.49808200762208854,0.5027202869670784,0.49947715945040966,0.501855278467591,0.49998025789176803,0.5009929890117862,0.5004372259563401,0.49791765206994226,0.4971108380455744,0.503475325665526,0.4978206561532714,0.4974234614314215
0.5004714114372396,0.49901300045549624,0.5009721436153554,0.49677291689492253,0.5019693779577256,0.4985027109718667,0.5015431013969263,0.4994799729485752,0.5033317001894427,0.4967251481980298,0.5003704755124035,0.49506125735253703,0.5044748902820259,0.4988111880905535,0.49802139988444344
0.4995815138929911,0.4985642903410254,0.5017220265832761,0.4928715020778835,0.5027015094827859,0.4976249932255132,0.5012148049014561,0.4993585017211362,0.5003122063049675,0.49658049393291914,0.5006814114549094,0.4954616353480029,0.5073230770424142,0.4996681661681563,0.49760676698123224
0.5009931686255993,0.4980107777237098,0.5015795851505316,0.49464008426062706,0.5028192062019436,0.497694806743862,0.49915468791512047,0.49973453900332093,0.4996717492254669,0.4982667195162261,0.4994401524482295,0.4952804813387078,0.5084829524618463,0.4986874494625387,0.4979508364774424
0.5011726348526574,0.4980065302283231,0.5010483257386942,0.4946559051668855,0.5027863944913643,0.49874727292322824,0.499254589902765,0.500258227970519,0.49914279035159964,0.4975723463412619,0.5006035792036314,0.4945102559296755,0.5094821229713484,0.49841578474164056,0.49872038188283146
0.5024987706884108,0.49800272192834777,0.5011036405524764,0.4941367331845099,0.5004590763105715,0.49972624879491057,0.4982874248096367,0.5009647592967629,0.5001744634823446,0.49552693745336934,0.4999847491104711,0.4932971116030684,0.509848093739078,0.49714638981571796,0.5007049749542004
0.5028228238532884,0.4990409663867978,0.50153431696341,0.494860877606229,0.5009608686430516,0.4982066686652166,0.4989724379459363,0.5005822579139171,0.5002843166048013,0.49324765182052044,0.5006172781501171,0.4920791500553386,0.5083779708017425,0.49850198188014977,0.5000837056158943
0.5049777442314779,0.498729623112071,0.5017000291685785,0.49530280515061476,0.500735569209152,0.49663597476330973,0.49929644077658136,0.500376050690041,0.49968604729191396,0.4920187259158521,0.5008915247371708,0.4927742459841369,0.5081285936415422,0.50096465115656,0.4997487157601553
0.5040431373758347,0.4969504285075801,0.5020453761828828,0.495170587012813,0.5016970633195331,0.4968327133976663,0.49944473823322927,0.4997443345652307,0.5002320771359511,0.4920869521641222,0.5026599384690009,0.4917087422866679,0.5083945777264669,0.502833974195455,0.49990425986814047
0.5047313332440879,0.4977194426350272,0.5020907193504297,0.49550055628145334,0.500514291976675,0.49719151339654993,0.5006153535565977,0.4984356500782221,0.5014219421709883,0.49249661267323974,0.5018879952541394,0.48950805676850145,0.5087959970427958,0.5029248209636878,0.5009180849150219
0.5045510569351211,0.49665554068114215,0.503185764635355,0.49514313270745275,0.5015523968854027,0.49731559987481455,0.5004525611291063,0.49869404844091275,0.5006514388479758,0.4929541615286313,0.5018863632241187,0.4910694778590455,0.5090814998751368,0.5038005188789714,0.5021459439318573
0.5048882593392995,0.4963091412901699,0.5033707174996316,0.4939641013525795,0.503328564785292,0.4976094756871579,0.5009740078109791,0.497800245110818,0.4990357584504909,0.4933179599181314,0.5016900824780588,0.489694645744142,0.508177656105616,0.5041930596919272,0.5033515047899058
0.5054753786238217,0.4952166707572485,0.5038184126395779,0.49266395868859875,0.5037927537936892,0.49722018059931794,0.5012790572003678,0.49935679381528314,0.4988133741367941,0.4925354253684196,0.5021105509002404,0.4915040193040636,0.507758484595894,0.5053398309695505,0.5055044766708321
0.505797681441715,0.49541177796549485,0.5037867245354546,0.4936138842249743,0.5045093296204926,0.49723031403422235,0.5006161000111885,0.4997646337039714,0.4990901959155899,0.4930693739680121,0.502959242413141,0.4920906078662282,0.5086457930839463,0.5076860079895049,0.5052462786658377
0.50610916957196,0.49451944102489553,0.5039681814524056,0.4930765367276605,0.5041726197359825,0.49763121721849823,0.5017742230524003,0.49891402860760775,0.49882255089016203,0.4926936620644021,0.5032124498737559,0.4936690437747394,0.5080941706478563,0.5078343400573919,0.5047538865558454
0.5066951658562595,0.49511383762373784,0.5031783858043586,0.4933231340931851,0.5036122247325099,0.49849738400234117,0.5015527524307247,0.49978634496225266,0.4982902162492863,0.4916850833470494,0.5033444295850388,0.4931401595091992,0.5091033189063191,0.5082695821801954,0.5055582907740752
0.5061659147023495,0.49645323418483245,0.5030172889287656,0.4944104556221689,0.5040666961692928,0.49865720421591037,0.5017636706204589,0.4991374982932276,0.49834346746627217,0.4917376166262143,0.5035241820183809,0.4944826208144358,0.5102497327713448,0.5077587427158533,0.5048819967040091
0.5054720498303326,0.4980845665113028,0.5017258095317927,0.49474696178304955,0.503088382025652,0.4987831192859167,0.5008534829321779,0.49920077890760317,0.4979658944274086,0.4907709122853952,0.5045634027285243,0.49548922451380056,0.5090615383521736,0.506786123540018,0.5057535447801416
0.5059227402873536,0.49919420906428363,0.5008679256002022,0.4941701094401793,0.503640006889139,0.49834435703034885,0.5012599343669841,0.5003383901441878,0.4979243056527548,0.49142186655690173,0.5034886692173436,0.49499975963619286,0.5081696495727431,0.5062699801473245,0.5065345135332179
0.5048672467508604,0.4982453834373253,0.5009339453638426,0.4942138212304926,0.5041124304254496,0.49835266968916686,0.5021472698383396,0.5006356622398702,0.4982601532167497,0.4915514749328653,0.5037134872530019,0.49442029578526264,0.5093173798902576,0.5066757418621005,0.5059909676954469
0.5049853549915152,0.498185018714167,0.5009571992463205,0.4934702387886762,0.5043034159054053,0.49788759094916724,0.5025352916331999,0.4994710587805365,0.4983605967293257,0.4921240572690641,0.5036237090177557,0.4952402763829291,0.5095451337037029,0.5075659154408122,0.5064105048914687
0.5048374766124625,0.49812008100386956,0.5011219063249102,0.49435413499087155,0.5044603958099058,0.4969656564629581,0.5019399962325571,0.4994950137560381,0.49954607795023637,0.4921645176675996,0.503547503409577,0.4946448411038957,0.5100780412882115,0.5072449307641654,0.5071638802828513
0.5042877162975835,0.49865146526120646,0.5005366789423331,0.494219199906473,0.5036884175858228,0.49746877520173677,0.5011952280885968,0.4993301354964593,0.4991245196497987,0.49158445653621186,0.5036687035368014,0.4954569548696636,0.5102019782963977,0.5070115549442535,0.5068987890857859
0.5040905121968512,0.49900365174753974,0.5002112083002171,0.4939495241886118,0.503092018530189,0.4972671399666051,0.5012776532137637,0.4983655972474252,0.4994097356356691,0.49115794156155856,0.5042175342518526,0.49595137619118385,0.5104226839445021,0.5082885853749812,0.5065980051169832
0.5039402698764807,0.4999390107521359,0.5000710210660411,0.49407172230256663,0.5041406772188877,0.4968518710360107,0.5022505640979386,0.49833688379871866,0.500200112319781,0.4916291462229652,0.5035577204445222,0.49687625004856123,0.5098302144825652,0.5088063926795273,0.5072618713211751
0.5044744027089673,0.4993511356449119,0.5004844800732259,0.49467628997850877,0.5048891077282172,0.49649275711718177,0.5024128254340386,0.49816414736937986,0.4999887719456583,0.4914646510167901,0.5040100203174076,0.496569402046848,0.5093623837202851,0.5098104384279004,0.5080711390051045
0.5041127555077103,0.4991827621983488,0.5009502385192555,0.49557847558385276,0.5052397683415866,0.4959983870056852,0.5013650011299349,0.4981865990266042,0.4998915988858083,0.4904914549467902,0.503757171673695,0.4972564637150875,0.509270513843597,0.5106387091303966,0.5082167855760886
0.5043859581392071,0.4988071598552605,0.5010123442030674,0.49645821348793756,0.5050991076692957,0.4962318517154373,0.5001434053311528,0.4990354929195847,0.49966521930005603,0.4904172297156879,0.5035363448231147,0.49716330828883337,0.5086945602169662,0.5116397006161882,0.5087573806679181
0.5046648333760988,0.4985313492710943,0.5004692337063891,0.49592251972704854,0.5043191497174501,0.4960932526056231,0.5013551022576296,0.49932118081245913,0.5003393236500969,0.49066394151817794,0.5037181838651836,0.49812528149232205,0.5097255715500097,0.5123338461536032,0.5080059131004775
0.505392815670127,0.498989562017372,0.5005485344800856,0.4964868742980822,0.5038444608264865,0.496283734863547,0.5006130973199069,0.49941472512029483,0.5002918855122657,0.49042550116994027,0.5033886834186887,0.4979881481868158,0.509213016691534,0.5117956181430364,0.5070487739109133
0.5052365470233834,0.49910634763837775,0.5008175944812604,0.49651137064769296,0.5041489195290676,0.4962030680174121,0.49999096097506346,0.4992568637288522,0.499773954130437,0.49044938713615227,0.5043818825546621,0.49795616510835944,0.5093386948709654,0.5114442605260574,0.5064476668280156
0.5051281758820353,0.4991827727414493,0.5005717112174354,0.49701670747299975,0.5041347735257611,0.4968493776322234,0.4995972530883721,0.4984861735049394,0.5009853808286944,0.4906222635425108,0.504810860009166,0.49743193049130263,0.5096953297870589,0.5106267296317394,0.5063037105482036
0.5051725657302827,0.49924060787011343,0.5016640794804117,0.4975637102300309,0.5026325785135266,0.4969696717197769,0.49901670346295907,0.49889791544596335,0.5019260542752669,0.4908140274993389,0.5047110498813765,0.4977500489449213,0.5095739621700434,0.5117253531498468,0.5064611527266112
0.5040800312198538,0.4985679647247656,0.5017924625499901,0.49778764346561954,0.503065015157686,0.49638294199920235,0.49857144337308645,0.4987008477901071,0.5022345077488831,0.4905393350199704,0.5051286883669851,0.4971562707363994,0.5101010161110291,0.5112908819043417,0.5063453741473569
0.5037974055445531,0.4991500089936428,0.5018730125880063,0.49737346611005173,0.5027598615174689,0.4968246471848846,0.4988611915215478,0.49848458618219604,0.5024228250056287,0.49057002207759476,0.5046523434562951,0.49755528637469787,0.5108814399162477,0.5114769297118879,0.5058710442282353
0.504035449234372,0.4989508239806255,0.50188724370585,0.4970028443438016,0.5031024508359457,0.4960630327338681,0.4992919484149554,0.498644355172313,0.502153884398954,0.4906946190459287,0.5049272317845092,0.49726237301527465,0.5106787159872538,0.5112426120386786,0.5052957491703605
0.5034003358569751,0.49907623905520254,0.5013129155294322,0.49699248634771925,0.5027778778781576,0.49645496067697675,0.499100570637744,0.49905312453113754,0.5022565407280114,0.49074316981688265,0.5048369779164149,0.4973320201870514,0.5107546545230326,0.5122023332940803,0.5050646614723096
0.5029415816187618,0.4988432398951816,0.5009462250498564,0.49714986091938146,0.5031739744943111,0.49660098411554954,0.49858064537089763,0.4984245274717774,0.5026567204416486,0.4908202436670854,0.5042888970186141,0.4977662300407917,0.5123604045271392,0.5119615464733288,0.5049679978963347
0.5029236048331782,0.4992863566478419,0.5007143764651302,0.49649837995372287,0.5037304554829393,0.4959745483244434,0.49897504805188647,0.4986903695324979,0.5025614508235767,0.4905276713704352,0.5040295549171663,0.49722605747703663,0.5138709487097246,0.5128218355999481,0.5059382122915013
0.5033900070142068,0.49887412021731803,0.5003200487334143,0.49610392306454665,0.5034785364934172,0.49611410166951636,0.4984135947223159,0.49894878085582844,0.5031165940830831,0.49086709796602723,0.5046393839646939,0.49806723513139584,0.5143607083931337,0.5125292675857265,0.5052802897812287
0.5035512804619058,0.4988092281850429,0.49972224572054824,0.49647955563263235,0.504417365922481,0.49611710935681413,0.49829905377141803,0.49850196291297605,0.5031067534904174,0.4911879526549378,0.5051497473641552,0.498811020763,0.5137740985714802,0.5124319107683474,0.5048928702634234
0.5029005912223172,0.4987735593494382,0.49959774233465865,0.49669655793725803,0.5045380506558532,0.496708029906485,0.49850493579086197,0.497800514877579,0.5035802904647257,0.49059572591084566,0.5048988083574667,0.49950915018381886,0.5141404171920023,0.5130002805230504,0.5043511380935755
0.5027915401083676,0.49921139408989845,0.49990164912394175,0.49627274197015436,0.5041924309475667,0.4966565915735589,0.4987260097858292,0.49819555644168995,0.5033068062993127,0.4905976291242998,0.5047255797160037,0.49893275180023217,0.5144008555856129,0.5136960382022073,0.5046497957456406
0.5031644898871795,0.4998217483144188,0.4999476460939909,0.49616552849587664,0.5044347789114202,0.49755768493696323,0.49923049498177646,0.497832306636823,0.5033863842297062,0.49139701017907533,0.5045825281002965,0.49911835175268754,0.5152323566282132,0.5135377104700172,0.5046102687997767
0.5031205678983054,0.5001275926611757,0.5001020531046455,0.4965189645154517,0.5041066731862152,0.49699577642703424,0.4993156503304382,0.497231803557327,0.5032925183152263,0.4915698289604435,0.5045624489644427,0.4986621414715555,0.5155893495143937,0.5138152301476095,0.5046110094670962
0.5025767982040538,0.5003514380289968,0.4997570449901617,0.4965504283801504,0.5044130628321809,0.49730888034273707,0.4995827694926412,0.4973711107225729,0.5038630819810028,0.491359330043177,0.5041724120005824,0.49856949608304424,0.5159517037044902,0.5137096845176321,0.5045665587128635
0.5027856475606409,0.5011218761391849,0.49976393413052256,0.4962971422605458,0.5045541219824309,0.49786857533169687,0.4995709828917815,0.4966130306470708,0.5037623483388698,0.4914542586827263,0.5043548201466911,0.4981680927933587,0.5159143493570951,0.5136529332761612,0.504466628335251
0.5026910931811658,0.5008389880962166,0.500307881590398,0.4966661569142907,0.5043720168437286,0.4981584684212944,0.5002994387315752,0.49730959199189934,0.5029127218969751,0.4912769920545559,0.5038521553844725,0.49853892533561645,0.5164951423694163,0.5137052686449629,0.5047959451844937
0.5028347166578745,0.5015223786792253,0.5004033266846151,0.4964640285725941,0.5040867257810201,0.49919521293620917,0.5006614109139272,0.497689674645512,0.5027536193688672,0.4915374245289912,0.5034088097807881,0.4985653742245536,0.5171698198547235,0.513880513205016,0.5039938805071723
0.5031644275955748,0.5016349960511445,0.500798294000148,0.49603103529962006,0.5044670082913391,0.4985530974144009,0.5007378417503026,0.4981797982006325,0.5026048819349423,0.49153282005864174,0.5037596663568961,0.4979850244224027,0.5174058020068927,0.5137200265321059,0.5032609268137569
0.5034774694584628,0.5012346609513378,0.5010076944863981,0.495683858893746,0.5051410949960434,0.4988282360648957,0.5002089050585946,0.4988053186709925,0.5027465204761685,0.49137330675773533,0.5035848675461152,0.4977461746527638,0.5176798581411203,0.5137962787350503,0.503215875912849
0.5032980615102411,0.5011963073926063,0.5004633455012822,0.49584001138323197,0.5051571259184024,0.4986881715548826,0.5006987185368746,0.49830357123554436,0.50278324637534,0.49150251403850326,0.5037169180917094,0.4977944529932987,0.5171279174632396,0.5133024273528982,0.5038800388186202
0.5040246256721111,0.5006138581858365,0.5004832799875477,0.4950976877041347,0.5049412587476286,0.4986247498546126,0.5010094618473286,0.49849823276567395,0.5024604615611793,0.49136510467490757,0.5041543493618145,0.4977524773497687,0.5173667855621275,0.5132948544359135,0.5036685231955917
0.5038668794002025,0.5003141385912647,0.5006488709849221,0.49550939927503296,0.5045100874072546,0.49930311785890624,0.5009782392884572,0.49838682509823523,0.5025424848860539,0.49153868346513185,0.503924558878414,0.4971408384830978,0.5169941775540721,0.5132762785922493,0.5036675868534212
0.503945863496127,0.5007457514521284,0.5004722984070268,0.49586398146711747,0.5043132234249479,0.49939347527303835,0.5012873487220327,0.49793141724765805,0.5023591401294948,0.4914285958132938,0.504243116377599,0.4979291229571346,0.517625597880185,0.5135314242254174,0.5037863275222941
0.5042891235892785,0.5008969494210097,0.500241224513142,0.49513944836194296,0.5051710914273352,0.49915591554108574,0.5014704185232854,0.49825594856541966,0.5020731367233566,0.49129625207131666,0.5045737340448943,0.4973517335373947,0.5178344818623699,0.5136680900663868,0.5042444285847685
0.5047611796978153,0.5013736152068025,0.5004268140413727,0.49526615920447864,0.5053750793161141,0.49933214604362763,0.5016276662385855,0.498142871020606,0.5018581745145553,0.4912020570911501,0.5044047561601694,0.49720875612937504,0.5177166134969505,0.5139096899377564,0.5041736683187462
0.5048014473820008,0.5010660734255445,0.5006059635194781,0.49491454010115854,0.5050991323162709,0.4995382559120633,0.5018904010732367,0.49846595548698824,0.5017924010928859,0.4912183509230399,0.5043196644858472,0.49714949457509156,0.517186554449125,0.5135223809612728,0.5041643991172423
0.5052864366544577,0.5010889096511146,0.5004558489322052,0.4949341400123744,0.5048250730838341,0.49918906377448924,0.5020492651206448,0.4988941721435443,0.5021473894606829,0.4909201204694962,0.504181613470096,0.4970677525314886,0.5169132195752998,0.5140852183544957,0.5045722205406855
0.5057409062296945,0.501188884204975,0.5000807671277402,0.49423738983352666,0.5047366699095558,0.4991191580520839,0.5022219629283703,0.4985685694334977,0.5021548006448406,0.4906117833280513,0.5042789279421936,0.4974182239075338,0.5163646009171873,0.5144464281985888,0.5050337589064658
0.5057639681488794,0.500870539107952,0.5002805927728178,0.4946144458812073,0.5049431467312663,0.49958176358246115,0.5017984315519438,0.4984652589903486,0.5015565264176138,0.490941736642519,0.5036834947263156,0.49797983978673505,0.5161859805804094,0.5150318782701976,0.5049855071299659
0.5057510396207812,0.5008398549185809,0.5005694106073972,0.4938218964927372,0.5045038681732261,0.49937111970435205,0.5026519054567264,0.4986801842387041,0.5013522950598602,0.49140471620080267,0.5037356645726521,0.49791268542657596,0.5160119078294917,0.5145838693316469,0.5051971882543667
0.5053144734119768,0.5009101969717864,0.5006855373871526,0.4939085064547346,0.5041066945294941,0.49921254412572014,0.5031399807126452,0.4986337189259642,0.5009866805464664,0.4911408360420595,0.5038527492457852,0.497315690806632,0.5159613408910432,0.5144649623444665,0.5054386116905495
0.5051029034606894,0.501117827616552,0.5001103808719612,0.4938787867117378,0.5038326382887085,0.4990378855364279,0.503060917764645,0.49832775890906805,0.500796994891881,0.4913767858511275,0.5042960587028597,0.4980145180826874,0.5154687274405921,0.5144399810789686,0.5054027354119417
0.5052187948536321,0.5005656283112507,0.5006509024994842,0.49383921813720244,0.5041926404673933,0.4997798059888796,0.5025840819750861,0.49855777944339025,0.5004365342930749,0.4915716063918769,0.5041169641409997,0.4983416364395281,0.5157758760843365,0.5142858579980245,0.5049188653515364
0.505674119332193,0.5009239250022286,0.5002512474095604,0.49370671785307535,0.5039210086378871,0.4998113663440546,0.5019219413999547,0.498636763246927,0.50090621736565,0.49161380567620666,0.5038313596586086,0.4978292175861666,0.5153663610895491,0.5143499921656064,0.5049116336429353
0.505473636042496,0.5005637373747438,0.5002827970888365,0.49382035708056105,0.5035482913074941,0.4996843919655407,0.5016618680019775,0.49895105516730737,0.5009594806387854,0.49111386134738655,0.5046139956234069,0.4977516957993589,0.5150580481921917,0.5148680844228779,0.5042914977822461
0.5048904839757612,0.5008713869778797,0.500060388615127,0.49402475361568415,0.503793364066842,0.4997031834113943,0.5015314081972351,0.49902193322170285,0.5005473393928862,0.49066731141949244,0.5048763510109453,0.4973633177849606,0.5146469240970144,0.5149823896954192,0.5039042405431325
0.5046105389257778,0.5011320495037773,0.5001540677028407,0.4943055814154809,0.5041925782390506,0.49976242112069863,0.5014253385695516,0.49893916152687473,0.5010704465881692,0.4904155866103449,0.5046627305903271,0.4978935602698682,0.5143798683127432,0.5146262837027266,0.5042107107629221
0.5045670231589108,0.5010393227307433,0.5004121275866514,0.4949330189152687,0.5046278953597668,0.4990876144930019,0.5015291028555044,0.4994970957573453,0.501370983704468,0.49036904574257495,0.5047926909308198,0.497598590104085,0.5141893175108392,0.5143672516102404,0.5043569160415307
0.5044827801634924,0.5013172160151165,0.5003622487343641,0.4947517070549808,0.5042454981443522,0.4991214317409775,0.5021582193424361,0.4992245501944699,0.5014384851159895,0.49012169010374484,0.5048267703456477,0.497199513983446,0.5143730077962136,0.5142782048652207,0.5042100591565386
0.5042149151181179,0.5013179857680349,0.5000150212233072,0.49431734897131674,0.5046049128502672,0.4989906119465423,0.5026384423423856,0.4992309630634571,0.501305059466157,0.4897936988743203,0.5053116692020455,0.49700362486205346,0.5141297636468335,0.513977370150249,0.5044903727573508
0.5035590086667098,0.5014867948629229,0.5003273452614933,0.4943309022740756,0.5045435093417324,0.4990234933280789,0.5023299420057699,0.4993117341400804,0.5014825463562179,0.48956840558554743,0.5051573949410781,0.49738544264942564,0.5140359668183482,0.5143825867447547,0.5044516795900391
0.5032943192240553,0.501233559553416,0.5002926233997633,0.49451536359646775,0.5045368572315417,0.4988989891404318,0.5023659163486482,0.4996154921483998,0.5014854746027202,0.48978511953271525,0.5053607063919615,0.497117070877237,0.5140543509837651,0.5141398323518113,0.5044440636878387
0.503276193719097,0.5008737090983496,0.5001543837421495,0.4943910356265227,0.50425736279648,0.49930657852573723,0.502446184788517,0.4992562773334613,0.5013523970776366,0.49000910446180673,0.5058346147238545,0.49643912051527345,0.5138725940914176,0.5137911740053673,0.5047669264119012
0.5033463557282203,0.5008704236692029,0.49990804218279355,0.49436721194314565,0.5041416372704381,0.4993839946793056,0.5026577193623482,0.49931785484417346,0.5014128758431918,0.4899773021594984,0.5060504826594084,0.49617214167150325,0.5135758631629013,0.5139217771224188,0.504419637289152
0.5038310998908551,0.5011029577972754,0.5003958013371743,0.49439528959073425,0.5040758986823636,0.49900142134800557,0.5026598079840098,0.49957700917954034,0.5013474673659392,0.49008222279962604,0.5058631655083606,0.49632753842463045,0.5138539122124371,0.513547617868381,0.5047398085599758
0.5038250661919438,0.501140540676243,0.50046604299582,0.49463811807026137,0.5044059285362263,0.49837862013587253,0.5026231179903683,0.49955213911487406,0.5017263594432039,0.4903029031207674,0.5060783840048662,0.49679642482315617,0.5143442135052945,0.5134549126895083,0.5049413277173632
0.5035525690236418,0.5007310510171519,0.5005052705817413,0.49452536512866946,0.5040003867610339,0.499115450281945,0.502489786511529,0.4997734730148337,0.5019483750277418,0.4901900453007272,0.5056510059950563,0.4964884616686917,0.5140300904467783,0.5137367466749684,0.504857346844771
0.5040624334852108,0.500606410954306,0.500842664543599,0.4942424998243939,0.5041695054840304,0.49957432381590944,0.5025636058355054,0.5000640029170688,0.5017891933502745,0.49052183664322807,0.5052393841170181,0.49655884447077936,0.5142603117437915,0.513847315035304,0.5049335959944008
0.5041288163572379,0.5006845816122197,0.5008105365821389,0.4943757491780629,0.5041579379107722,0.4996086576946949,0.5023458141671876,0.499521098837669,0.5017462363541261,0.48981614700820514,0.5047019283634206,0.49642361530514245,0.5142812942988471,0.5134189308863167,0.5050431602136843
0.5047590200322714,0.5004876931052813,0.5011567726678967,0.49433087859178204,0.5044544725583637,0.4994881998448964,0.502462292280246,0.49953958463396236,0.5021272609475768,0.48895105774937203,0.504852751112607,0.496420561129496,0.5141865225487406,0.5135328002936228,0.504958253436422
0.5048018473054371,0.50026929759342,0.5007310518128532,0.49436523554833706,0.5045852363904991,0.49958607116143244,0.5024758297036849,0.4992921678633935,0.5015371247333035,0.48890575700045313,0.5045652819356916,0.4968545162551703,0.514139910873598,0.5132874352684957,0.505217611457037
0.5049423479959869,0.5009312941331869,0.5005694782923182,0.4942392495409572,0.5043236863836761,0.49989433040567327,0.5028497276299099,0.499477946444116,0.5018345286875073,0.4891006405734212,0.5048669399553312,0.496691827996487,0.5141462984925335,0.5132272388767001,0.5049122717051439
0.504866488927514,0.5010292859586063,0.5010017619989408,0.4944016620385195,0.5037834453479078,0.5000693098354443,0.5027982325192317,0.49957917209985353,0.5015929789503426,0.4891685802639388,0.5043941647189223,0.49645933132656944,0.5145321662425506,0.5132901868051378,0.5047727507149853
0.5049901418540362,0.5009092976962399,0.5010541644723958,0.4941102628060565,0.5037242658956632,0.5002648875951429,0.503196297741937,0.4993821300907861,0.501641192682373,0.4889754807576494,0.5044313461409468,0.49656461751858044,0.514398761547804,0.5130704277109999,0.5048252996171823
0.505132330667109,0.5010010870861604,0.5009602016818699,0.49397488219987484,0.5033770723810806,0.5000477867428995,0.5029044466391283,0.4998064692091566,0.501555233751455,0.48898901319290655,0.5042817078791517,0.4966023966824584,0.5146690553512637,0.5131606029235917,0.5048669041568555
0.5050342288466285,0.5009848093902094,0.5012749291014782,0.4936660257891315,0.5037620046299495,0.5001793773874288,0.5031810081684551,0.5000775862335615,0.5020085271781763,0.48934050599457735,0.5037800853542961,0.4965997499922215,0.5148057012915453,0.513241613453224,0.5048890657586821
0.5052300661595213,0.5009210102357197,0.5011984031039626,0.49382437690860287,0.503796520891061,0.5003163151679327,0.5029329884558532,0.5002858109046981,0.5021241835053692,0.4890129652439275,0.5041052913611659,0.496855296821033,0.5150083883280556,0.5130481082678345,0.5050766084807563
0.5052286946125599,0.5009080781659907,0.5010672395168189,0.4939739262978278,0.5043443060527644,0.5002953503574545,0.503233820445097,0.49994606314949136,0.5022791090228931,0.4891368834883109,0.5040168342213612,0.4972235639249026,0.5146625507998608,0.5129496182718555,0.5050621045085646
0.5057806850952243,0.5010522989397689,0.5006584125317297,0.4939308206920091,0.5046945923982259,0.4998730395282013,0.5031064253857228,0.5005467498737671,0.5026613140950597,0.4892833950039727,0.504176050913296,0.49717112727482177,0.5142279736000799,0.5131224708947376,0.5053683007690039
0.5058256610603573,0.5010216737605432,0.5005319236662926,0.49406309499434653,0.5042720925859999,0.499835837131924,0.5031705125963974,0.5006728740088333,0.5024562431449136,0.48960325161712365,0.5044254340047696,0.4973276919777265,0.5145455028364536,0.5132744842130209,0.5056831098581126
0.5059880227414363,0.5010580066330005,0.5004247496803385,0.49404275097160794,0.5041748460550939,0.5000249059494788,0.5036240994939281,0.5004628097491655,0.5024486139749114,0.4900405807272161,0.5041424558520436,0.4973833410197855,0.5144936684664052,0.5132984003305632,0.5054486812480115
0.5057967708629157,0.5007608188827161,0.5000950421237013,0.49363852916245843,0.5043095262697427,0.4996729913222108,0.503339023543949,0.5004948948362253,0.5025086681503723,0.48978535496005465,0.5042574894366637,0.49746771171821946,0.5145378236856596,0.5129860247186213,0.505331661122855
0.5057204543511231,0.5003155422786348,0.5003485249874108,0.4937841210939382,0.5043212070201866,0.4996275540157476,0.5033723719212672,0.5004232124820021,0.5025214151145224,0.49006181032350005,0.5039964480297326,0.49726201945710546,0.5140829408626446,0.5126618862424357,0.5054548944316586
0.5058817446457422,0.5001391933525164,0.5006340796400336,0.4936578859465698,0.5046005557143814,0.49960581038147645,0.5034175533494736,0.5005974297258453,0.5025832659717376,0.49016919730416497,0.5042260126394514,0.4973707919859399,0.5138800590534948,0.5129686875978614,0.5055108673862212
0.5054320543067956,0.5003558263779945,0.5006850127245429,0.4938132812613311,0.5049005642034343,0.49971449873385393,0.5036880105849164,0.5006391165909149,0.5030135867815972,0.49017475540924066,0.5040804341493142,0.49719441545329596,0.5134910303305453,0.5130822779266249,0.5055296324107281
0.5053809015248877,0.500378747308827,0.500669940797035,0.4938814076298045,0.5049357346244411,0.4996479606767133,0.503631975686089,0.5007144760287761,0.5030107830054361,0.4900200416626135,0.5044622778627543,0.4967187417369439,0.5133901525558433,0.5133454748387087,0.5055002302307853
0.5058220875811065,0.49991208499859113,0.5010694980097341,0.49371306847886726,0.5049698216144735,0.49969773724329286,0.5037337816337926,0.5002919647169599,0.5028385675441482,0.48964062269816944,0.5041178654248601,0.49654717216928745,0.5133300322949388,0.5135905506538612,0.50533309417627
0.5057546070305546,0.500021447430917,0.5011723625112782,0.4939168248847965,0.5049843578791999,0.4994573602956763,0.503573882394081,0.5002664020633879,0.5027078998892697,0.48963005424132006,0.5039622439429547,0.496282022062472,0.5135651470884227,0.5135745062109619,0.5057001501915848
0.5056147324452509,0.5000640002479464,0.5007379739103777,0.4941230373318094,0.5047901629936227,0.49933713918133094,0.5033503261446989,0.4999892691119219,0.5022909614997597,0.48990788279673325,0.5038072559971667,0.49624347020916915,0.5133958523106221,0.513386739265095,0.505582503019557
0.5055222763272443,0.5000579570326514,0.5001888479129644,0.4946066602654887,0.5050869299411367,0.49935057173703945,0.5035866151643652,0.5000003944243445,0.5025581289967038,0.48986665704439475,0.5037061612421865,0.49612202424781754,0.5134123600353006,0.5131302146654921,0.50540168658
0.50523733630346,0.50029314499879,0.500014316774255,0.49418694965935867,0.5051768387624433,0.4996271233237078,0.5036147885717418,0.4998694051758439,0.5028753750557653,0.4899644006020926,0.5037005541333907,0.4965156190106958,0.513637715676799,0.513622365393218,0.5053385774746902
0.5052808391963504,0.5002726640015863,0.4998742700585384,0.4942187360724191,0.5049591093374238,0.4999027336049245,0.5034820411354863,0.4999307364029472,0.5027610060638931,0.48971869978161864,0.504129438579397,0.4962998422892849,0.513718387859471,0.5136202942966125,0.5053123513533859
0.5051854522459712,0.500409887882522,0.49971036570746524,0.4942098376329818,0.504842614619823,0.5000683330800192,0.5040760741829463,0.49972827665613534,0.5030910366194057,0.4897158692879817,0.5038809439980108,0.49638279915334554,0.513807987162659,0.5141313525767444,0.5052332743518797
0.505410319364149,0.5001842176755095,0.49921465669160114,0.4942305241432609,0.5050518598778446,0.5003410114512883,0.5037896445913171,0.4999705686945423,0.5027125525625442,0.48953543794090704,0.5038191846030392,0.49631030892753425,0.513689953951499,0.5140956939166107,0.5050977633597213
0.5051620928557954,0.500513295298174,0.49891664472967406,0.49374398105217077,0.5052755522067246,0.500542452307585,0.503869395379824,0.5000172068450446,0.5025823728958108,0.48962354092088867,0.5039287751475122,0.49641699306076315,0.513468216730302,0.5137112665599469,0.5050682909684424
0.505007157323058,0.5008824704867167,0.4988719915031551,0.493685843373264,0.5050343023124969,0.5006582494119496,0.503974894085187,0.49986485189247437,0.5026750630831587,0.48956306440302605,0.5039431647103322,0.4965903601852692,0.5131888931309102,0.5137194008879907,0.5047844354545341
0.5051736376455855,0.5007401007986232,0.4990146672715625,0.4939386085150785,0.5053397757948555,0.5010513553039958,0.5037531273362865,0.49962250424115884,0.5024574552721083,0.4896896570008929,0.5040051433834085,0.4965711606055311,0.5133475678897069,0.513494606666985,0.5049367459580366
0.5050155705267111,0.5008743352159449,0.4988999905025155,0.4938073109034966,0.5051343606660643,0.5008712575568768,0.5034258968764128,0.4997727329944589,0.5026837889494671,0.48992157776856404,0.5040731549916593,0.4965923718077196,0.5132624328827032,0.5132533262885586,0.505370682805599
0.5051571009654485,0.5009171071703772,0.499246598442757,0.49363911683916,0.5049764354896552,0.5011687023374638,0.503663130336522,0.49987211476350446,0.5024875909479599,0.49011061832701003,0.5042507976747351,0.49648164519823534,0.5136208495212563,0.5133140056505435,0.5057753534990633
0.5055328830486169,0.501176990282859,0.4995496070197814,0.4934627139292145,0.5050109090376889,0.50112486856594,0.5036219282521754,0.49983802369069313,0.5023980726109192,0.49031139062786394,0.5043756751921786,0.4961009941751895,0.5135933027979473,0.513270268976092,0.5060592044424252
0.5058406674304938,0.5008568855809853,0.49953538974394895,0.49334116424695185,0.5046962927345369,0.50107765527147,0.5036938830531695,0.5001903313078429,0.5023162266354547,0.49023195017746424,0.5039975794212553,0.4959398128413717,0.5136713916026471,0.5130659782848046,0.5059816834621144
0.5057788496741684,0.5007320438173055,0.49934486655079946,0.4933921724043148,0.5045840941954655,0.5012330359598881,0.5035057739460176,0.5001153813929343,0.5022761329439466,0.4900827439051004,0.50409503215575,0.4959876450803555,0.5136329602305837,0.5129905385721818,0.5055807400948709
0.5058954407749693,0.5002243693661648,0.49907675604107976,0.4930918441311094,0.5046053316585561,0.5014613122801745,0.5033364107272554,0.50007642822839,0.5023667594137814,0.49014117991052397,0.5037776158240845,0.49608576276638916,0.5137975747021724,0.5129207115721761,0.5057806319799172
0.5058970936290698,0.5003359648431938,0.49907526168043875,0.4932091939637237,0.5045431188798757,0.5014821207659915,0.5029469012999725,0.5000504211127961,0.5021373016493521,0.49043541626862336,0.5033891406823522,0.4958431841879129,0.5136452627885906,0.5130004610756528,0.5057024824032992
0.5056304797200374,0.5003280299625265,0.498572327067653,0.4928981376431184,0.5041498661947871,0.5014754013415559,0.5030578122843222,0.5002325822125246,0.5023133136798241,0.4900171712488674,0.5032608506041529,0.49568082239277933,0.5137733062462759,0.5129313011696877,0.5057450369210201
0.5054458328895215,0.5007899182895325,0.4986848240387808,0.49266173606185054,0.5043096934756902,0.5014751036625118,0.5027649787474582,0.4999910754724573,0.5025197866987443,0.4901727441901528,0.5030009173886729,0.49567557851899857,0.5137810283701365,0.5127215752691578,0.5056337170185281
0.5053917945561484,0.5008065663578838,0.49841663169562933,0.49242482812641286,0.5044791773119446,0.5017346714647637,0.5027847275454542,0.49985958893671395,0.5027064509885877,0.4901577179157731,0.5027956172307417,0.49583919352656425,0.5138651855266215,0.5128343820902419,0.505483929877244
0.5053086261168788,0.500919252868159,0.49840973405178796,0.4923798047460687,0.5044504695847356,0.5017352988125852,0.5028491153176192,0.499859052067172,0.5025897272773373,0.4898555148277212,0.5030382845051752,0.4959005852514726,0.5135919423782578,0.5127625863810624,0.5051530296207702
0.5053894759275208,0.5007505162070842,0.4982961782768576,0.49214536602355496,0.504088413316917,0.5016795557486017,0.5028632580807456,0.4999086811626038,0.5025026259931112,0.4899312264876934,0.5034103532381289,0.49610281359644887,0.5139408326304242,0.5124325244934903,0.5051272501341368
0.5053491474678306,0.5008549294961584,0.49845213039775976,0.4922178194755561,0.5040824093536369,0.5014656650377026,0.5029844302012428,0.49969183945167345,0.502562776795652,0.48985586656709845,0.5035511177703106,0.4958604197140695,0.5140799556566235,0.5124011024131865,0.5050306027028492
0.5052870037908411,0.5008953234670604,0.4983884399842169,0.49205901053192147,0.5038562046728937,0.5015809481773321,0.5028943381211175,0.49955856394930115,0.5026083348319245,0.48971696916687435,0.5035345635281471,0.49548647098838544,0.5140139547845795,0.5124090300533769,0.5052346058449875
0.5050638643181365,0.5008603407134932,0.49793061573169767,0.49222749119989645,0.5036764556770307,0.5012361867851364,0.5030836125414518,0.499764167917819,0.5023836976100892,0.48964274010766995,0.5036033626667541,0.4954360546805308,0.5144751417945077,0.5121779690427108,0.5051471271076514
0.5049672680877072,0.5009459329116598,0.49779544131220316,0.49255971810988614,0.5035404000804283,0.501356102603245,0.5030131247356598,0.49951153630836803,0.5024773499524509,0.48958649376652646,0.5038759276927346,0.4955306065745691,0.5144991780371608,0.511934369630856,0.5052141504114495
0.5050186556276222,0.5010003512829426,0.4977293336941169,0.4927254480360386,0.5035816265851226,0.5013466127752954,0.5027945045217255,0.4994660914360601,0.5028781499227973,0.48966966857174327,0.5038725457610633,0.49536327898217203,0.51448184916253,0.5117052792258184,0.5051038261181695
0.5049366193616356,0.5005559518105658,0.49784082067202007,0.49268414505874525,0.5033607169349179,0.501268140836552,0.502773322821136,0.4993501400608178,0.5028114619260278,0.4896357100580458,0.5038623719481582,0.49558364570347224,0.5144077186729453,0.511858777330247,0.5050220173677926
0.5050939883440696,0.5004866784859596,0.4974228653819947,0.4926498700113965,0.5033634850816701,0.5012379912445004,0.5027017133744482,0.49926849581420596,0.5023401722366562,0.48920535792885017,0.5038146764118832,0.495589708995177,0.5143751631240582,0.5117225367122783,0.5051985907981379
0.5049587202368266,0.5006103265255717,0.4975705852795301,0.4926506929059274,0.5030861328262731,0.5013850123779211,0.5028057758779585,0.49904194486142606,0.5021846833782038,0.489272920525053,0.5037262848298706,0.4954281992659816,0.5142844791884995,0.5117586817178483,0.5053155149354144
0.5049581004404017,0.5007200604527773,0.4977578731585999,0.4927623544718677,0.5030221932582482,0.5013980952015524,0.5029806695130489,0.49915569696232254,0.5022513272404476,0.489108270279763,0.50399050689295,0.4955679715831725,0.5140155596462578,0.5118763209951537,0.5054038452546676
0.5049905239781259,0.5004807083041324,0.4976124013477149,0.4924564223750883,0.5029894686172149,0.5009928408347728,0.5028946042668936,0.49908090119594645,0.5027365481744833,0.4892740858879665,0.5039699161274785,0.4955837815991887,0.5138542440911804,0.5117153060733531,0.5051827340319237
0.5049582538765096,0.5005822683530288,0.49793108254633694,0.49242712627957974,0.503264546452414,0.5012736547387867,0.502778356724977,0.4992028053488787,0.5028573851004088,0.48924950672284456,0.504161057895928,0.49553079389243077,0.5138556446587216,0.5114282275260191,0.505164389609626
0.504870669784807,0.5007293456514413,0.49820514935792576,0.4924540133238222,0.5032515118005222,0.501313685560624,0.502595466587507,0.499085891311315,0.5026387011461252,0.48895671608246777,0.5043463010653422,0.49538323188598815,0.5136390693709687,0.5114115968350298,0.5052188296290249
0.5051718985459829,0.5006905095158122,0.49829042684125513,0.49230735889701427,0.5032039858999942,0.5016161975177633,0.5024809724284064,0.4990941776515577,0.5025107678162055,0.4890334837938202,0.5044437015925709,0.49511199938873246,0.5134565495641712,0.5111211889172222,0.505381696479118
0.5053620580928367,0.5006329616936,0.4984639078664727,0.4923859136027545,0.5032329308458118,0.5014285569253247,0.5023433902736417,0.4993693395921754,0.5024323471737383,0.488747926655746,0.5042852323643596,0.4949094785937964,0.5135808538409153,0.5112022079225872,0.5051748545909863
0.5056035621041839,0.5006214847671681,0.49836057735789974,0.4919962912963188,0.5029363045168314,0.5014781119446022,0.5020776721161848,0.4994605566605544,0.5020363115601308,0.4886821518340273,0.5043430996816584,0.4949296471524224,0.5135312215482069,0.511055315044284,0.5048913219824058
0.5058392065727516,0.5007446068862734,0.4984150548120615,0.4922133112312334,0.5025393998983297,0.5011967272646725,0.5019944747730053,0.4993518647698905,0.5019768075811168,0.4886650484511455,0.5044122432789504,0.4952238095762821,0.5136890739356577,0.5110871639473388,0.5049463643689478
0.5057223606665744,0.5007391107735981,0.49835162489015195,0.492364020461392,0.5024660881674464,0.5011090201045781,0.5019846583384967,0.4994606279664063,0.5023254560248974,0.4885044724915542,0.5046975657685612,0.49505191007291116,0.5138371111321557,0.5109547593567054,0.5046819758253608
0.5057831920610673,0.5005651076412116,0.49842299259531264,0.49247746534997416,0.5026452888974378,0.5012359623024695,0.5018844585553104,0.4992662740600749,0.5022326497813717,0.48845923419338116,0.5044837069508903,0.49490638932639275,0.5138219048003925,0.5110928728179146,0.5047750601219497
0.5056171233622111,0.5008062933837978,0.4984104985538991,0.49235813141460516,0.5026438201022487,0.5011124519760333,0.5019442401519844,0.4991813422320232,0.5022811614279911,0.488484869329993,0.504617622482838,0.49512268067042053,0.5138414002059023,0.5113586729238245,0.5046263098733998
0.5056426778583061,0.5005603285844625,0.49854069279112173,0.4921296338291713,0.5028214267148761,0.5008255840856518,0.5021927450920711,0.49933456048909036,0.5023601067770344,0.48861514925065797,0.5044116518459091,0.4951087985596879,0.5135845662522188,0.5110887710160649,0.504308355866885
0.5055410194682388,0.5004090813849866,0.4981830645636655,0.49189294306168846,0.5025560938914505,0.5008692317893556,0.5018109278132811,0.4995969361165959,0.5021007695345602,0.4886717073363468,0.504492899734859,0.49525974808113676,0.5135078441574039,0.5110238928319496,0.5043711237753757
0.5058209499365981,0.5004576745621698,0.4981493561582487,0.49191466441350395,0.5025721528733866,0.5009893121513633,0.5017508433633325,0.4996687432315586,0.5018091791197996,0.48859472540603077,0.5046065689228821,0.4952609038859389,0.5137358403112439,0.5110542156615331,0.504337307736549
0.5054965123294364,0.5004577271579519,0.49814512058097377,0.49184932261345365,0.5024540646526632,0.5009584413380967,0.5018806304582731,0.4997483910547996,0.5018128324513424,0.48850973715831,0.5045054147889371,0.49501364894762595,0.5137189283456066,0.511117996045964,0.5043470789493522
0.5052208106148381,0.5005034646179572,0.4983152097267583,0.49204464497445566,0.5024900078368534,0.5009391200461676,0.501840215130313,0.49960539294065737,0.5017805738603726,0.48863385358527206,0.5047422173469417,0.4950757619397267,0.513817971765029,0.5112250101476064,0.5042648244734775
0.50492121592413,0.5003144323785105,0.4983346313450046,0.49201002164481034,0.5022855035506266,0.5006269255501092,0.5017481803072462,0.49983651442364296,0.5017190384736793,0.4885610226568989,0.5049212328978849,0.495065736912891,0.5138223403355546,0.5111620007540767,0.5041523902392778
0.5048614125755353,0.5001300263378312,0.49858547092217226,0.4918157799449442,0.5025034456357125,0.5005584107864697,0.5018086798153323,0.4997725542746131,0.502014415207076,0.48829764926271924,0.5051333251507529,0.49514909119692163,0.5139950192042415,0.5112736703196997,0.5042211428399971
0.5049400663437207,0.5001496560236485,0.4988209253297034,0.4915750526258198,0.5024771735862996,0.5003007770579536,0.5017854967025596,0.49981346802367466,0.501911251253567,0.48820185824908,0.5050221954149007,0.4955112012323692,0.5138634910233871,0.5111800798348606,0.5041676915225629
0.5049434276027848,0.5002848803117411,0.49886893064139054,0.49152228098899003,0.502465607303277,0.500073246273341,0.5018590072502989,0.4999412178051503,0.5021456386192679,0.4883234219419081,0.5050395569589087,0.4955086169186064,0.5137192446884566,0.5112381239445103,0.5039769033751305
0.504809672468177,0.5002777379822261,0.4992767952798365,0.49158859799264726,0.5026396156418144,0.5000308419355128,0.5017769037974048,0.5000414364528241,0.5020563007714015,0.4885357790146877,0.5050842408130748,0.4954449305484087,0.5135306317639348,0.5111070686556461,0.5038074630195586
0.505151631904767,0.500313682802137,0.4991506360507847,0.4916193963744786,0.5027740474831561,0.500095704549278,0.5017961328233385,0.5000417789173757,0.5017622662240069,0.48854732768282005,0.5050336167040311,0.49538602514871266,0.5134988228181144,0.5112339626383663,0.5036870315258335
0.5051228677517168,0.5002024276430505,0.49923182422976686,0.4917040511940742,0.5028798213526152,0.5001310500611496,0.5017091750091452,0.5005324189882999,0.5014041542551315,0.4886189906828063,0.5051672071944121,0.49523952320056014,0.5136084252900122,0.5114944776130451,0.503713850193941
0.5050561262827222,0.5002421815376692,0.49916185811980723,0.4915572332871085,0.5028998417800837,0.5000836487674796,0.5017482419099469,0.500830083248098,0.5011189552213746,0.48870181714449157,0.5052820220563303,0.49523663640648236,0.5133501717975737,0.5112370131638589,0.5037034968536577
0.5051990189914456,0.5006174982028714,0.4990942006943852,0.4914489791061259,0.502824846904115,0.500276614845756,0.5019419377852535,0.5008970500406765,0.5014202209064663,0.48886361187881766,0.5051725630325954,0.4952616725303942,0.5135549738219087,0.5112103528464534,0.5037753099878142
0.5055052758028121,0.5006141187541496,0.49909700836961984,0.49176242756242117,0.5027177509606929,0.5000653823681231,0.5017910948834372,0.500946363657705,0.5014538533730445,0.48871815709744865,0.5050394211910203,0.495271699088588,0.5136975513380695,0.5112300993221515,0.504062283660386
0.5055513241757178,0.5007799740112593,0.4992331696999878,0.4915347920340164,0.5026884454075361,0.5000952345007811,0.501565796279171,0.5008851586728985,0.5015056762786451,0.48850246216068366,0.5052940113145504,0.49515010112443575,0.5136723214819913,0.5112818672630695,0.5043588229913284
0.5056417338627196,0.5009627214976197,0.4990875549798033,0.4915592178484195,0.5027845011884159,0.5002633631957629,0.5014388596807091,0.5010136069203558,0.5015082886101184,0.488713286915927,0.5050372410698937,0.4950608925077714,0.513641267721785,0.5112527443187121,0.5044840708005354
0.5054326585104576,0.5010278788491517,0.49897260665298077,0.4914588430019793,0.5028612829608475,0.5001545675083349,0.5012510008796133,0.5011868117225569,0.5014857180108256,0.4888597716978254,0.5050885772411084,0.49516559355565143,0.5138829266804071,0.5113300218611374,0.5044789309440164
0.5054394971436906,0.5010799719489553,0.4989187710853395,0.49160699957810594,0.5029779213087,0.5003217026137936,0.5015310748831284,0.5013173905627475,0.5014331953266317,0.4890769618732477,0.5051587429452336,0.4949370756482064,0.5137997651876254,0.5113435657847731,0.5047215138655635
0.5051860701171702,0.5009906912339868,0.49900435785587377,0.4916190375540368,0.5029207236201281,0.5003703361563437,0.5016127910956729,0.5012853515269655,0.5012452746771139,0.4890378168478543,0.5048737400602054,0.49478021294955793,0.513740478237095,0.5113441182965871,0.5048270372040528
0.5055008410676671,0.5010558406355055,0.4992240098754826,0.49147283131550307,0.5027863174882924,0.5002252407619947,0.5017519768209218,0.5012795649554469,0.5011893035473313,0.4891427018944547,0.5049887471659918,0.4949240078251315,0.513867699223627,0.511219797737569,0.5046798884643425
0.5053049817687758,0.5011953478256661,0.49922989952801194,0.4914875276311692,0.5025099452302293,0.5000494847448694,0.5018228996383907,0.5015282503017539,0.5009902922588307,0.48898631019088495,0.5051237665615874,0.49466041038817127,0.5135066202912005,0.5114026357354756,0.5046424034870831
0.5050627361248594,0.5011044411688993,0.49915052305245466,0.4914885196932843,0.5024140547877737,0.5001479050830628,0.501921773680934,0.5015243231237578,0.5011345069692161,0.4891480442654872,0.5049557387158963,0.49473763105201785,0.5136347713651469,0.5112546380765521,0.5045184551228795
0.505176804509334,0.50121409477758,0.49914834235337285,0.49131229971976587,0.502611378028423,0.49998236252655603,0.5017165995853159,0.5016311034166999,0.5010736047548284,0.48911179748761263,0.5049464238237368,0.49477109535068053,0.5135062061098103,0.5111078514824587,0.5042740253544977
0.5049545254135219,0.5009484605831245,0.499153401139693,0.49155552728547947,0.5024496825349769,0.5000407125290102,0.5017126651641203,0.5016876635092276,0.501021079823254,0.4890052446104298,0.5045579435610964,0.4948082544452386,0.5134159118524722,0.5111772313606331,0.504197622961503
0.50503407321868,0.50113429263474,0.4993191410972964,0.4915139575839395,0.5025334696516243,0.5000254653297441,0.5017497603541533,0.5020278182962986,0.5008671930340295,0.4890371113595812,0.5045397068763324,0.4948509316385382,0.5133796044095706,0.511187405015215,0.5040291050746457
0.5050395832539702,0.5013913507493494,0.49909516976095486,0.49121889899149856,0.502445553433387,0.5000912412507716,0.5016844714821654,0.5020503444036146,0.5010269265048075,0.4888155890930856,0.5045611954603317,0.49481499771196297,0.5134133459615193,0.5110023027613243,0.5040597551163569
0.5050620466400646,0.5015314989745333,0.49931731347778135,0.49099142180764727,0.5025950813871668,0.5000982251832345,0.5017751341191112,0.5020017354583935,0.5009374785435561,0.48871984483735537,0.5044822955893641,0.49496400424988346,0.5131064063350005,0.5109583824141819,0.5041923865933146
0.504974858175747,0.5013938460783522,0.49938054605791604,0.49094875254614373,0.5022029902463254,0.5002649848265364,0.5021928091502692,0.5018115470990444,0.5010215671275494,0.48857548979878,0.5045503884271473,0.49495043468063565,0.5131472301856495,0.5109970994702073,0.5042766961221501
0.5049916191061334,0.501437659299609,0.49956257108108093,0.4907832938999239,0.5021677289566844,0.5001663245433989,0.5020002281515451,0.5017909557790693,0.5010676970496608,0.48860426841738785,0.5044171326883529,0.495028677163387,0.5127616875108071,0.5110648442143888,0.504193753779261
0.5049899337261172,0.5014436835602835,0.49963207177542485,0.49097947923866125,0.5019893933197843,0.5003486157532838,0.5019312617681227,0.5019269710415222,0.501048401145381,0.4886370830166428,0.5043544875496094,0.4951196828761641,0.512733992276849,0.5108714946625755,0.5040853979500197
0.5048129073944783,0.5015833016414184,0.4997690579384645,0.4907476677773304,0.5020956020163431,0.5003783443204304,0.5019313351442695,0.5017756823077254,0.5010279573441856,0.48870139239661703,0.5040102158237244,0.49505544888266206,0.5126320987369354,0.5110136315454246,0.5040264258288709
0.5047100698327078,0.5017450413628313,0.4997488331752219,0.49070369847946776,0.5019304722172285,0.5003686351123554,0.5016772008439115,0.5019439995501812,0.5010573409534531,0.48883278508887557,0.5039444482268755,0.4951351781516355,0.5126432541434293,0.5110925942317972,0.5042487172266328
0.5045955697677912,0.5017753130154592,0.49950092968235515,0.4907354012231142,0.5019936688803784,0.5004088108971357,0.5017663612278582,0.5018721922840973,0.500930324340404,0.4889166992743401,0.5038890226088214,0.4949001185857584,0.5123109625306032,0.5110165828981276,0.5044581428944194
0.5043686281715566,0.5018643326292761,0.49965221730328185,0.4905550234875453,0.5021297655035312,0.5004673650155114,0.5017475699772755,0.5017808890785214,0.5008901137021035,0.48871676672957337,0.5035867922049901,0.49470374317911703,0.5122616208562157,0.5108419361497402,0.5043894546407706
0.5042390724840476,0.5018918772075341,0.4997526677532792,0.49055148283980177,0.5022073346775948,0.5008038338249844,0.501857289110818,0.5019093314020814,0.5004975844285637,0.4888075320152864,0.5034063098221355,0.4949121662701142,0.5125829455181146,0.5106866528055384,0.5043104750461621
0.5042789158460966,0.5020503716174359,0.4996418538574752,0.4905611975344327,0.5022234102630364,0.5006347153257656,0.5017940236302161,0.5017902799015416,0.5004796077920389,0.488853840186129,0.5032765615793564,0.4949799856117024,0.5126152510944785,0.5108122175016813,0.5041781314245056
0.5044607848763175,0.5020079388076979,0.4997013725863534,0.49048113871598503,0.5024537196275654,0.5009361126643161,0.5018117576139188,0.5015531239225791,0.500393004584097,0.4890074904457661,0.5033319127852226,0.494886162250328,0.5124399203660797,0.5107951544536882,0.5040858470382934
0.5046843362978147,0.5021073956073401,0.49961062803846834,0.49069267330644833,0.5022889047907085,0.5009335610808232,0.5019790756975687,0.5016640250912552,0.5004239291898951,0.4894528079561802,0.5030570675155309,0.49492245053956035,0.5126286857469442,0.5108085260743699,0.5040357389538938
0.5048916132997658,0.5021608760970162,0.4995614109694877,0.4907376411190994,0.5022823699952362,0.5009185836068317,0.5018488543511469,0.5014853929678321,0.5005185515310107,0.48962969425698805,0.5032044484632803,0.49504506199829723,0.5124813782233492,0.5108287069822982,0.5040357008260221
0.5050054076430054,0.5022255586308909,0.49962592534739,0.49097520708167985,0.5024387317724545,0.500701103281493,0.5019256650562621,0.5016126152145188,0.5003630764881409,0.489695675337845,0.5031854999742675,0.4952244337491163,0.5125071998589781,0.5107464609489075,0.5039919283619215
0.5049968112154939,0.5021661970790294,0.49962587340892706,0.49075741538955914,0.5024932729057512,0.5006701056180138,0.5019917511678468,0.5015545185620184,0.5003768533611564,0.48966883953047763,0.5031559606188314,0.49529207874747533,0.5122622506075329,0.5106985427574305,0.5040211306594214
0.5049420983847815,0.5021986202403695,0.49961440901437776,0.4908162210351745,0.5026181143723941,0.5008373148977131,0.5018153293303899,0.5015890589452385,0.5004727909183816,0.48975477234116804,0.5031566388793196,0.4951999848015779,0.5121893775543181,0.510794831625991,0.5040260118088349
0.5051913629710536,0.5022598602654426,0.4998268404265319,0.490593305696961,0.5025833708599399,0.5007941051846988,0.5017408890151367,0.5014602676354505,0.500545676121342,0.4896498952526847,0.5031946146712828,0.4952680160331962,0.5121006751119018,0.5109002972017362,0.5041540613468801
0.5053019984571259,0.5021959611162065,0.4997015319173777,0.49054213914137573,0.5025093100196791,0.5007176776684076,0.501970497654893,0.5011251922168519,0.5006285090771093,0.4897610118948992,0.5030991657906426,0.49537302172416037,0.5121846674654775,0.5112357011625807,0.5043355796560182
0.505513328828431,0.5020919138258048,0.4996168152118244,0.4904781458277812,0.5025896491170508,0.5006830155939577,0.5018309750186818,0.5011136557191296,0.5005621338514015,0.4897186814234095,0.5028987315001834,0.49545194480775034,0.5122846129881402,0.5113318554197959,0.5044139394667604
0.5053006327373701,0.5019923289778845,0.4997952709843336,0.49060206373766496,0.502655843972561,0.5007676348796736,0.50191108759855,0.5014120022192484,0.5005075636166112,0.48950135006305745,0.5028096108438386,0.4955625486441443,0.5120845103036308,0.5112247511712192,0.5044846443775082
0.5053746799197711,0.5020320937997256,0.4998591201228904,0.4905988233459549,0.5026292705545491,0.5008773645695198,0.5020827572607507,0.501260839673788,0.5004391484138568,0.4895419530529291,0.5027572537455941,0.49583688517978797,0.5121038131934433,0.5111587730075478,0.5041914957497148
0.5056147558811267,0.5019897724748418,0.49981075803103053,0.4906060934779459,0.5025965201342272,0.5010751969246106,0.5021438045896967,0.5012408655494573,0.5001694054186052,0.48954125829622946,0.5026577027234159,0.495880113180094,0.5119443037100215,0.5112980830525727,0.5044238618891642
0.505577497898226,0.5019726115689963,0.4998636262867135,0.4905666428768102,0.5024347259896544,0.5012240673038685,0.502045059718646,0.5013021199071032,0.500123017413111,0.48946921137925936,0.5025285787229918,0.4958250868510652,0.511983838774321,0.5111777271111644,0.5045652418612355
0.5053690951921962,0.5021640915364269,0.4999551114305145,0.4905421472588139,0.5023438299536929,0.5011748747006575,0.5019676000752369,0.5011313052227478,0.5001267020363314,0.48956527946170764,0.5024649630588653,0.4960578809630022,0.5117607492939037,0.5112935713639529,0.5046000480778184
0.5058114590273208,0.5021989323255516,0.5000543982278428,0.49033829757635145,0.5025918025620273,0.5012895905105499,0.5017622242855162,0.5012660608127881,0.5001044693992008,0.4896187146122152,0.5023014070643063,0.49591295628503895,0.5118761753893716,0.5115434577127,0.5047765793850615
0.5057279838791087,0.5020689290694847,0.5000788429059629,0.4903972828954514,0.502757425412211,0.5013624580505113,0.5016589437884609,0.5015858721552926,0.49996057606491273,0.4898339501674126,0.5025184984273642,0.49576106551141175,0.5117244118394817,0.511495902396757,0.5046300316983363
0.5057739103438916,0.5020285203251444,0.5000942692753368,0.490568158395547,0.5028913809996689,0.5012803432834589,0.5018659112737123,0.5016283229693204,0.5001270518552186,0.4899752520431945,0.5025196664246749,0.4958411315998469,0.5118729887298872,0.5115897237733604,0.5046840609198655
0.5058208404679484,0.502072838726737,0.5001443420500457,0.49052247296359236,0.5026996449988315,0.5014512797822017,0.5020650499030969,0.5018195322997203,0.5001600149607146,0.4900353153620738,0.5025383360714538,0.4957192019173567,0.5117209884880989,0.5117285668933774,0.5048732091439104
0.5056312654604712,0.502101108373531,0.500238630908961,0.4906026501840167,0.5028547965510471,0.5015706316060347,0.502131791733673,0.5015770250672874,0.500289343532582,0.49015451472054045,0.5025887960390264,0.4955860599008868,0.5116120498518901,0.5117255869561061,0.5049714941304055
0.5056812864767216,0.5022139041105123,0.5001701615623029,0.4905075121573658,0.5028762731775964,0.5015961338780662,0.5022066882115142,0.5015398580676048,0.5000111385382882,0.4899638655517624,0.5024275923575781,0.49569103978905993,0.5115874041469319,0.5115460699282399,0.5049231483471233
0.5056720828107539,0.5022749161758838,0.5001779292658048,0.4906990130649061,0.5026369655705356,0.5015263652169321,0.50203529195539,0.5015375879586632,0.4999281771147621,0.49015904214689443,0.5026058926349601,0.4955762643860669,0.5116369567428765,0.5115318801036712,0.5050043794857576
0.505689366590533,0.5022158683159194,0.5000373343320564,0.49075163653671244,0.5025827300774443,0.5014666084872861,0.5020236360653075,0.5016167750114086,0.4998974966441486,0.49019689046624976,0.5025047929446309,0.4954892153666838,0.5116361458917016,0.5115568933795177,0.5050532696936202
0.5056313676366916,0.5023089016153748,0.5002312244873143,0.490713860289914,0.5022345436205874,0.5013640851247428,0.502403217848738,0.5016645184515077,0.49994135146952634,0.49036388083932353,0.5027055968965114,0.49562596315123564,0.511552430735009,0.5113815909599093,0.5051499752139845
0.5057505461597097,0.502074347624349,0.5006478232501685,0.4905945886439523,0.5021117393103185,0.5014810385603168,0.5024139888329225,0.5015185372023107,0.49997538558695553,0.49025315124296187,0.5025944989171847,0.4956279467358396,0.511579512698167,0.511342688994644,0.5051727246612762
0.5057416470085461,0.502166983287593,0.500720134196688,0.4906707030073934,0.5022510260314239,0.5016078024825943,0.5021965191769638,0.5015324648856228,0.4998855077440702,0.4902969950334477,0.5028003911648932,0.4958850244846408,0.5115733090032211,0.511256651700576,0.5051584847162085
0.5057832345467245,0.5020581836928116,0.5007622539779811,0.4906652419792522,0.5019831272246027,0.5017294852352847,0.5020076090487382,0.5014214466054439,0.49976705771309593,0.49031922556681584,0.5027264920716897,0.49597822775942596,0.5112812453166227,0.5112286472432362,0.5051906648067471
0.5058168776215213,0.5019896427561548,0.5006505633796177,0.4905605512648234,0.5018966476764803,0.5016035457745646,0.5019374337360724,0.5014236967704211,0.4998140170392462,0.4903840384113792,0.5027706636977467,0.49590202984984316,0.5111895161155705,0.511113225752459,0.5052071306436086
0.505845830186048,0.5020903929499537,0.5007153227625992,0.49038117693959793,0.5018911632050518,0.5015678737131166,0.5020484716144088,0.5015230426722328,0.4997184755220037,0.4904374768396834,0.50282727084764,0.49621181129232345,0.5111968020979489,0.510929367759974,0.5052268462447209
0.5058753613169833,0.5018488207868854,0.5006207423860781,0.49038366643585746,0.5020266377558449,0.5015816865506108,0.5019081586949146,0.5016843958801321,0.4997355160867378,0.49056558571901143,0.5026649365952346,0.4962325293985219,0.5112484009052264,0.5109373337553199,0.5053613490174292
0.5058460290694587,0.5017432704399476,0.5006180428237312,0.4903829548592306,0.501937119580512,0.5014148997066766,0.5020347520006679,0.5019355530421765,0.49961015998665903,0.4905445419653104,0.5026959714970509,0.4961823737023607,0.5113707842081409,0.5107442188139915,0.5053749789905866
0.5058696226998813,0.5018468900019686,0.5004258941813536,0.4906002565773797,0.5017860902185837,0.5012851165726088,0.502144635802815,0.5020691073084566,0.49960022131811443,0.4905409667678102,0.5026354833638601,0.49624973681147455,0.5111834406825513,0.5108160199686456,0.5051548078439737
0.5059277136823408,0.5019965139398639,0.5002945861059206,0.4908639347863352,0.5018350884601013,0.5014362557711994,0.5021374937147821,0.501974972861042,0.4996183544149893,0.4905539136807207,0.5028026969372688,0.4961561352902662,0.5112182238206227,0.5107679636160908,0.5050544309895634
0.5060973933773075,0.5017797180362873,0.5001507531495978,0.4907483414676501,0.5018909142704472,0.5011730179759628,0.5021565100617517,0.5017623624629078,0.4996638435474539,0.4906866732634127,0.5026977604576565,0.4961479080699886,0.5112950830822927,0.510837658814043,0.5049183353504618
0.5060158382817305,0.501730273353491,0.5002696485503487,0.4907439197140749,0.5017814419855576,0.5010189987218104,0.5023118250670531,0.5018411918808848,0.49959627189672334,0.49090194424980643,0.5025287090805373,0.4963228403561135,0.5115382677252113,0.5108956877151424,0.5050690566754218
0.5059836197822769,0.5015078399205942,0.5003713195617489,0.49066451749871365,0.5017908829832627,0.5011852819162609,0.5024621104585806,0.5017875304787632,0.49971060772358794,0.49079739132297184,0.5026516025965516,0.4962267626067272,0.5114877899266035,0.510790154747039,0.5049540287847256
0.5059031368257426,0.5017337852695876,0.50044500146219,0.4906507178087862,0.5015534921989224,0.5013157996614294,0.5022793919295897,0.5017680895780042,0.4996721193355867,0.49072829605602214,0.5027442762334146,0.49622447317090135,0.5113040098555146,0.5106302401044104,0.5047086623675562
0.5057903599346488,0.5016967677112887,0.5004162686497166,0.4906792203668792,0.5016037872929445,0.5012229725653132,0.5019447770120701,0.5018647041628639,0.49965220142295047,0.4907569670683355,0.5030056283037946,0.4961515125706362,0.5112160241280069,0.5106009133957848,0.5045326653549261
0.5058570249836384,0.5014888790618253,0.5003173909477706,0.4906541580052992,0.5016048529954525,0.5010402935281651,0.5018446014428896,0.5019698380341813,0.49980865530824187,0.49081358191300356,0.5031053002824489,0.4961303199996387,0.5114966285200949,0.510507660105045,0.5043243121754185
0.5058364707243364,0.5013658493131643,0.5002325873393586,0.49059310070519224,0.501465407436762,0.5009267453717076,0.5019117554618802,0.501973812379171,0.4999313038323314,0.49079129524598797,0.5030115869068945,0.49622679200418246,0.511476861251329,0.510503478387284,0.5043161390651085
0.505885597322614,0.5013052147402978,0.5001309036935382,0.4906494190883893,0.501352367189632,0.5010445535367227,0.5020306151598006,0.5019422052997022,0.5000532906712865,0.4908277699432805,0.5026791843660553,0.4961834751745242,0.5112847763798648,0.5102853189820817,0.5042971516922778
0.5059387738777684,0.5011397257822405,0.5000026269671373,0.4907664703685058,0.5011625220229482,0.5011856059843854,0.5020307211338536,0.502048201717867,0.4998738466329462,0.4909057920802243,0.5028925413955099,0.4962663327347495,0.5114710495504712,0.5100644801663282,0.5041570737179313
0.5058913806223704,0.5012361522180043,0.5000974402870126,0.49072101125665074,0.5012719763192308,0.5012476340635103,0.5022099609807361,0.502132671433145,0.49991845828275916,0.4910766518155181,0.5026731182325641,0.49632927834780755,0.5115677909014205,0.5098990713876184,0.5040741099608947
0.50597173640497,0.5012843750383834,0.5001906431303799,0.49075295519497436,0.5013430873469487,0.5013059782121398,0.5021785366294055,0.5021977910735544,0.49970779503834567,0.4909880968561832,0.5026489736689573,0.49640054197023087,0.5115575484013761,0.5098958931888735,0.5038987380744361
0.5059853895682732,0.5013549780028154,0.5001297898818012,0.49073249070498093,0.5014562905294047,0.5012782657274312,0.5021375341776759,0.50241133106403,0.49974559870671387,0.4909252003760156,0.5027907482936703,0.49637634197751995,0.5115194911407566,0.5098107782651846,0.503813697030266
0.5061658530687339,0.5014555907171288,0.5002324708935257,0.4907284885048678,0.5015976065456096,0.5013657614351915,0.5024499100430764,0.5021780324566446,0.4996986541157868,0.4907834952859861,0.5026929363315904,0.49628553003521303,0.511511564895867,0.5098782420156158,0.5040304803077186
0.5061798730308641,0.5013119252262388,0.4999478775527939,0.490885907663224,0.5017300762174608,0.5011367544026762,0.5025749185025105,0.5021106824919906,0.49978008068631324,0.49075687077300595,0.5026957099887613,0.4961692580268955,0.5114823776420031,0.509827757348786,0.5040367036233452
0.5060991298159944,0.5012742893451739,0.49989381932700744,0.49083995622879284,0.5017002345647321,0.5010886125445188,0.5025962700721454,0.5020947273945858,0.49981995803915036,0.4908222662928355,0.502540570938874,0.49614477409318536,0.5115371614663667,0.5097574185238075,0.5039529281393959
0.5063133964470093,0.5013519543454238,0.49973334655207724,0.49072088423205834,0.5016643397892915,0.5012064133931152,0.5027418856474237,0.5020014977082514,0.49990343145165705,0.4908787161463523,0.5025637217018346,0.496105231984507,0.5113988719022619,0.5097805847096022,0.5040597036354382
0.5062987424705766,0.5014163821121425,0.4998182581636418,0.490586266713912,0.5015833734735416,0.5012487148221032,0.502577221797557,0.502077170607311,0.4999639014483365,0.4908417290022809,0.5026435179816123,0.49606020297676306,0.51134209296025,0.5098810548146655,0.5042136807990949
0.5063964572725429,0.5011973692386139,0.49993446593781105,0.4904957894049728,0.5016932948429692,0.5010721155604815,0.502544013548534,0.5020102227370985,0.49995615958126643,0.49067443205941286,0.5025448831497177,0.4961135183441836,0.5114828811102925,0.5098801930491543,0.5042079723606951
0.5063487570626255,0.5015347724904288,0.5002885913810631,0.49042350122881234,0.5015025258304338,0.5011033126520142,0.5024505450050188,0.5020642075069182,0.4999514738226005,0.4908669712708106,0.5025894342279914,0.4960981282008536,0.5115590995082839,0.5098612474905796,0.504047473259664
0.5064526167462148,0.5016458297845852,0.5003009421882013,0.49044013334005604,0.5013788015979513,0.5011696623793302,0.5024162999685052,0.5021104993798453,0.5000384219430646,0.49109370267740043,0.502491402075869,0.4961653072052883,0.5116358786600814,0.5099280173506464,0.5042622615285859
0.5066226963795125,0.5017172506428791,0.5000645786680492,0.49030082664572533,0.501608687584372,0.501269902195583,0.502609086008778,0.5020579887729366,0.5000963384468927,0.4910197671610629,0.5024839191543767,0.4962275223785094,0.5116313791788728,0.5099798912224567,0.5041357078636886
0.5066698794381498,0.5019557066984539,0.5001719194178597,0.49028900300640454,0.5014951424368582,0.5014443186319384,0.5025645523398814,0.5021639758543704,0.5000278523544034,0.49115735927465654,0.5025311479604111,0.4962612314163034,0.511773835553556,0.5099413265300411,0.5043881292780754
0.5067696214586689,0.5019998659945634,0.5003042874655123,0.490178662718725,0.5014050187184241,0.5013269559156395,0.5025257876845747,0.5021869511551867,0.5000676823904091,0.4911726899669004,0.502406267811333,0.496157660228909,0.5117125731721569,0.5097546563460106,0.5044407201753702
0.5066658531412077,0.5022669882446282,0.5002433505685918,0.4901566110490537,0.501468794647807,0.5015508122798722,0.5026150339923611,0.5022092476738237,0.5002892880179677,0.49137849713309073,0.5023437288524583,0.4962364163300442,0.5115856690945814,0.5097260865253507,0.5045357402424467
0.5066814507647277,0.5022441696270803,0.5001062312222101,0.489963509121587,0.5014962677318673,0.5014135131479367,0.5026581164106607,0.5022397839843781,0.5004032540455042,0.4914560382070782,0.5023473489926777,0.4962525713952332,0.5117349176078239,0.5096268032748655,0.5043811807818805
0.5067410588138498,0.5021501999654493,0.5001290888146916,0.4899709129796662,0.5013707164771304,0.5013386557696815,0.502519905153929,0.502059601651781,0.5004694655011909,0.4915011268740982,0.5021949986254814,0.49624527402128876,0.5116626674210191,0.5096493218372421,0.5043210038840507
0.5066267452694114,0.502357514910761,0.5001750188559113,0.4898315301705627,0.5012604798486237,0.5012372236581204,0.502607970935676,0.5021355054882087,0.5004706873643984,0.49144835460471303,0.5020327015289524,0.4962398865648079,0.511553283162861,0.5095789642803783,0.5042879568954979
0.5066359316176299,0.5023834450899707,0.5001391875809122,0.4899002558311996,0.5011105335071471,0.5012553795089923,0.5025469058967411,0.5019214081730934,0.500429898001429,0.4914175494344792,0.5020235742190456,0.49641989405038783,0.5117129214578695,0.5095747358863973,0.504308124153891
0.5065673842047076,0.5021397274732116,0.5002577923602056,0.48980121202485033,0.5010987826604403,0.5013274984233896,0.5026224326103188,0.5019167744438607,0.5004532598628649,0.4915186709063919,0.5020183020482861,0.49640368924804273,0.5116035867919311,0.5096259615006846,0.5043344823426584
0.5066235390337465,0.5023338163987636,0.5001719850783605,0.4899374466866278,0.5009927407043485,0.5011892201863009,0.502713500241685,0.5017408219959056,0.5004756997956624,0.49131442993822166,0.502001198859967,0.49641410409306286,0.5115899774270267,0.5096971360645525,0.5042940835329227
0.5065874016494312,0.5022846722093639,0.5002177442637485,0.4898606796287539,0.5010276062685503,0.5011593578947274,0.5027384927865846,0.501802026845497,0.500528803943643,0.4914505828439292,0.5019338531319405,0.49635947110623385,0.5115855453111533,0.5098060354422751,0.5042477407259562
0.5065380463959926,0.5021435036557416,0.5003621475700722,0.4898626475185291,0.5010885949222962,0.5012077984695308,0.5027630264918687,0.5017701414972883,0.5006649998730728,0.4914809830558693,0.5018622197026048,0.4962150191034435,0.5117104761426147,0.5099143603955975,0.5043762349317555
0.5066626151763554,0.5021583082488156,0.5001479216869061,0.4897112750980024,0.5012007043000458,0.501140173458058,0.5026087436965908,0.5016561580680682,0.5008883391780212,0.491530481853825,0.5017174097486665,0.49611009039510734,0.5115723057279609,0.5099211019147538,0.504310019582427
0.5067876428842428,0.5021681999667501,0.5001984681585077,0.48959825044861216,0.5014421839638048,0.5012208143601782,0.5026872212571266,0.5016883434187946,0.5006787839775431,0.4913427046840402,0.5016652505263139,0.49607564094440626,0.5114739757895295,0.5099247684901395,0.5041955052964665
0.5067120150552391,0.5020236334467508,0.5001589106209587,0.4895338708027541,0.5012567274076518,0.5012051576222737,0.5025599439867035,0.5017106136288725,0.5005264111922336,0.49119333040461866,0.5017327141573089,0.4962610261554383,0.5115807739240295,0.5097173612967628,0.5040604752882104
0.5067680494072349,0.5021285776332499,0.5001320374096669,0.48945744295211213,0.5014709352998916,0.501174857009218,0.502583033366499,0.501750058650495,0.5006615662437625,0.491372661713031,0.5017888065228663,0.49639761458604587,0.5114560762158208,0.5096739081818008,0.5041345981468589
0.5068512508632541,0.5020615731869931,0.5001206802653707,0.4895949714891876,0.5014723448828908,0.5011150708557366,0.5025929805418607,0.5016028371849004,0.5006807057884332,0.4912459420678166,0.5018594322396379,0.49636487757315817,0.5113777545766297,0.5096633403181325,0.5041187204207351
0.5067110832836413,0.501992197850949,0.49990468149457296,0.48962226206846765,0.5012142993964626,0.5009686148994338,0.5023751974079651,0.5014821340912465,0.5008165363660244,0.49108319365686726,0.5018375495724247,0.4964430074174395,0.5113700149815101,0.509813988854088,0.5041703811491437
0.5067597359881796,0.5020045661132035,0.49972665955970197,0.48954788504415514,0.5013238051768312,0.5009674261143918,0.5023179651038879,0.5013003738155251,0.5005960170372307,0.4910533385544619,0.5019183198635204,0.49641446870946593,0.5115320286134073,0.5096649662141944,0.5039031027322046
0.5068219576276917,0.5019966468627226,0.4996470809467413,0.48941916636647737,0.5013455156125626,0.5011106520845274,0.5022667224690454,0.5012635741573479,0.5005021011127758,0.49115489220474773,0.5020294302039666,0.49634991356117597,0.5115604699943699,0.5096669970119668,0.5039368233279794
