0.4549192837176836,0.4549192837176836,0.4549192837176836,0.4549192837176836,0.4549192837176836,0.4549192837176836,0.4549192837176836,0.4549192837176836,0.4549192837176836,0.4549192837176836,0.4549192837176836,0.4549192837176836,0.4549192837176836,0.4549192837176836,0.4549192837176836
0.4403061539102346,0.4396075732001125,0.44297397777249525,0.44070015337923035,0.4402304666969042,0.4402755888540039,0.4425420414487977,0.440695818004076,0.4399470423941888,0.44101428735508375,0.4394149929550173,0.44081380218963445,0.4408770644665817,0.4385462790101393,0.4406135190370542
0.4288183317652022,0.42720417650329623,0.43206256629084766,0.4290157601860107,0.42865918283739224,0.42845437429677075,0.43098188660819226,0.42786363336176203,0.42851544476603126,0.4292430029284445,0.4287610098367486,0.4282050771907742,0.42970744970887453,0.4256623436995203,0.4285356575934723
0.41809899176201837,0.4165678150098947,0.421741945572094,0.41916239719238135,0.4181988110605805,0.417779682622155,0.42086541273607236,0.4195770923505089,0.41891212208598244,0.41842893168844353,0.41793608001322347,0.4192608876175567,0.4195016693380571,0.4159480837837515,0.41828847891259935
0.40823750228316774,0.4077814000009229,0.41462031286367895,0.4106591797352474,0.408603732555216,0.4084853093967405,0.4119658439893308,0.4119734380203574,0.41022625815217545,0.4104353257235292,0.40814544600060254,0.41071981287796155,0.4103377531172207,0.40744868539523393,0.40976660158832784
0.39957769661415854,0.398979153432496,0.4063591942509546,0.4030304160676975,0.4004353234402392,0.4004292042622872,0.4045888595137624,0.40275609317037947,0.4035514846493961,0.4024433303164096,0.3994681979836166,0.4011084261269818,0.4022103099763222,0.3993272322954274,0.4015226363595141
0.39312034450525823,0.39239533697892715,0.3991415815404823,0.3965033948351751,0.3935183535310228,0.39509050832757875,0.39781676089665907,0.3960361802478832,0.39731090894386756,0.3940086122949005,0.39133299938542543,0.3941646761306754,0.39531752547839166,0.3926984484351659,0.3957867125082379
0.3868174677946432,0.38747928075162086,0.3927733298688533,0.3890735863087235,0.38884118553960756,0.3883734132705807,0.3915780585263617,0.3890704233166521,0.39209755682816827,0.38770408106448295,0.3859522273640078,0.3872504430214118,0.3900063327828968,0.3866108909547381,0.3893955467547425
0.3812442751160705,0.3820540959573126,0.38680770574459084,0.38206797710312296,0.38175979452362896,0.3827603265948894,0.3855956330448612,0.38297852339934263,0.3858508821736119,0.38168966394587783,0.3811159908476503,0.38132426023793176,0.3851339911389814,0.38125323740950806,0.3828891183112866
0.3765421352063363,0.37699398548041885,0.38261277331920107,0.377014638865655,0.3775860675065959,0.3789174750854345,0.3805261467268132,0.37751842864734897,0.3808208273637249,0.3772372604929568,0.3761093969920579,0.3763766586519549,0.37961533091010563,0.3753066017507518,0.3778087904787606
0.37296528507558585,0.3723668349697243,0.37703474346721216,0.3713565878875697,0.3744749217769697,0.37472162051881325,0.37609219980041747,0.37266645110460683,0.37588126479914274,0.3740664026702083,0.3723866178156578,0.37255067085404997,0.3757003326747621,0.371146116325874,0.37357145610597103
0.36872911823833326,0.36804517462155495,0.3721276817830003,0.36648514474454164,0.37056349521130777,0.3699987671620531,0.372282647020778,0.3691128204030709,0.37165096183497176,0.3706170266526958,0.36885915140473685,0.3690295560659897,0.37163767222290994,0.36708347414318526,0.3695093837774945
0.36498774156365116,0.36539310587338625,0.36933651704951614,0.3625868343242179,0.3663866036764571,0.36526904722496106,0.36829473059127515,0.364162683796908,0.36763797477517085,0.3684212296384695,0.3654244789607574,0.3648266643143668,0.367350203842968,0.36353694260547004,0.3659826828581685
0.36116637120824496,0.3612033915460196,0.3655998469733321,0.3597213765305306,0.36308864697833265,0.3628869352041788,0.3647182148078206,0.36089877551047533,0.36452399734830737,0.364846143081038,0.3621015940943875,0.361955025757966,0.3632962036649571,0.35914285147555036,0.36305820916859055
0.3579070088357713,0.3582255987443067,0.36227306757522365,0.356252212015208,0.359244997568617,0.35960307165249344,0.3616199641608963,0.3575979123837226,0.360705831434198,0.3615479565676679,0.3593150816033626,0.3586633881464101,0.35968661701580856,0.35692644177025556,0.35891428846947065
0.35582849924101345,0.35636606546892624,0.35957930073063277,0.3533615544448904,0.3550108052802903,0.3574777150223393,0.35790242225048874,0.35463910288596445,0.35735856231571567,0.35853983634471626,0.3560639054941787,0.3556690531293944,0.3559106456311157,0.3538589128794322,0.35569549182018056
0.3534829464789199,0.35299886971928873,0.35779047663719127,0.3495534903021895,0.35154625119131533,0.35466615886083896,0.3551472768377045,0.3523006573754966,0.3548566112434608,0.3551607390282943,0.3532458867603633,0.35364626682375966,0.3536021809939486,0.3513413686884946,0.3531708938881288
0.3504148081300838,0.3497693317154377,0.3557747062521605,0.347742284303098,0.34831544574397416,0.35176039664511766,0.3519836393159838,0.3502114428228989,0.35251550586321195,0.3529556856203242,0.34987314859737356,0.35184827650229633,0.3503026989482922,0.34759109738417227,0.35091632614778584
0.3486985454167092,0.34730394877740334,0.35333630134013233,0.34508569133612277,0.3461921560256048,0.34933922534641854,0.34957915328032324,0.3480918441994039,0.35070682256471075,0.3506956859826787,0.34765395792982007,0.3495711680236973,0.3478074465911701,0.3452057204037169,0.3485651928528406
0.34584549401407433,0.3446752350923348,0.3507981473130111,0.343449355226635,0.34295675278671595,0.3464630682807161,0.34769886443515924,0.3466028217985139,0.34812139871253783,0.3484265023079381,0.345042367496768,0.34748940454099186,0.34523583702280414,0.34346162140435466,0.3463812432145566
0.34301850399510564,0.34203710152047584,0.34893871638181095,0.34225910490862443,0.34121454070834706,0.34429078681671665,0.34573228155886815,0.3443434031351997,0.34643767833249745,0.34694368920390245,0.34368704861701405,0.34514616121065045,0.34268445168675726,0.3416139501666959,0.34490402358921174
0.3413662597968961,0.33992484146146995,0.34714386159788435,0.34026341711468394,0.3398471834674548,0.3423625433061426,0.3432792750453325,0.3421055755860792,0.3440176423412369,0.34400612735997876,0.34143853907081406,0.34343621532002,0.3405101416729624,0.33964401748701517,0.34276820180946954
0.33878446398296086,0.33819150559815225,0.3452443170840927,0.33786067622508503,0.3375282885168475,0.34089276888074344,0.3416939723026019,0.34023104877848415,0.34205253630825505,0.3412344448188721,0.3391698620344945,0.34129515434213104,0.33849079563013074,0.33783889224285485,0.34059978609414243
0.3370327172779837,0.3368687134317702,0.3432153588275482,0.33608956703866716,0.33542307977895824,0.3393076741003132,0.34026173558879386,0.3388613268436635,0.3396357438656978,0.3389852059746196,0.33827949452537415,0.3392192783478631,0.33645583372867566,0.33575510711624895,0.3393704627646686
0.33444797140993726,0.3355880057058845,0.34137581038730197,0.33498022104776304,0.33347462708622255,0.33749783262568694,0.33872184636089797,0.3371712999291714,0.3374475477005415,0.3376186748680479,0.33764352465294567,0.33733980841229344,0.3343201580064115,0.33378876114488276,0.3376990266862649
0.33249135758634396,0.33344101555066585,0.3397472155132872,0.33374758308844027,0.3318853909663525,0.3361778905079724,0.3374058450877345,0.33544872332822956,0.3359091271584009,0.33611762700102044,0.33647301069837576,0.33637129418006606,0.33293594235674445,0.33190344422345675,0.33617219799070175
0.33085910886695213,0.3320945049253505,0.3380085796186324,0.33130243567040074,0.33040886501869937,0.3351124578207866,0.3356521580233366,0.33416125469088764,0.33434312379905096,0.33511765887799844,0.335458181705216,0.3352348634237942,0.3314465888602235,0.33029503085549006,0.3350254306823431
0.32993664034821313,0.33075500369593674,0.3358804194267383,0.3293139453134629,0.3287901448071531,0.33291932152306286,0.3341737770141907,0.3330148461141408,0.3331590358685446,0.33255152745127664,0.3338944265556649,0.33301660242023373,0.32995736625261285,0.32864584765777555,0.33314270018063746
0.32857570070897113,0.3296810125171097,0.3345289430798932,0.32771351091273343,0.32652387535359173,0.33228734405588556,0.33311890573155195,0.33134465457264584,0.33302395889645253,0.3310137438403482,0.3324055878756887,0.3320285085920071,0.3286342659924992,0.3275054407387433,0.33133716042196115
0.32697021656892084,0.32801144834786483,0.33306950556261106,0.32767531503099806,0.32458888608949127,0.33078119465889194,0.3316570408362134,0.33008756146784524,0.3314878105418483,0.32948009743233636,0.3309926019128069,0.33137892634608385,0.3280179894651156,0.3258671358527806,0.33020337106498115
0.3253289444084982,0.32585943295732955,0.3316938451855064,0.326070809355198,0.32315889090294775,0.32878266264043626,0.3303781248199643,0.3277228816273878,0.3307680484401868,0.3276983402295111,0.33032741871987126,0.32951954693196644,0.3266029396200829,0.32517671019631283,0.3291376810171333
0.32398440819777635,0.32459041607778066,0.33086071921672183,0.3243449775702934,0.3222818038144896,0.3278285673362153,0.329150234727378,0.3263929845076787,0.32976700004829507,0.3263929283203382,0.3287414212486665,0.3282582698052355,0.32524303973700613,0.32441743957826236,0.3281792044219462
0.32221221446334325,0.3234154242729501,0.3302241344173453,0.32345172327992605,0.32133778921625,0.32714153018457776,0.3283856954755171,0.3253296213127576,0.32886334111062876,0.32541227848893906,0.3279825696545613,0.32698462931306643,0.324026292169457,0.32332113090824616,0.32705478090293405
0.32136392007864184,0.3217384644853413,0.32889153630054346,0.3225176737881528,0.32039500737514537,0.3263963161756349,0.3264772670253202,0.32420959343138167,0.3279096914006069,0.3245769710985716,0.3270476930627712,0.3260314959309139,0.3227419934517268,0.3219615055847533,0.3257557027018608
0.3196919278338126,0.3205125282734814,0.3274991169922893,0.3217016070364689,0.3198157495873106,0.325452940754401,0.3254516493732558,0.3232899602592962,0.327159338510958,0.3234562759655649,0.3252043609154904,0.3243939650929067,0.321969215496194,0.3208053534495957,0.3245564497676718
0.31852042490523685,0.3192592850291753,0.32694723847524926,0.320571173022754,0.3189672390801002,0.3234902917368513,0.32439124943646813,0.32258324073908734,0.32647345874119094,0.3228473352058619,0.32407137639072814,0.3231799166550311,0.3210962036530441,0.3201551462771905,0.3231559947932759
0.3171134365925783,0.31881772256023494,0.325988561138087,0.3198138082336169,0.3177303946145913,0.32243193141951154,0.32409758721784904,0.32176516791235477,0.3249290760307064,0.3216530825822647,0.3226964033847574,0.3220052846786417,0.3204501139031528,0.31961269535802056,0.3222831742363334
0.31579621547431747,0.3178356845721105,0.3248275625236845,0.31833264976997044,0.31666518485221573,0.32112315117195317,0.32307456770471943,0.3208094571031162,0.323886409696112,0.320159974708675,0.321343654984114,0.3214744459730929,0.31934894668386626,0.318016963135057,0.32125218198741806
0.3150274341618922,0.31694817159914623,0.32395192131301326,0.31746008463454106,0.3162787328174034,0.3201497401134695,0.3218434253375312,0.3195488282095314,0.32379705885404597,0.31950764477180515,0.32110322961082194,0.32124174572609243,0.31833198432412996,0.3170598145597016,0.31989713527576796
0.31407789494836996,0.31609026075998226,0.32359702374665783,0.3167752881801687,0.315576799808091,0.31933828008556064,0.3212592798170146,0.31850146656717027,0.32293889359236994,0.3183695378267325,0.3200334620364318,0.3205597401441761,0.31736981205892073,0.3162263009384539,0.3193184614818805
0.31377570575637403,0.314916453084595,0.32292778910934544,0.31587118967645333,0.31502566494128226,0.3189120594751519,0.32060321185304164,0.31753268790112366,0.3222513464900984,0.3173601715866855,0.3192764968547102,0.3192947194071882,0.3163586865971042,0.3151071364456211,0.3188235757011737
0.3131845981905169,0.3140379781758095,0.3219999053735813,0.31464361396043294,0.3144901297987033,0.3182449460860305,0.3199416899555634,0.3172581130086212,0.3208257853126547,0.3163988204047203,0.3185301921618543,0.31855574939223713,0.31511869510661555,0.3143674977088801,0.31762217338643467
0.31232139335927445,0.3132301301857022,0.32138415283843247,0.313899845244089,0.31378018356270754,0.31799877941245713,0.3192998451197933,0.31654664080417283,0.3198988665375214,0.31595472426853066,0.31839858850010627,0.31726871737680085,0.3147269889069876,0.31360130664616215,0.31745420763044446
0.31193303061922417,0.3126227141424998,0.32105961429505353,0.31283436712509194,0.3126039976272649,0.3169786396394994,0.318355921299703,0.31582592741638016,0.3190070716097788,0.3146635450947318,0.3174425360320823,0.3165802790355136,0.3132181197196878,0.31227405197791663,0.31680832806554077
0.3113555250456893,0.3118174212591514,0.3195563205937772,0.31210399909381875,0.3115992904736864,0.3161965323917601,0.3176512022472204,0.31519157256439656,0.3185557368243407,0.3138486551050889,0.3169984258519045,0.31598179502924606,0.31298655938621106,0.3117820088841872,0.3160113400212252
0.310942859950286,0.31118477464687755,0.3188680459885943,0.3111306650804396,0.3107266028288074,0.3151796031489822,0.3174682030536494,0.31437328105945417,0.3181153564906442,0.31294756157798803,0.3163441703833132,0.3156078732257964,0.3122943580021995,0.3110157990590863,0.31530849430105906
0.3099421368594009,0.3104732920827789,0.31783573949134175,0.31030657863003386,0.3100750867565547,0.31401601092150955,0.3172050459966199,0.3132044694019919,0.31765573966459826,0.3123312950395147,0.31602308423785447,0.3156810950558315,0.3116583736130022,0.3108085296184102,0.3147518247652027
0.30951510029190965,0.3094691743881982,0.3169063510513717,0.3095964064919244,0.3101638899401288,0.31338186870205653,0.3164546219717485,0.31253507507080436,0.3164997521112407,0.31182089573347355,0.3159443150184129,0.31482542330920843,0.31075088626264696,0.3098249768969733,0.31446832969518823
0.30921659249868266,0.3088806115771215,0.3164185449012634,0.3087488136159121,0.3093762613031821,0.3122330752256649,0.3159769710409561,0.31096809678424686,0.31559353142572105,0.3110242483987339,0.31577253587323995,0.31487984554829235,0.3103411963904107,0.30892249651599396,0.3141354255918165
0.30861665827695467,0.3082503194401587,0.31584104641629784,0.3080278051170019,0.3091149762704363,0.312007211180529,0.31561489758036226,0.31050127755626694,0.3155924662488666,0.31063125591896884,0.31489734913256867,0.31485029374743223,0.30922854065268107,0.30860512740615714,0.31334416389842396
0.30819389596363955,0.30744547342081685,0.3155570976403059,0.30752238884897,0.3089389353366761,0.31201225226882967,0.31501784338668637,0.30983362042712487,0.3147412197204382,0.30975624926464096,0.31428446656129244,0.3143490544270465,0.30852231135710656,0.3078972828404735,0.31294830094299525
0.30775530436242743,0.3066989604795894,0.3152805519388182,0.3073250558993333,0.30845994984664876,0.31160386162524106,0.3140667695717565,0.30924114299251576,0.31474308130747547,0.3094390710270395,0.31376974820612985,0.3138661578063696,0.30815059513159443,0.3071698766929812,0.31209734624989105
0.3068938194574082,0.3060391150520131,0.31535173203695244,0.30715620267487453,0.3078144470894888,0.3111417596213059,0.3135598499496457,0.30850285673580996,0.3141259448582922,0.3086448791661032,0.3135407101631454,0.3127423769812783,0.30770973780755095,0.30674242048732253,0.31142018886234646
0.306800328726864,0.3054037183302984,0.31493024448897244,0.30623384359240596,0.30737975927503786,0.31074299921225546,0.31361430862209344,0.3080945550903257,0.31374304806099335,0.3084617350132946,0.3130108330568712,0.3121593601580366,0.3073374976338355,0.3061099727906191,0.3112805646655969
0.3059890945464767,0.3054963799002477,0.314238733428434,0.30596532397927617,0.30638870001974006,0.31059715587383846,0.31280277650397725,0.3073481857537305,0.31327379389955423,0.3077374821631555,0.3125980964170913,0.3119360587164163,0.30674836681018586,0.3057979959701272,0.31050239126407
0.3052434243611818,0.30493601192353764,0.3137628532303151,0.3056948992405726,0.3056861879393574,0.31030959579081285,0.3124873961510158,0.3069224841596688,0.3127961714656318,0.3075804783583407,0.3126431185704659,0.3112609618324843,0.30621227434624465,0.30554437224637604,0.31010282389603583
0.30465553099091675,0.30454729808846753,0.31322090545872233,0.3045960621852438,0.30528834388928494,0.30929068839638624,0.31199135684110807,0.30690509858427856,0.3121828580389886,0.3075064007026684,0.31222309422504974,0.3108935293058683,0.306448749882268,0.30464350217415265,0.3099724273512538
0.3042502281518688,0.30380350490274444,0.3137831606014516,0.3046554949471027,0.3048977252619106,0.30868707581858146,0.3113993018325242,0.3061976124162441,0.3116970898239885,0.30654552085099357,0.31216258261751756,0.3104155033449428,0.3062602799757577,0.304222780799641,0.3096719869679597
0.30383590196317084,0.3032574861058325,0.31317517506676756,0.3039012890688359,0.30439920968628553,0.30826445689185655,0.3111912647422071,0.30589323698435633,0.31135876146493896,0.3061958092167207,0.3117922638246866,0.30980889651015897,0.3058227313615886,0.30379379169210735,0.3093352913499671
0.30294107360108463,0.3029934041188393,0.3124872332975067,0.30359447126779965,0.3041481274053489,0.30776846121084306,0.31093657910391087,0.3055582308593182,0.31096117837167564,0.3056974999325014,0.3114908109107914,0.309364177090853,0.3055050696748865,0.3031423922799588,0.3087574944463754
0.3022050710160489,0.30303296731869656,0.3118990688266564,0.30289106122690046,0.3036310327384274,0.3074596706089719,0.31026320098838783,0.3052702853934795,0.3102990281716794,0.3055691794800398,0.3109857361875918,0.30915357755755263,0.3051419515966359,0.3029121777492201,0.307969878877685
0.3014563040903873,0.3025949113547226,0.31121604004691245,0.3020050044060465,0.30360913069395856,0.30705803142184673,0.30982512517377064,0.30473257544575766,0.31009321954179914,0.30489573066375797,0.3105490114151197,0.3086491011014605,0.30495930650767183,0.3028914852045157,0.3076028413675506
0.3006428171462093,0.3027060481081802,0.31080920940966555,0.30177535678391965,0.3033656584664717,0.30646911982410163,0.3093143886249152,0.3043768760645757,0.31048383346774217,0.3044075398914562,0.310047392888511,0.30823829667828817,0.3047612114173587,0.30268223004971506,0.3070966121386552
0.3004972342925984,0.3022412219693832,0.3110128789965138,0.3011576220164811,0.3027176902737232,0.306205657204321,0.30901596423821287,0.3037334559185867,0.31019425329728156,0.3039615540592909,0.3101374532801143,0.3076184737778092,0.3044318136073836,0.3018563835745613,0.3064021084665003
0.30029089258177044,0.3020039346415667,0.31044478183413243,0.30098192729432854,0.30201228506717986,0.3054333718842633,0.3083742949902749,0.3035665771720679,0.30965167597224114,0.3038457337067739,0.30997997701817714,0.3075130260907856,0.30460916652691833,0.30148757605032406,0.3059985064877494
0.29955081052130345,0.3017564140253536,0.31013208684362165,0.3004629677340719,0.30163740537600653,0.30515545974524205,0.3079723131197459,0.303302292308666,0.30958538567187077,0.30419624256067357,0.31010584149721887,0.30684317841559117,0.3040164019053923,0.3011742449739609,0.3055021090629949
0.2992127950190801,0.30157915908736554,0.3097059302238954,0.30020308728060024,0.30123275935831123,0.3049021333429103,0.30753605776883863,0.30296270360442734,0.30902745871321274,0.304015805312211,0.309817143888824,0.30668481785257196,0.3039363281299622,0.3005467322763951,0.30524599190210877
0.2991166958070159,0.3010729025994492,0.3090992680279196,0.29960910895176324,0.30085357026291426,0.3048119719998866,0.30697657103053144,0.3024082823777991,0.3086375954231342,0.30361008289040486,0.3095914883688758,0.3063399789783525,0.3038748288312852,0.30007202309737635,0.305063843592972
0.2988799360678868,0.3010511337293242,0.3088038618952535,0.2994626213600851,0.3001797742093141,0.30497964428213803,0.3065428102132166,0.3016949926246151,0.30843223836397216,0.3034908499163996,0.30917738229304054,0.30581404697077597,0.3035751901778578,0.2999921635159803,0.3049806555347211
0.2982497805175097,0.30071550904979305,0.3090554791023484,0.2988550621539845,0.29951558965293656,0.30453550449375905,0.3061907148253828,0.30149120312017164,0.3077622276307527,0.303267182082532,0.3092485422408571,0.30516634898518247,0.3031602843892181,0.2997851744002351,0.30468771035027226
0.29806110826801385,0.3003972783107737,0.3088600209932015,0.29851051739928885,0.2995582666196831,0.3041541594612604,0.3055797305276801,0.3011585482520312,0.3075785731156068,0.3026201888298573,0.3088395381908584,0.3048003026674535,0.3029534599490266,0.299158559088547,0.3045494598124458
0.29761014945846875,0.3000480840615906,0.30842412571607736,0.2983485214751745,0.29907910739882837,0.3035770899857986,0.305725232324909,0.30107391544339945,0.307474015710824,0.3021201744387358,0.3086499339583337,0.30415797598364575,0.3023442218112301,0.29870869408408796,0.30399751429214655
0.29724028219128423,0.2998241113230635,0.30819027203752036,0.2979909885860685,0.29899921365763676,0.30344748287301837,0.30523231384894,0.3006437579276252,0.3073175908072516,0.3019387716074836,0.30863264694629017,0.3036315839897307,0.3022326110878748,0.2989272672240842,0.3035971302407923
0.2962606409063318,0.29974151634294777,0.3081481460216172,0.2977612490063507,0.298589753829282,0.30323192708435975,0.3048957054522725,0.300732775611747,0.30681531212121343,0.3014511181862026,0.3080929415634858,0.3034598459902167,0.3018515690959907,0.29890685508793213,0.30323731137389104
0.29560602540138087,0.299532020273729,0.30772998745908475,0.2974203364683426,0.298366980251715,0.3034442939342937,0.30508666268241574,0.3005462680291464,0.3064046470121577,0.3011628201713304,0.3075445949413081,0.30330913602973375,0.30158819191693864,0.29857541817490435,0.30284348294727137
0.2955287617688157,0.2989848288736098,0.30705449327418183,0.2970349358961971,0.2981384823687015,0.30330168052985645,0.3050669519438193,0.30063869656644193,0.3058561246136854,0.30101875794096905,0.3070193428749581,0.3027608206966797,0.30119868172862224,0.29835537566185893,0.30290239723407975
0.2951190759720283,0.2986675589336288,0.3065214062004655,0.29678388655931087,0.29804636259539985,0.3030551571839015,0.30459750187938667,0.3003061067905381,0.3057782826677859,0.3010941200589824,0.3068712550575322,0.30262907233134134,0.30071443128861464,0.29812534740974944,0.30261672906764103
0.29513995511332164,0.2985067598763945,0.30590585378758833,0.2962381762733128,0.2977976602492165,0.30295873965945963,0.30483782221796607,0.30024379006768914,0.3053095649151353,0.30077735647758586,0.30687828675062623,0.3024303722979778,0.3004874534241246,0.29760532010569885,0.3024641837541461
0.29477433350922333,0.2984498118539709,0.3058821821198416,0.29616131805894347,0.29712212268449495,0.30254339798409113,0.30456459906760525,0.2999796585104607,0.30499423695910527,0.30055477617686893,0.3070691040849017,0.30199203373583783,0.2999225473002152,0.29729310216407784,0.3022455317582033
0.29465000272978115,0.29836850654193764,0.3054402085310757,0.2957856910090823,0.2967857540211056,0.3025054228717083,0.3045139675300195,0.30002096255705873,0.3049370675139034,0.300330645004457,0.3071651342271365,0.3017322036547008,0.2999168616945802,0.29689314308340375,0.30195166991277916
0.29410673598491893,0.298035035523384,0.30539627901017796,0.29577265142614795,0.29656558818150214,0.3020097930971198,0.304407204227351,0.29951682357707377,0.30465301463003264,0.299766164764196,0.3065184333453562,0.30123181183931275,0.29943838086405333,0.2968524468024093,0.3017715099038653
0.29388772700317006,0.29781071998529185,0.30516323225930775,0.29509244227072995,0.29660916559696443,0.30212452554636504,0.30435218000812037,0.2996223941374859,0.30444873461383987,0.2994785922735334,0.3058541551764341,0.3007119563907952,0.2993199900897911,0.2962186278120299,0.30199826162853927
0.2936092420749952,0.2974806180176128,0.3050080683802654,0.2948286050742419,0.29636111201152254,0.3017363113699059,0.30413757454845053,0.2993034874062627,0.303989932916477,0.2994036397741211,0.3053932917970634,0.3007215370807768,0.29879602721585424,0.2955692949379237,0.3019073924419483
0.2930337648282907,0.29691229546395753,0.30468017471925907,0.2947150657397813,0.2960460887960982,0.30142371537249685,0.30363022441636317,0.2987359772109682,0.30341601698879683,0.2992453840992318,0.30526380071199105,0.30058167219215387,0.29857274533693684,0.29530207599054353,0.3016607824579094
0.29253954808105725,0.29713105492980674,0.3044549381513922,0.29427366135071636,0.29597903714354346,0.3014577942753398,0.30329463408269336,0.2986181124892206,0.30295313200777585,0.29948682880337174,0.30514307453204437,0.30005668633768195,0.2983439122172171,0.2949458340791902,0.30151580493628377
0.29210492872571364,0.2967702787051349,0.30407331545875793,0.29398515395618835,0.29572035692994886,0.30152365865127606,0.3028713258791007,0.29865322682873635,0.3029051646887085,0.29946299126513864,0.30504933797486977,0.2998299380983608,0.2977636052343411,0.294830963241263,0.30172731227626526
0.2918704826417592,0.29664658407003675,0.3034968730950051,0.29389594301007366,0.29543229533570503,0.3010672210569787,0.30287252722229335,0.2982942935589816,0.30223712617479165,0.2991791145206493,0.30520071066865384,0.29956804278680843,0.2973162433224752,0.29432517684627235,0.30146780265383255
0.29145938652762854,0.2965617897431256,0.3031329548728796,0.29365308638278326,0.29534780785694137,0.30059882124273973,0.30278903345038444,0.29771067311878835,0.30207313099043404,0.29908959213285236,0.3049785556835157,0.2992918429322174,0.2973769424689342,0.2939537985876839,0.3010578144067475
0.2915390370068259,0.296469142453167,0.30296476197334193,0.2933032042652909,0.2953872898600723,0.30058462110710926,0.3028946964311768,0.2971940878539406,0.30175884021713373,0.2991335348288285,0.30492146950412213,0.2992433325862259,0.29706570998370296,0.2939061994775437,0.30106903996409357
0.2917419113160348,0.29652701280980776,0.3026610847100617,0.29353355131057196,0.29535562772920443,0.3005820654171505,0.30241610429526056,0.296935437425311,0.3015066542093165,0.2992645363143439,0.30497892832517587,0.298645301704405,0.2969604775985019,0.2937304771029349,0.30088535926310706
0.2915167726183498,0.2961940135132068,0.30235948452514466,0.29307095577301867,0.2951894651546344,0.30024889940281047,0.30276450724848075,0.29650708343636895,0.30112003157227546,0.2993253247889323,0.304710667252357,0.298594250449933,0.29659015528108834,0.29359111509611363,0.3008037636668766
0.2911872940729643,0.29601589206439544,0.30195414549973637,0.2927236764200756,0.29481595071346867,0.3004078148972673,0.3028763919710743,0.29664629061466835,0.3010078360455209,0.2988779964560117,0.30433029888930335,0.2986012415043305,0.296712121460223,0.29357358108054415,0.3006841965571175
0.2909424543452436,0.2954790161560005,0.30213544297679334,0.29240865968913526,0.29468963161654826,0.2998797974169197,0.3026679552201457,0.2964417998502918,0.30096485919639687,0.29894200566740836,0.3044592625219325,0.2981207313095915,0.2964266084204303,0.29332440036185264,0.30025189449439527
0.29029990859807153,0.2952117756211592,0.3017119433267302,0.2923036016976182,0.294480511686193,0.2996928352240843,0.30242362512790216,0.2965815972254819,0.30033950673264787,0.29899021851757346,0.3047645055798311,0.29817173912799977,0.29641496055766753,0.2931562125392621,0.2998135231132757
0.2900482937842901,0.2951311226156103,0.3015816449333713,0.29216670734134037,0.2945512105384845,0.29955792089598887,0.30222510209324877,0.2960353729940256,0.30000649250374256,0.29857575445891804,0.3045890966624223,0.298337681688103,0.2967227411594618,0.2928281609699413,0.29983722970923066
0.2895474299492362,0.2951510646633707,0.3011777325562342,0.29219488237186275,0.2945535708733723,0.2991812393798086,0.30204960364007766,0.29607710516168756,0.29998659737360733,0.2984163954881682,0.30439140297827666,0.29846283506324883,0.2963401920915496,0.29299939882612647,0.299637361615503
0.28919390530580236,0.2948670130369575,0.30090982618607365,0.29180217800135777,0.2944656719370683,0.2988251380613598,0.3015004280126243,0.2958532233737581,0.29993628322345744,0.2980204605095457,0.3040094950338659,0.2984691006503294,0.296330740417663,0.292563403071969,0.29937647286640845
0.28882115325971314,0.29454541550864494,0.3008272492975699,0.29136605027937856,0.294400571275852,0.2984963651785158,0.3014520586853267,0.29543767672065574,0.2997325454646262,0.2977227994359177,0.3035235063209576,0.29837893105587293,0.29613569553768576,0.29253468951144224,0.2993365766465661
0.28878029229449875,0.2942173628335989,0.30072718891345784,0.2912029023475836,0.2939531119005988,0.2978663238276541,0.30135265054198307,0.2948970493905544,0.2995187902231845,0.29757946675973584,0.30337730720502804,0.2982647287532332,0.29606752291090843,0.2923273704702948,0.29913807130700537
0.2889177335574025,0.29393220994100944,0.3004835477522619,0.2911763958523417,0.2936002705997038,0.29759633152696424,0.3011421185118986,0.294855683764618,0.2994597965941053,0.2973605549562675,0.3030390457846768,0.2980667910016131,0.2959961835180533,0.2918465847344035,0.2989893210562311
0.2888347613054646,0.29354648988704574,0.3003636916642754,0.2907611679891898,0.29350530983519807,0.2974230386355073,0.30094389795683724,0.29474400200054357,0.2989783070565927,0.29707561936714577,0.3028934729852443,0.2979360550494097,0.29569767587271745,0.2915332484566784,0.29887759506671935
0.28844758890339844,0.2932848380694493,0.29999354523993066,0.29076644675983143,0.29323142235387095,0.29729852269377205,0.3008072247264303,0.29469741913948777,0.29892491341390637,0.29668838377257034,0.3025237696129301,0.2975216676104955,0.29595480749807623,0.29160280778252595,0.29850233174972424
0.2885126568853094,0.2931638269465878,0.2997929278432127,0.2901611802128589,0.2932494481555815,0.2971492246433994,0.30081274775911193,0.29481957501030204,0.29918107985896863,0.2964804129187124,0.30197747586487456,0.2972791694580032,0.2957166058765184,0.2916199358066586,0.2984294707269839
0.28862629738044593,0.2931980599390386,0.2995055028317766,0.2898206250525186,0.29296100133276803,0.2968095095830904,0.3007847927569109,0.2946287746187095,0.29888155341872774,0.2962999427249164,0.3016679200274306,0.2971343020225413,0.29564344965605754,0.29131805804943545,0.29837427263889094
0.2884441709473749,0.29327421589851677,0.2990868248491486,0.28966625802044904,0.2929710570718776,0.29651132717312756,0.3004363633448987,0.2944612358257899,0.2987804627495381,0.296277854935724,0.3015257755833161,0.29735681758452837,0.29580257926393416,0.2911432023398568,0.29822691454191236
0.28821943532511923,0.2931827671587388,0.298436880324546,0.28947922112257685,0.2927165978960336,0.29650870939358137,0.30036016641630786,0.2943862330940656,0.29874111835033795,0.29640080698236193,0.30138083115505526,0.2971032571942734,0.29553111641348234,0.29095835268205855,0.29779544366897825
0.2881743830656245,0.29307212291248336,0.2985853583737204,0.28927385261318217,0.2928822050608879,0.29621729017046167,0.3000192919326937,0.2943727907962719,0.298676730206647,0.2961107550281165,0.3013524842447572,0.2970362742833422,0.29554240454781794,0.29049656853043937,0.2974952344277268
0.28837923382735314,0.292978904047931,0.29831291653709474,0.2892975682448957,0.29279438511926464,0.2960947975207346,0.29976416993769095,0.29408176576792167,0.2986692907142431,0.29606991964167695,0.30112883361389153,0.29686647790612164,0.29552910486855055,0.29018773219174826,0.2970250190812783
0.28812475683979893,0.2926050702053378,0.29868288882588123,0.289106458796425,0.2930447227664338,0.2959656024266899,0.29954743753831,0.2939935490635952,0.29861728587113234,0.29602131111922153,0.3008101715099051,0.2967096843688902,0.29527804762776694,0.29019534625863674,0.2968294603273106
0.28806700980914546,0.2926033591468754,0.2983204936329932,0.2890711403716531,0.29333243813258864,0.2959678359094821,0.29965846968859977,0.2938340529036372,0.2984269197907994,0.29567390510622305,0.300818946139118,0.2964642561663168,0.2947889106108291,0.2900989933615339,0.2969405304050418
0.28800913241866155,0.29235036516437146,0.29808388646696027,0.28889106111468493,0.29311122864026845,0.29550137571291735,0.2997156681271757,0.2937744914264663,0.29778547435485847,0.29538171625209547,0.3005179872295464,0.29656577617993224,0.2947361469381476,0.28988990880014603,0.29682174458873456
0.28805117048711576,0.2919819036620518,0.29818518795588195,0.2886317163727467,0.2925990654641317,0.2953463081355712,0.29974969529852113,0.2937508535410694,0.2975800924394315,0.29532846990986616,0.3009472409409078,0.29650664322751824,0.29446053652325466,0.28983428362109215,0.29698118546182833
0.2878234874155836,0.29192172473655753,0.29820704076318044,0.2879859871920738,0.29240421833415775,0.2951622658333993,0.2994884829914156,0.2938188964683311,0.2974087127942386,0.295198067539366,0.3010499074347817,0.29639654720276665,0.2942940042209962,0.2896362234830625,0.29679111614625125
0.2874388788890923,0.29192900441825587,0.2979853127718531,0.287810118781671,0.2921148472247008,0.29481905677100917,0.2992182398927523,0.29370583767385233,0.2974204783940393,0.29525437963747714,0.30088429522358134,0.29653413744687723,0.2938712209313773,0.2896213165497047,0.2965959603373992
0.2873804384216061,0.2917858961053926,0.29808053866940065,0.2877321027877278,0.2920186165742855,0.29451724530841183,0.2989494887293512,0.29374368209170576,0.29704316673808484,0.29520712008217803,0.3005942982756336,0.2965940404519532,0.293635666953904,0.28923625441371,0.2966774847266069
0.2871604129709009,0.29191006110453266,0.29801451812767826,0.2873825238513799,0.29191094466286255,0.29447278394464593,0.29871871328100713,0.29366114531062626,0.2967340299312425,0.29481204554158263,0.300498629658498,0.2963243318916669,0.293465527655115,0.2892126259463644,0.29641956503392497
0.28684029060092536,0.2920502032193193,0.2979095331992735,0.2872849642959072,0.2917148982465834,0.29437493332315795,0.29858717564731807,0.29371186396949606,0.29683088247153055,0.2948640264452115,0.30017133826968295,0.2961512044704915,0.2934016787350757,0.28913640695954507,0.29633841862923804
0.28675686568425773,0.2919887916822935,0.2977750385076772,0.2873939898368078,0.2916419684962476,0.29410073476106924,0.2980201567486582,0.2939535441301357,0.29680289335925714,0.29459681049860115,0.3000801747356676,0.2961045166073261,0.29327358232530837,0.2890280334897512,0.2961985238290774
0.2868223925712131,0.29181077095819086,0.2976039001075385,0.2874038416188946,0.29149768594951797,0.29394519707943995,0.2980265575537562,0.29390770254326093,0.29646800332910567,0.2942598942995531,0.30012337398790023,0.295932526735749,0.2928265935449655,0.2887912972287769,0.2962990735946608
0.2864774472263401,0.29159290535139715,0.2975827823501835,0.2870614181727891,0.2914855854295666,0.2938725161794917,0.29806340889831867,0.29377671176911335,0.2963390720019028,0.29421634394742147,0.3000643133602676,0.2958202786524189,0.29262573929069485,0.2885913795533365,0.2960592365412184
0.2865243039024555,0.2917184316834916,0.2975402119383636,0.2871508713516862,0.2912637005564699,0.2934973579024172,0.29800065875881043,0.2937619758477008,0.29632729947212727,0.2941484935286714,0.2999565624456339,0.29564204055550203,0.2924551880688249,0.28850067007902896,0.29635336255223377
0.2867307957014056,0.291718247367362,0.2974502322090975,0.28717234587215934,0.29127756598186627,0.29336170398414885,0.29785892481300114,0.29368296223832324,0.29614919668609047,0.2939921373329558,0.2996765157578795,0.2954563790246244,0.2924811504796062,0.2884028559925804,0.2963201681884914
0.28660264796003165,0.2915215849113152,0.2968752674266366,0.28694798257567455,0.29094193724032685,0.2934284513500003,0.29776929694994553,0.29347193837885166,0.2962353643616118,0.29387464244179723,0.29955006697999625,0.29520665002586804,0.2923461684756111,0.28825191963580005,0.2961073673532145
0.28659997483676947,0.2912584141677378,0.2967278968897952,0.28690831447960435,0.2907485189568872,0.2933303346588832,0.29774007202364694,0.2934520157148655,0.2963635916027217,0.29375685244202626,0.2994518072735216,0.2950267004031881,0.29214906653726863,0.2882790814488935,0.2959029981918848
0.28663114353881836,0.29114958490955883,0.29656512889952047,0.286775119134807,0.2907084589834562,0.2934000992642155,0.2973841518305278,0.2933299134116932,0.2963998091277392,0.2936009476160135,0.2992566695162936,0.2947446254193493,0.29200311017007985,0.2882430919761562,0.29598164576235625
0.2863401904548681,0.290953706012505,0.2966658902875658,0.28664678602444005,0.2905439511407973,0.29328052276756694,0.2972951167265851,0.2932846257650738,0.296520405132251,0.2933801456347208,0.29942411034217925,0.2946806323180071,0.29170530187211746,0.2884020495668681,0.29620555278396654
0.28611524493251295,0.2911400365482268,0.2966488302481702,0.2864611713031934,0.2906555553199996,0.29294046620328584,0.29715340546691754,0.2933170692044558,0.2963811961936503,0.29337248948340666,0.29906712535584096,0.29445027350641284,0.2915602241649438,0.2881267885801982,0.2962095235072048
0.2859915428395887,0.2907848571614701,0.29614445706949627,0.28624997358263854,0.29077146712183555,0.2930122132996312,0.29725100223896034,0.29304690665212685,0.29634889912752715,0.29337563616651174,0.29904123926074194,0.2941387292791748,0.2915441217088126,0.2881525454704298,0.2960183388448484
0.2857698600862416,0.29055044800433133,0.29612615964334743,0.28622225361944426,0.29048799894259103,0.2928120774332158,0.2971365181698378,0.29309070533602166,0.2963302342132218,0.29330843782691296,0.29880436564789375,0.29430668156000234,0.29162130601285435,0.28846148542550715,0.29595217574861027
0.2856491754514339,0.29033501805197226,0.29605308201285163,0.28610953845927445,0.29019123594679636,0.29266410561498535,0.2972248467755117,0.29300196902589837,0.2959577378816448,0.2931377834682182,0.29872499365910177,0.2942208699422691,0.2916423803885792,0.2885971273574862,0.2956828580344459
0.28558110087486543,0.29051748032076125,0.2959068168746259,0.2861201026301065,0.290069098332213,0.2926704906659213,0.2972506143988522,0.29278518812650317,0.2958601111560964,0.29331976578761954,0.29842447215220597,0.2938386295364651,0.2915379931914269,0.28860332227290814,0.2955229691018238
0.28559571918954474,0.2902789905423997,0.29554260088250023,0.2859162849445689,0.2900055609148055,0.29227170826192356,0.2972065290200132,0.2929495795217261,0.29569869073727206,0.2935950727760815,0.298636939839954,0.29362054494964923,0.29146939179564385,0.2885257302125084,0.2952000181454123
0.2852239175329706,0.29018309627189975,0.29579856472519,0.28582507812768954,0.2898845021485279,0.2922160523862101,0.2972710283315836,0.2926923949386224,0.2955771959883282,0.2935088463690723,0.298322376355548,0.2935612812191469,0.29139366094133656,0.28845534586595956,0.29501082066164735
0.28495666952517945,0.2899476268909579,0.29589715096678637,0.2856322549482174,0.2898403137272269,0.2920946942180191,0.2969961528540858,0.2928583839166726,0.29565089544495393,0.29337556066390824,0.29801986763956323,0.2934431149578106,0.2912019647777439,0.2883584767485143,0.29498926172714707
0.2847668873963015,0.29002229470577623,0.2958483431611934,0.28550175017232476,0.28969947553518627,0.2918438571773079,0.296938056304556,0.2928366897222437,0.29564770807793367,0.2932953627560047,0.2982534141876986,0.29326578010238696,0.2910933980268081,0.288489306737647,0.2947774307874492
0.28483511590630767,0.2899745170832757,0.29566769872347753,0.2854805264753842,0.2896838627575614,0.2917041496165145,0.29690565337576824,0.29268597411176916,0.29534433179189307,0.2931741464246933,0.2979628388265806,0.2931763715983684,0.2912257794270356,0.28865596010814454,0.2948001789012393
0.2848544833164606,0.2896973951183933,0.29565614553794634,0.2852409726154467,0.28971208451653635,0.291638456084412,0.2967314600787644,0.29250547479280464,0.29528137402649235,0.29297833198506695,0.2977849860547852,0.29325117587594013,0.29128762961175514,0.2885365454458184,0.2947906981225066
0.2848878080790338,0.28994936773242064,0.2955836433967741,0.2852680629943947,0.2899721910135936,0.2915836597222975,0.29656759806430855,0.292342849316851,0.29522053379874535,0.2927011648639121,0.29755095405273185,0.29294551124873813,0.2911943440346667,0.2885666421777931,0.2945747873352796
0.28499794583163185,0.29000792104113415,0.29537131299313213,0.28529914698142395,0.2898760670762012,0.29145571753456206,0.29638453663464603,0.29222353878648877,0.2951155724200901,0.2927555602334446,0.29778080257297973,0.29274918210840534,0.2911318535620364,0.288328622231581,0.2945862233106168
0.28499535797482733,0.2899964215121539,0.2953180797189615,0.28510830396434483,0.28978768130984156,0.2912881176091375,0.29637487950856906,0.2919732195485333,0.2950948632293649,0.2926163088618788,0.2978859498899181,0.2927739444247983,0.2912876395453376,0.288160935343643,0.29454623196169766
0.2846158730686466,0.29008075313405346,0.29497770913502347,0.28488689893623464,0.28971361387608147,0.2910716083947816,0.2963650397206107,0.29184925889536883,0.2952699803674455,0.29251364581802036,0.29762770808035827,0.2924586013690824,0.2911559368981363,0.28800706902580503,0.29452922450167124
0.28439436676918,0.28996776535012364,0.2948491587593984,0.2848059555089193,0.28939373288490433,0.29121384034958386,0.29606866103184665,0.2916563891828256,0.29496617091345806,0.292600322662699,0.2977902501457914,0.29236962202054073,0.2909255921876461,0.2879444324302436,0.29450197463022504
0.28446719520927194,0.28984802965595,0.29465529123153883,0.28476425651176435,0.28950043936370734,0.29110171805134694,0.29595394825120264,0.29158504234354066,0.29508693227190097,0.29240056394189184,0.297975403239716,0.29256540138770426,0.29091628040567696,0.28778156092152285,0.2944473701063946
0.2843437429747112,0.28974933633895683,0.29446447375513674,0.2846462370768933,0.28942887082695073,0.2910229433385835,0.29578037577228095,0.2914152538322594,0.2947883062311447,0.2922788035186718,0.29772777746406964,0.29230648634344836,0.2908967953174886,0.28775777103914635,0.2944225862367904
0.2843283290029599,0.28947487147794876,0.2942077586301523,0.28447695726151356,0.28942596529505626,0.2909192583806987,0.29543581984760464,0.29124236344595605,0.2948544472246353,0.29228250698339675,0.2976722985612297,0.2921882174068875,0.29076034003569723,0.28794351477008556,0.29423903551246766
0.28433602294580024,0.28952451232310716,0.2941412013702456,0.2843781630062765,0.2893801814234528,0.2909244934423859,0.29525058341051275,0.29112418350919933,0.2946645071030375,0.2922576254046554,0.2976535829306706,0.2922522267367577,0.2907215238716549,0.28777552719334687,0.2944604978319599
0.2841702186283668,0.2892753294421217,0.2940992970873066,0.28454969610047626,0.28945425795623475,0.2905496486885714,0.2952739349103982,0.2908302930618672,0.29447466608099987,0.2921698578212481,0.2973505494659841,0.29235892953074094,0.2907929240145299,0.2878001441318504,0.2941761311486175
0.28417713794271343,0.2890535936950026,0.29395764058453483,0.2843262193319056,0.28931376790480706,0.29061483115740305,0.2955159974982031,0.2905677636077652,0.29436039990196755,0.29222994539320774,0.2973402568414491,0.29270961593352546,0.2906472603887023,0.28775601015051994,0.29375872441131107
0.2841205519415645,0.2889911195980186,0.29405833817442284,0.28415492953773663,0.28926771588470757,0.2906921195638238,0.2953062071358799,0.2905168635631487,0.2941371423230129,0.29229266719147395,0.29717169643930774,0.2926224811866854,0.290434234989481,0.2875472897351593,0.29370026138700595
0.28415431002857666,0.2890530994984712,0.29390328471558597,0.2838958416523887,0.2892909795637107,0.29062890737193836,0.2954216161847358,0.2905063783258088,0.2943423996316436,0.29220270595076286,0.2971942888549073,0.29255183047816397,0.29031683856804463,0.2876298574006501,0.29374452974358833
0.2842217027944019,0.28891459175908707,0.293795030498945,0.28381075352288593,0.28908361328503657,0.2904884181532059,0.29516488339499336,0.2905464030144768,0.29414052628285176,0.2922230671047112,0.29718802109374315,0.29267987920194016,0.2902131329835898,0.28761393184000644,0.29383162078557834
0.28425369764862385,0.28885055782379393,0.2935831814949934,0.28385049026509795,0.2888581353042928,0.29024761466454707,0.29526113037911755,0.290425158854341,0.29402102284046544,0.2921781595449342,0.2969107559235634,0.29257009121897326,0.2899817052907555,0.2874699335646148,0.2936548179643544
0.2843703873466397,0.28855279473603,0.2936326317465237,0.28379357721493087,0.2885742506310129,0.2902374418891888,0.29518227161840116,0.29032077645654825,0.2939327401844066,0.29208090814931387,0.2970692719486677,0.2924000043666557,0.28977232366299804,0.28745402917029933,0.2935060167400605
0.28455923580666215,0.2884036307834349,0.2933944851736922,0.28375622079862295,0.28845082141753037,0.2902130652425309,0.2950833265405978,0.29037554168681096,0.29377385920057586,0.29214878032193964,0.29707749771175945,0.2922215195419675,0.2896921337259572,0.28747021518300997,0.29331918838858645
0.2843645479616968,0.2883188687680598,0.2933041386505442,0.2838201231879175,0.2884036053045977,0.29003932386877646,0.29518347187286514,0.2902977330717198,0.29383437245967314,0.2922227943982687,0.2970803854510219,0.29219450448303386,0.2896761574195874,0.2872473439399374,0.29314155094189254
0.28421266515490673,0.2882282264745774,0.29347949221394254,0.28373006531167244,0.288440088334199,0.2900446906578188,0.2951440066970712,0.2901922425721457,0.293663363421619,0.29233156965432344,0.297088224362741,0.29205045408911257,0.2894683688314094,0.2871150327060045,0.2928693674302278
0.28410009630733973,0.2880285906877368,0.29340123336786395,0.28394165953274036,0.2883780601063214,0.2901170352563556,0.29521596825966007,0.290206873952658,0.293492226227386,0.2923522560849714,0.2970129103289811,0.29195461841323095,0.28934496070415755,0.2871157486220801,0.2928977341060502
0.2839806743986361,0.2878685006550179,0.2934275609775637,0.2836830657425287,0.2882371491616748,0.29005434555769627,0.29507929621139656,0.28999968965140344,0.29337831943107245,0.29217230467505123,0.29693614364667087,0.2920238159366241,0.28947692483501414,0.28688752296211945,0.2929183229615958
0.2840327335825316,0.2878425830008869,0.29366112390474325,0.2835729083711094,0.2884897072068604,0.29008894128161944,0.2948491395835173,0.2901163064263738,0.2931815503241962,0.29212668812489573,0.2969148723825889,0.291885574523668,0.28945465235118445,0.2869527656445987,0.29308768708101723
0.28400288456743705,0.287765444350405,0.2934817622175139,0.28365827857157844,0.2884340620503404,0.290035459010138,0.29512077514879703,0.2900563979458675,0.2931611156555964,0.2921981098301171,0.29678244803669007,0.29187692273288834,0.28934300733799234,0.28680930420379197,0.29302390640300335
0.2840355255207412,0.28771064830991383,0.29345993405428483,0.28364597836831557,0.2884660243444565,0.289985174974697,0.2950327413317325,0.28989462039497577,0.2932572464150203,0.292077716319946,0.29698415783764504,0.29186389996038203,0.2894660363512787,0.28665715189211466,0.29289155841114456
0.2840285959788365,0.2877874665506346,0.29316955515015786,0.28359449720608687,0.2885417142831781,0.2897275121255669,0.2949284381379387,0.2896959401015737,0.2932403820107773,0.2917471877891311,0.2969172958071897,0.29177613820811554,0.28926967085999483,0.28674363311753204,0.29275005130004106
0.2840566433012674,0.287757460636058,0.29284059501143905,0.28359893477867115,0.2883367191483801,0.2895688847967239,0.2946215479662598,0.2894179520625421,0.29297035903607777,0.29149062058989544,0.2967290815375263,0.29164341267961463,0.289138260753375,0.28651727553292966,0.2927110089494492
0.28380040815152485,0.2874179879858041,0.2926753616421371,0.28359523398533465,0.28805477394163587,0.289607591306475,0.2946252131452375,0.28937222128369317,0.2928890824933072,0.2914563468967169,0.29660753616238733,0.29169249124652086,0.2889362854305413,0.28642048717740093,0.29291027474451786
0.28393497369954956,0.2875696913939812,0.2928792557257975,0.28348828438077056,0.2880584352980345,0.2895504859455956,0.2946789389719967,0.2893148361743912,0.2928663179685146,0.2912523923948631,0.29643067985768284,0.2915232938645623,0.28888074425112703,0.28655901642653137,0.2929608915222684
0.2838464497774688,0.28745603637198025,0.2928957836435445,0.28356107856409934,0.28799571607922214,0.28928208771983055,0.29467684756205337,0.2892385984868732,0.29267203685348,0.2911567431134922,0.29627991134283993,0.29140934954097636,0.28867954491680653,0.28647373559816286,0.2929158864628921
0.283865216712254,0.28746118148997973,0.2927284650205619,0.28335809713652393,0.28789652793921916,0.2893254035050485,0.29448055645863574,0.28911049445067305,0.29245273167998886,0.29099418074066213,0.2963277976387049,0.2913957579501524,0.288612354407887,0.28643148557151277,0.2930867223729344
0.28360651134244336,0.2875138274874796,0.29264463150868847,0.28329483109262477,0.2878577011242123,0.2892336759625336,0.2944163922573242,0.28880126157789,0.29253714126943553,0.2907459279363894,0.2964402274978817,0.2913464101916837,0.28865731576653414,0.28621410617055754,0.2930069275308159
0.2835306709879946,0.28758241581132515,0.29264341868461563,0.2833808060400297,0.2877967861307665,0.2891390624202585,0.2942880514063046,0.2887661867222337,0.29254022004214403,0.2905702912831737,0.29626223836843085,0.29119962162465907,0.28849739659488693,0.28622765157305013,0.2930481706689841
0.2834165890849533,0.28739533036278236,0.29266001974917466,0.2833213808719705,0.2877379377145855,0.2891140407901297,0.2943219488471498,0.2886081627509554,0.29247056661120846,0.29044113918486225,0.29597653675552044,0.2909175964313218,0.2882794175784512,0.28606489853023126,0.292995424684295
0.28332310516877385,0.28729753002548547,0.29245386854053707,0.2832715192538877,0.2875988448228801,0.28910098299647263,0.2943181260330467,0.2884619703307961,0.2923135890424695,0.2902484511898483,0.2957629845416445,0.2908921849567813,0.28821239247396657,0.28599243515198036,0.29288852632903883
0.2832495917395612,0.28715854341426633,0.2924610024144339,0.2833303313962306,0.2876687709826789,0.28905125931632975,0.2943829041335255,0.2883476133065976,0.2920727630633814,0.2901452809025395,0.295694949846408,0.2907327929150232,0.2881311358065459,0.28595032574211,0.29276137400032676
0.2830871110220213,0.2870081518589013,0.29243215533798333,0.2833509145390593,0.28753338454735233,0.2888564653592767,0.2942463011378726,0.28820610737231145,0.292049741535704,0.2901860192137223,0.2957547734700029,0.29085378203115547,0.2880573860649669,0.2857247926675766,0.29267239871453243
0.28319070040552397,0.28688177476624765,0.292488368218372,0.2833846485236694,0.28759242661290724,0.28872115155285916,0.29415425284342755,0.28811123102487285,0.2921151248571605,0.2901864744937984,0.29550202953561516,0.290830041498216,0.2879041707005056,0.2858729166334385,0.29267265599346237
0.28316467493488423,0.2869862599639441,0.29243258540372064,0.28343436536783195,0.28772737594837294,0.2887801345598597,0.29407652850627314,0.2880258703153608,0.29192304621361786,0.29006043362910294,0.29546615304057444,0.2906147869756355,0.28788102995342807,0.28592164501418127,0.2926310559521867
0.28306403481600034,0.2868873403088462,0.29237679877980394,0.2832933261567245,0.2878446557511785,0.28873532198493396,0.2938728816544509,0.2880248540928436,0.2919727758572787,0.2899514442679952,0.29538385079521506,0.29037928068051005,0.28774198248980903,0.28583054274731234,0.2925683034980196
0.2830908729099774,0.2868040034987746,0.29245449824033,0.2833214382359281,0.2876792623928586,0.28867389925615994,0.29393114106588963,0.2879036627246767,0.2919269545039177,0.2899044153781774,0.29517811684191525,0.29047961883323337,0.28772098070979885,0.28579603351183025,0.2925726986080582
0.28306522108060084,0.2868270851607842,0.29241077820380384,0.28328011569363193,0.287803100594305,0.28858089116785585,0.2937552160202006,0.28777619874354765,0.2919124806475558,0.2898740810878854,0.29534055492342187,0.29041096298571517,0.28763246620454097,0.2857351468744104,0.2925404968336524
0.28314786502979816,0.2869311834564862,0.2923922952826412,0.2831561067120741,0.28766056209875435,0.28871383275066875,0.29350583297018623,0.2875073310555023,0.2917136849335793,0.2898323865144189,0.2952902261706505,0.29045839725833333,0.2875995859186446,0.2855404204910201,0.2924922739352654
0.28298115087472453,0.28676182811954143,0.2922434004523445,0.28294376692699186,0.28752142543696,0.28861146358059225,0.29331491834462137,0.2874461918139805,0.2917033516685157,0.28959883117037033,0.29500206193840134,0.2904442183587501,0.2874358001214033,0.2855961786277995,0.292747421682916
0.28286697876628236,0.2869169916056882,0.29226382772502235,0.28282751071977247,0.28738187675203136,0.2885253202786664,0.2932555248273533,0.2871879761563356,0.29162157252124904,0.2896723434381671,0.29486334885905885,0.29035965107112094,0.2873891393825594,0.2855762932190575,0.2926579430923428
0.282578056823393,0.28701331251556844,0.2923012796358754,0.28274191309961183,0.2875307994729928,0.2886365236636695,0.2931282600850682,0.2872733162712848,0.29143677692879993,0.28977205723352634,0.2949112556450983,0.2902005495615557,0.28729957790969707,0.2854492709692852,0.292600520118028
0.28256662285374456,0.28676186390609487,0.29223812977899094,0.2828621079866127,0.2874917640894314,0.2884930460804764,0.2929160268258829,0.2872498561779563,0.2915642252039077,0.2896194697211732,0.29480032062268097,0.29003428994910097,0.2873363071296415,0.28547945573022265,0.2925479018650053
0.2823392359707312,0.2866944522699638,0.29230737448017485,0.28290906030320545,0.28754008669639813,0.2882321756926426,0.2927755487287216,0.28746285654979453,0.2917126842270012,0.28966015724195016,0.2948200113770353,0.2898809011045016,0.28729637360323035,0.2855540947108732,0.29258911562574375
0.28247687948549377,0.28661674028169737,0.2921119388328339,0.28303075067309724,0.28748907176069494,0.2881142765388013,0.2926828685278954,0.2875068863088344,0.29166260461645366,0.2896747311534936,0.29491836045863196,0.28977581093133437,0.2871910310035598,0.2856405965982865,0.29244456809449376
0.2824366770380178,0.2865942886986832,0.29171494324762576,0.28288440790792163,0.2875750456371649,0.2879286097041449,0.2926289812835438,0.28735381938942056,0.29169567174995825,0.289666845501098,0.29484986305965194,0.28983778561894086,0.2869656953654489,0.285530484749831,0.29241215938529164
0.28255855829600446,0.286646063439498,0.2916694377343758,0.28280215800417685,0.2874889080242244,0.28795073790440845,0.29274458271118753,0.28726288985907755,0.29165886602204616,0.2896660091491353,0.29481365828984607,0.2898056417565745,0.2868571269719506,0.2854080486025059,0.29222935694370805
0.28248979115527206,0.2865346648078852,0.2917038191293351,0.2828478206602353,0.2874743052178931,0.2881746307658424,0.29261449422381486,0.28715021459365286,0.2917211401854883,0.289547973999822,0.2946009254387327,0.2897789086016893,0.28682361778260385,0.2853033701378767,0.2920170001121892
0.28243154911097723,0.2864446987945925,0.29153417177040697,0.28284737423969736,0.28716788727851045,0.2881218504018942,0.2926455966923545,0.2871339788320704,0.29159706047658673,0.28943094585660256,0.2944628461659931,0.2896629486058528,0.2866771450049314,0.2853274378776767,0.29174780839802966
0.28247373252610175,0.28648913802219533,0.2913968966051877,0.2828422463582771,0.28706960191493036,0.28806911826739845,0.2925595187852941,0.28689945524469024,0.29161013263026875,0.28924699371093593,0.29451749248630904,0.2896845084479326,0.2867514804997019,0.28535602453961484,0.2916616354276808
0.28253730524271364,0.28625694440297217,0.2913640470804951,0.2828317787294603,0.28697487639908337,0.2878402693643068,0.2924735284484139,0.28684872195709454,0.29174553613570625,0.2893283332073476,0.2943936485068856,0.2895793555429548,0.28697610253623496,0.285349380154686,0.291726311581692
0.28243154468818094,0.2863462698770758,0.2910321589391782,0.28271265088506536,0.28693288104398335,0.2876566889109766,0.29240798128406764,0.2866936107056628,0.2918367855030032,0.2893336979460912,0.2943717063428919,0.28957617357455945,0.2870320075120918,0.2855208121369533,0.291863737036084
0.28222994393091655,0.286282773241104,0.29096110236945066,0.28259714861245666,0.2869452993390803,0.28759568112009215,0.2923157972508456,0.28666447813519436,0.2918062325357675,0.2892504260145039,0.29442428069423326,0.2895412415452273,0.287052395259766,0.28543142355808104,0.2916900487172885
0.28195172899911414,0.286213291387825,0.2907510425675972,0.28268323493798103,0.28691441940471385,0.2876203066564208,0.2923006662105103,0.286510923968403,0.2917761652764028,0.28918232489772483,0.29439548529735166,0.28948056348887813,0.2872061035248996,0.2853428340309051,0.2915987793644107
0.28175094622959407,0.28605735972584895,0.29072166713988984,0.28267450785226317,0.2867413295304572,0.28750565027194297,0.29216652555329825,0.2868123834873811,0.2916387953821349,0.2890872076455072,0.2941914301221643,0.2895683163488166,0.2871359586783404,0.2852209740434098,0.29149433806388053
0.2815142707269494,0.28613228000760904,0.2906219408412168,0.2824725251040585,0.2866839212413955,0.28755344616266215,0.29224468009135435,0.2866975063643814,0.2914965025431071,0.28907594062870906,0.29414931952210666,0.289583890512905,0.28732509895185687,0.28518912320342127,0.2916504713477241
0.2814106930009089,0.2858684803512848,0.2906624541586175,0.2824842719466012,0.28671774974050424,0.28764914227238425,0.2921311896859468,0.28670149407559564,0.29136292871093633,0.2888461854254263,0.2942024710743834,0.289769151458515,0.2872422675307234,0.2850207628743552,0.2915404717867327
0.28142014997298587,0.2857979830390684,0.2906687921280462,0.28247398404631563,0.28655962813770924,0.2876683129857571,0.2920321724531855,0.28675283288817494,0.29145429662368644,0.28888363861818245,0.2940432004769391,0.289739714827603,0.2872369839858136,0.2851736568122436,0.2915977250573102
0.2813530253646203,0.2858911503401614,0.2906051294645818,0.2824248872059616,0.28650076846277217,0.28766213273135355,0.29186523823981914,0.2866967582747419,0.2915122076369182,0.2889445699150999,0.29397275222257974,0.28964695011572794,0.2871351724814997,0.28498879064546595,0.29161294095296364
0.2811643990438577,0.28580864971899794,0.2905447664573478,0.28240091310329296,0.28643122715029096,0.287607187803599,0.2918829218545175,0.28676263736332835,0.2914546799348133,0.28889140786309464,0.2938544542281735,0.2894488685198478,0.2870579052768212,0.2850062961532215,0.2914354559886568
0.2810914315715933,0.28575081175880473,0.2905001194288005,0.282262827594985,0.28630908388159493,0.2875669308992964,0.29187972129852846,0.2867003273097254,0.29143192771396886,0.2887777584175284,0.29386984051473086,0.2895197662509287,0.28681561868415884,0.2850392277683241,0.29148504497658806
0.2811230548448357,0.28566545874671495,0.2904879543365157,0.2820874006304307,0.28639149856616836,0.28754822283676756,0.29195238633324244,0.2866676833837428,0.2916072341291568,0.28874939543450956,0.2938575409124195,0.2895716518073823,0.2868130476036973,0.2848559559602127,0.29134086259128533
0.28115749530944245,0.28553387820733567,0.2905213847020675,0.2820183004090431,0.28635826449636054,0.28739932627978493,0.2919971742448022,0.2865953966698396,0.2917504646934584,0.2887122486307354,0.29368202169137314,0.2895126692492356,0.28684523553714597,0.284818851204762,0.2913526850389836
0.2810584639832359,0.28562232561126155,0.2904829055940528,0.28180361719486885,0.28631287197457667,0.287225298541183,0.29186560371346076,0.2864208066712615,0.2916915627655331,0.28858984271075416,0.29383825783433226,0.28953447483993444,0.28678045253452805,0.28485570900349544,0.2914376544310661
0.2811348648963845,0.2856391626171431,0.2903708453189505,0.2818711856882692,0.2863349574443361,0.28718661596796313,0.2917275689079225,0.2864803431979407,0.29161653504147694,0.2885935491538646,0.29375285865488315,0.2895746968793685,0.2867661857703613,0.28484694305337144,0.29151804424573
0.28102116297116814,0.2854640085866971,0.2903067496049535,0.2818158142523713,0.2863196958669506,0.2874037917644647,0.29165571690114234,0.2864328853000521,0.2915607183696533,0.2886409813313631,0.2936508953203612,0.28953900245109093,0.28687283173025346,0.2848191269716989,0.29144116136171155
0.28109061154817,0.2857535766924028,0.2902125515140895,0.2818679049876759,0.28612410916564124,0.28742393163990426,0.2915403146235407,0.28635674331467137,0.2915488357102337,0.28851126318772163,0.29357819649736777,0.28942643812858215,0.28693017127618475,0.2846974238581623,0.29146579430985164
0.28128264593117935,0.28576214647727716,0.2902968569820488,0.2820063194366836,0.2861647714825704,0.2874329620768682,0.2913783133863073,0.2863995483963116,0.29139792654357305,0.2885141754418927,0.2936683707395006,0.28936352386950126,0.28678794695926235,0.2846638721044728,0.2913092776979917
0.28134930133440267,0.2855888608678813,0.2901424186542239,0.28182498956591895,0.2862365889729092,0.28722607568313163,0.2912304254215521,0.28646139790219444,0.29136479765528667,0.288596342159463,0.29359413252047184,0.2892091785706287,0.2866847784965174,0.2846421184787586,0.2911338070160921
0.28138807698457563,0.28547781338566663,0.29018707121683607,0.2817049243156938,0.28619447276178167,0.2872526870709406,0.2912335501165327,0.28624978810250823,0.2913621983710642,0.28857369018750484,0.2934671654230181,0.28922124045625675,0.28671708448224476,0.28472631889698824,0.2912334827023474
0.28126095681026037,0.285272667939277,0.2904545144132617,0.28187495542227786,0.2860615260068196,0.28719067893564365,0.29115560365234955,0.28629674707008357,0.29129735968903714,0.2884851333324523,0.293347017382523,0.2892602503014732,0.28657692590263767,0.28472777662234783,0.2913714278448153
0.28135861623258607,0.28533470547848083,0.2903300693425308,0.28186448248634377,0.2859190568838908,0.2870664093264514,0.29106374595634504,0.28622328422409155,0.29134137607296257,0.2885070968492461,0.2934335962309404,0.2892565268948443,0.28649140931148465,0.28459429728752345,0.291333669590049
0.28140678381704604,0.2852533213046842,0.2902779513561347,0.2819761093379526,0.28565477671133266,0.28695285698768097,0.2909259701473036,0.2862012065278267,0.2914314116228184,0.28854846845291376,0.2933214598562295,0.2893900212854882,0.28641165744710123,0.2846180559273279,0.29133366299003854
0.28148190825074865,0.28518840572341286,0.29038230875853877,0.2817627247285958,0.2855296423785229,0.2870551454890178,0.29081943016012435,0.2862278632986108,0.2913772015161809,0.28847588555772424,0.2932395801796462,0.28931356342563164,0.2863109131157091,0.284636121428763,0.29118497775743835
0.2814012635490531,0.2851470425511734,0.2902799516044929,0.2817447324159322,0.2855327775600634,0.287038247211286,0.29070927886682263,0.28633325894544465,0.29133754735846373,0.2885403673674853,0.29322712535915085,0.28931600446719147,0.28614629386104123,0.2846149491593262,0.2912590615063103
0.28146931798491265,0.2849904672689789,0.29030392725981174,0.28162919587880275,0.2855407333214347,0.2870221244512962,0.29069676824600427,0.28644278906418513,0.29131115923299433,0.2885323176918812,0.2930930797172066,0.2892946993681838,0.28601631079216405,0.28454181160156716,0.2912812246039529
0.2812585274447494,0.2848838648378053,0.2903165389509767,0.28179532677308694,0.2854416495599455,0.28683773371181387,0.29061073938845366,0.2863152779658408,0.2911656898221014,0.28853972941460243,0.29297689918365405,0.28948339450780924,0.2859241202600593,0.28442580066850515,0.2914307736647401
0.281283371723855,0.2847826126301886,0.29020490137506627,0.28188408455487973,0.28542652106339017,0.2869181372118932,0.29047400059746026,0.28632216681019224,0.2909912732674966,0.2886205073189286,0.29293659593270577,0.2895159457589541,0.2858363640614017,0.2843861534111273,0.2912952611756372
0.28126706397999357,0.2847620584364496,0.29025571513285114,0.28182276495932873,0.28555226767791625,0.28690374457349527,0.29032371479703883,0.28625160569357877,0.29088715029259277,0.2884398676211509,0.2928858701944464,0.28935311144934217,0.28590870241463795,0.28421023227304615,0.29126731068509903
0.2812760209718838,0.2845286964483237,0.2903106056753091,0.28173948239840707,0.28553067470935034,0.2868010506776338,0.290511918715179,0.2861779451508502,0.29068488794922137,0.28846838029988636,0.2926978486042491,0.28939966342777346,0.28610624807743623,0.284265964017663,0.29123163395498025
0.28143735220376426,0.2844817521194738,0.2903633186103773,0.2815615239791949,0.28542301225820577,0.2866799808005113,0.29048455089904596,0.2860125309555457,0.29066725444863367,0.28850700497604487,0.2925707164596062,0.28945392052148794,0.2862568289719692,0.28421541806617356,0.2910884760988772
0.28129276740404124,0.28451856320955393,0.290329705785217,0.28142825294084584,0.2853979113903996,0.2866721778416842,0.2905419093103847,0.28608413854300124,0.2905888559638839,0.2885238989136347,0.292666076040655,0.2894550725594793,0.28630214357495615,0.2839991872065841,0.2909798878367386
0.28135741735796976,0.28470884775385685,0.2903233243893459,0.2813244775069771,0.28536791860156774,0.2867239196050588,0.2906190815344177,0.2860569650171991,0.2904757026162793,0.2883896907460744,0.2926338095180887,0.2893036570677205,0.2861880658993836,0.28375204415743494,0.2908396750969774
0.28127818906056634,0.28465952785159143,0.29022421772479534,0.28128615053678785,0.2851301534577422,0.2866822766981406,0.29061284718339564,0.2859893796989046,0.2905140346962952,0.2882640166716084,0.2925342744574094,0.2891566257814616,0.28613207634243587,0.28379351214408544,0.29076737304983363
0.2813568679832573,0.2846693371096598,0.2900323554719291,0.2811996355818382,0.2851699292734809,0.28669989689087405,0.2904386233162895,0.2860615146410518,0.29038816891614183,0.288143156602384,0.29229085044634134,0.2889599797882322,0.28611276013203973,0.28372728320440577,0.29074497611226074
0.2813746930154885,0.2843627328066226,0.28984056061173535,0.2813806663614203,0.2852620699828006,0.2868016496255166,0.2904651259579554,0.28617892925841126,0.2904367831595105,0.2879907233664598,0.292228229261549,0.28884798470064865,0.2859414085306239,0.2839153176271563,0.2907024671327982
0.2812624354486801,0.28426051318537154,0.28971921083859714,0.28130438379378925,0.2852125721860918,0.2867725032828871,0.2903267130866924,0.28585104375646686,0.29033172560427384,0.2879967388834159,0.2921554260976472,0.2888650983184499,0.28590283696781654,0.28389415755865455,0.2907261442802876
0.2811565864671064,0.284225276073815,0.2896667146051199,0.2813855479413887,0.2851711396863401,0.28667439830561364,0.29040860327864165,0.28586831765363163,0.29034764470455204,0.28792870047356073,0.292123018846686,0.2888178273125331,0.2858250144296265,0.2838835252483413,0.29072000571906254
0.2811141347714802,0.2841852344080177,0.28959280359465867,0.28131408327701707,0.2851669764762623,0.28668177294088026,0.2903861392806665,0.28581809421979654,0.29024541850525565,0.2879887170947976,0.29198857625005886,0.2887885960061883,0.285851269139371,0.284025016544845,0.2905994339016927
0.28119910398609843,0.28412446907358235,0.2895844663962524,0.28104068964797496,0.2850082896547907,0.28656371270431225,0.2902371331236957,0.2857307405202452,0.290268457614525,0.2879041401344439,0.2921272997133878,0.28885515345503093,0.285849437615699,0.2839991763182586,0.29057676893228473
0.2812818560440563,0.28416914543676763,0.28957341419926264,0.280953002800446,0.2849879633452947,0.2867045728530911,0.290186827080873,0.2858125495711363,0.29025882678701537,0.2878746273560234,0.2920677471642122,0.28886844045125587,0.2859234874863777,0.28402922099619915,0.29053616495372764
0.28113535872694956,0.28424517583634884,0.2897405629283968,0.28100205077804946,0.2849752325706293,0.28659458684886474,0.290183056721279,0.28591220506323284,0.2902608866562494,0.28780577292611154,0.2920615012344786,0.28885644237481756,0.2859349534092138,0.28413199839135167,0.2906222529386741
0.2809788354639517,0.2840693721512607,0.2897033328937265,0.28096055647196055,0.28501610059622645,0.28648307903497244,0.2902019717386288,0.2859015751741026,0.290096133171137,0.2878746796385716,0.2919744378337816,0.28886228679630355,0.28574441300356707,0.2840192194472523,0.29053462232184096
0.280843666383484,0.28415630974628275,0.28971442452892027,0.2808231194388417,0.2849462123801519,0.28640129699781747,0.2901767621244295,0.285862764813136,0.2901494901824456,0.28755908175582384,0.2921479377756853,0.2888066283968834,0.28576475538221563,0.2839726379523861,0.29057362980075213
0.2808336770710793,0.28409076049152243,0.2896230558740244,0.28079830694689506,0.2848640030678798,0.2862676605555081,0.2901834130083936,0.28592611907129956,0.2901279565999453,0.2874702955409326,0.29213567768271415,0.28865925955012056,0.2856051599404633,0.28393826181953,0.29073585677600133
0.2808730267193354,0.28406121671786166,0.28969782015745693,0.2807248923678231,0.2848419107062199,0.28623848874920393,0.2901242217102796,0.2857805828483719,0.28982942724060196,0.2874390759964484,0.2919759517545442,0.28863464268834355,0.2856615801669248,0.2839328288918492,0.29072347928928194
0.28080621415739937,0.28410779468999137,0.2896667422058134,0.28087533312061974,0.2848041054639478,0.2863357701545347,0.2900286014789354,0.28576419855061963,0.2896995987002704,0.2873325077175813,0.291967520786922,0.28867950235331397,0.28552014339070847,0.2839291773971813,0.29056049607041723
0.2809094476347563,0.28402169627413804,0.28954078225041163,0.28082860375004365,0.2847229768377517,0.286257698581044,0.2899803494949456,0.2858395198628696,0.28958664132663964,0.28728773446624695,0.2919574203931856,0.2887028912867448,0.2855497866299646,0.28400634671310343,0.2905006879048349
0.2807846394685353,0.283876495839886,0.2895819587840059,0.2808898048691605,0.2847375899310912,0.28619101304579164,0.28992755610380916,0.2858117256560949,0.2895826239211831,0.28717396926578337,0.2919533873617078,0.28857464929045173,0.28576784834664,0.2839317493211073,0.2904564729216694
0.280815269495428,0.2839133608893519,0.28959116955003505,0.2808993712133273,0.28466342174004416,0.2862401076131671,0.29006886103403,0.28581692811281434,0.2894822988791263,0.2871138407424363,0.2919117085593715,0.28848925319592983,0.28585282624642594,0.2838658731730259,0.29053931268956734
0.28075083725070565,0.28393690145419986,0.28945414164365807,0.28090243946314014,0.28466055779945443,0.2860900320030801,0.2901127611936088,0.28566676729708995,0.2894033611466119,0.2870732988400332,0.2919650489579899,0.2884800500323121,0.2858816455702893,0.2836865060562407,0.29056802615687605
0.280681272493806,0.28398266790593074,0.2893013913304489,0.2809133891369286,0.28472197892667067,0.2861761148195682,0.2899546425726513,0.2857842909578557,0.2893059784520339,0.28705558239380435,0.2920282604756474,0.28842192791162913,0.2857467989433711,0.2836676730930009,0.2905584342276384
0.2806307869272305,0.2838642144085457,0.2892373227441874,0.2808307249490644,0.2847974786144169,0.28607581068483995,0.28998714052165897,0.285601784964611,0.28923153212896463,0.2871604671517279,0.29191096405810235,0.28843879471944583,0.28561992902141436,0.28353192188815807,0.2904778321430074
0.28069319830145706,0.2835958670217055,0.28926255503875453,0.28063043519453446,0.28477849965889696,0.28618172859668595,0.2900332676945228,0.2856048188583322,0.28919592891346063,0.28706261930247823,0.2920338471648216,0.2883226302363744,0.2854904096736199,0.2834654157790421,0.2903199218400493
0.2806280171052141,0.2834675484301264,0.2892661525306952,0.28068341545086967,0.2847226533818504,0.28637695914206496,0.29015453052584755,0.2855963057498561,0.28921389254295027,0.2870995751260845,0.2920823408741668,0.2883486547766847,0.2854957363558803,0.283251827766297,0.29050068832209514
0.28068075200397563,0.2834085973864128,0.28912356476442524,0.2806276922663171,0.2847345742715502,0.28650919428748095,0.290306937887255,0.2856028932511119,0.2893812916860961,0.2871548497020196,0.29199533336407707,0.288335564412816,0.2854953566156846,0.2832799310174614,0.2904840006276586
0.28071259304893575,0.2834439475418942,0.2890728638167289,0.2806712094489255,0.28458726287265,0.28635684602174094,0.2902499589408878,0.285631794853904,0.289428338724282,0.28701708956612476,0.29188085295328664,0.28828569086825456,0.28553421756529895,0.2832131660189203,0.2906804261184194
0.28064186186466483,0.28334140909481287,0.28908149184024334,0.28050463957751365,0.2845050589391758,0.28637006867048526,0.29028130972309896,0.28559827222576034,0.2894550296376618,0.2869657628151268,0.29183240187799175,0.2883467998281773,0.2856071547399751,0.283342428611238,0.29070001555126934
0.2805118723368498,0.2831531010017171,0.28888171689057357,0.2803723294277066,0.2843707545137683,0.28646279190799384,0.29013048586270135,0.2856784528731579,0.2893885233775959,0.2869398869545696,0.29180040680219926,0.2882772494341375,0.28561283601314624,0.2833688362124501,0.2907484428041796
0.2804629803586099,0.2831790151020989,0.2887560774119405,0.2803275488779659,0.28437626311792735,0.2865920796963725,0.2900825911338484,0.28560584333667755,0.28925751805475625,0.28685828374789274,0.2918702092189156,0.28826604037493286,0.28567470172531806,0.2833279096367293,0.2907934164172757
0.2804091859543611,0.28322134092132173,0.2886907055326011,0.2801441968140117,0.28438434147734437,0.2865273608993236,0.2899327024764506,0.28561268659905226,0.2892407396679466,0.2867393664650531,0.2920181988826678,0.28813336193448047,0.28562854654884956,0.2834202742642841,0.2906803546447211
