0.29411897547055027,0.29411897547055027,0.29411897547055027,0.29411897547055027,0.29411897547055027,0.29411897547055027,0.29411897547055027,0.29411897547055027,0.29411897547055027,0.29411897547055027,0.29411897547055027,0.29411897547055027,0.29411897547055027,0.29411897547055027,0.29411897547055027
0.28899337617644216,0.2896648155380994,0.28838732775356096,0.2880194664241372,0.28810706045121126,0.28884042475960997,0.28914684266724233,0.28908279174310386,0.28851078604206315,0.289716774012185,0.2893906643589187,0.2885827722113197,0.2895212644152515,0.28775564966233264,0.29000047937500495
0.2848860035847292,0.2857806650267268,0.28417699993510753,0.2835972867669396,0.2843967727936092,0.2840202453582031,0.285033471244543,0.28420271337598624,0.28521627042660597,0.28577206464812466,0.2849202196980336,0.28455055024171155,0.2850832608536967,0.28432797439224794,0.2853601430176458
0.2805758934180164,0.28215073896830506,0.27942593342663086,0.2797230870725074,0.2801045909826701,0.2797993850217232,0.2816363106838546,0.279599979305211,0.2811462363235163,0.2822485789155995,0.2809910605830261,0.2813456150532403,0.28050409143659966,0.2799046829823764,0.2822601035356415
0.27759999270635,0.27903734039063055,0.27658401049099995,0.2773837215164615,0.27741771025172,0.2760017520732476,0.2781489683244137,0.2771201401817426,0.27796005925735945,0.2795807712896851,0.2779215082629586,0.2777682861561914,0.2774056334417029,0.2759914054000867,0.28023536566589335
0.2749461198793255,0.2761095876196571,0.2732810820796807,0.2748271551585582,0.2755661652578119,0.27309107346292694,0.27526662109696154,0.2742024206835096,0.2749383997558488,0.27705541374461085,0.2744533142018808,0.2754550145657803,0.27418713419944957,0.27298776721652745,0.27724518767315626
0.2725429088556698,0.2738383058619838,0.26988109323942433,0.2725625171689813,0.2727577101241062,0.26979667580906885,0.27331895881019375,0.27201329303826877,0.2724421664364873,0.2739088838339511,0.27258360384260394,0.27256620861263015,0.2718836162029015,0.2707123224392541,0.27573195386182886
0.26935641993097204,0.2715306989227812,0.2677705046205666,0.27033363297746044,0.270474919223971,0.2672979693597388,0.271458473792482,0.2692906062177074,0.269340516222431,0.27196247659750494,0.2705362993998172,0.2704886834854707,0.2697042168394273,0.26831010932047117,0.27366626743785877
0.26730747859582915,0.2695162203435074,0.2662891969066396,0.2687111406198571,0.2688297020013758,0.2651010813372355,0.2692842157065412,0.2665895426648196,0.26766348676664403,0.2692777049968115,0.2679850383928054,0.2691292427111496,0.2690706629958347,0.26695422637835237,0.27055426180317727
0.2662665073161987,0.2673463514008726,0.2643671142496331,0.2661261553296397,0.26638409746043296,0.2636877243943408,0.26845555559435014,0.26481287874744835,0.2655346512861943,0.2664588653098166,0.2670858595140004,0.26800144521930813,0.26705181932317,0.2648977577660281,0.2683983697170914
0.2642853532484803,0.2656415394277825,0.2625943631066025,0.264910654590666,0.26399203008641514,0.2618887562218771,0.2663005407410227,0.26234527998466944,0.2646716999417016,0.26519171968638566,0.26562439639149005,0.26715099752954363,0.26544044569237246,0.26301804345908797,0.26708151698174415
0.2625030643714708,0.2642954301263992,0.26148858196384595,0.2637212296922122,0.26219335966225027,0.26004525324405453,0.2643820753747797,0.26158713983308457,0.26222893873375136,0.26350882106272877,0.26440133499819274,0.26585934278494794,0.2634265899551871,0.26130190967267947,0.2658859838763872
0.26164757329639576,0.26249841780283384,0.25999961584224124,0.26149918885025236,0.261489147437736,0.2589597244609292,0.2628979884799791,0.26008030068634425,0.2607356063437948,0.2622696914867615,0.263416231658669,0.26412746091982237,0.2616884324110331,0.2592700240202223,0.2637667958067894
0.26038864955329144,0.2612554090831836,0.258705609526036,0.26089255360770547,0.25968634929831075,0.2577296556783301,0.2619495744575605,0.25800551514769965,0.25961527298681153,0.2612431485531223,0.2626408367094082,0.2634294886447806,0.2598117998431279,0.2577289099142548,0.2619300310771434
0.2589482884904664,0.2601588257870402,0.25742179793208503,0.2604526674018025,0.2582956292211876,0.2560890343663923,0.26060276595868204,0.25685695251208046,0.25848146880722506,0.2598859405816565,0.26079818757818224,0.26242518623878686,0.2599398813310312,0.25737941843601364,0.26076728303256846
0.2567367997876377,0.26020064845903207,0.25612744194376813,0.25899524484238906,0.2574941179089869,0.2552383142960382,0.2593056944076432,0.255530993498466,0.25799966361719645,0.25898695592561305,0.25972098495253926,0.2609162113601501,0.2589924598351233,0.2559662843943914,0.25954619526148087
0.25597483530060966,0.25914513056392297,0.25594343443894585,0.2577570006758535,0.2562855984815275,0.25467625628589774,0.25726536624168894,0.2546573414136492,0.2571705336068286,0.2582748222562667,0.25891024991453315,0.2592136789677918,0.2580494107434926,0.2544380175539937,0.25898547461731186
0.25523443540627283,0.2577942891299387,0.2553130121935968,0.2566072296559296,0.25470688118489604,0.25395506823857517,0.25633963427323475,0.25298472216275786,0.25626630959063745,0.25721505650054177,0.257738877838179,0.2589323686397838,0.2566624003151875,0.2531667183550587,0.2573046227443719
0.25430596967178154,0.2567073200244273,0.25392142766110476,0.2561781107470523,0.25341974702616654,0.2536055785367966,0.2553768156162943,0.2520749291795454,0.2551881474473763,0.25625438385077143,0.25683419506169514,0.2578383496965639,0.2554206013986527,0.25179407357726047,0.25608701371963777
0.25441563510446646,0.2560273518108997,0.2527535896163819,0.2553679048569281,0.25231294854469966,0.2526125480787946,0.2537555740839011,0.2510640883919999,0.25428283088277526,0.2549071417902717,0.2556692299977904,0.2565237742600826,0.2548252385469591,0.2513552145459406,0.25493667088864275
0.2536879680018036,0.2551517402212642,0.25153434331019575,0.2547674552136202,0.2513147045598855,0.2524176426146438,0.2527226179052583,0.25074570507403177,0.25380659289731294,0.2537018655354818,0.25461926887921926,0.25550772367278374,0.2542719886555889,0.2507150170902041,0.25394537118440497
0.2527853483384363,0.2548582368738446,0.2512008709866668,0.254072802601581,0.25084388479932845,0.25184919249209226,0.25145784572987706,0.2504990388210046,0.2532206836216082,0.2530255288957129,0.25404939757069755,0.2547135342224145,0.2533158045194622,0.24949784734167485,0.25342709393468477
0.25133830425368675,0.25369364135265315,0.2503352935515868,0.25281662350676193,0.2500144429539155,0.2513660913926365,0.25079359888799413,0.250281110593011,0.2523770147267324,0.25235532759609425,0.2529009415479638,0.2542903807925539,0.25301090746949184,0.24912829224415903,0.25278555198266317
0.25069428313500497,0.25311830511093397,0.24963385479506928,0.2524223850206557,0.24855749189479032,0.2508615239176121,0.24980436252514296,0.2502545838327257,0.2519165092241308,0.2513512311586059,0.2517578273900119,0.25351514731332897,0.25238781176458996,0.24832885083551862,0.25229670947075206
0.2503237105126682,0.2517719634084696,0.2494196549198719,0.2513912429796809,0.24813612296531778,0.2503631310287107,0.2490429285185607,0.24941663584836074,0.25105808235077054,0.25117186683543946,0.250584647457003,0.25308439087062506,0.2511853197944582,0.24812576374145165,0.25158319698523235
0.2502844090110632,0.25133545352298403,0.24880417960606588,0.251407987266918,0.24712489712536548,0.24947902585112922,0.24876128255521537,0.24849957360695266,0.25018942716132064,0.25021406101623056,0.24976058372990617,0.2524603399051178,0.2510309963996375,0.24792212629142488,0.25107530948405005
0.25015917332316095,0.25079069967223383,0.2476180112019187,0.25032105331980614,0.24692660614745252,0.24910838378452815,0.24880449679264785,0.2480253550908026,0.24946758208411698,0.2497225722662505,0.24900678024966794,0.2512962737164462,0.2507649103034338,0.24723020486487735,0.25018913627606537
0.25033155694732434,0.2501534038060712,0.2472414101782548,0.2501518900676306,0.24652889102445727,0.24833276648237934,0.247805523235264,0.24717814359139634,0.2485246517617153,0.24953443925813168,0.24843533941090362,0.25062225540304806,0.25007403632703246,0.2464574519314287,0.24978159456837903
0.24978694032093232,0.24915913858433975,0.24637278977454566,0.24979190287700584,0.24603289868840716,0.24769106082479614,0.24697109826966476,0.2467994124961001,0.24801537281512487,0.2492180592119555,0.24839621465875722,0.25050175443757833,0.24952457060269673,0.24534371066089783,0.24954330866698643
0.24965864538061464,0.24902766935406556,0.24632147826266867,0.2498105437624709,0.24569929808502694,0.24746123185459362,0.2467019733117832,0.2464081110905774,0.24806859312496346,0.2490537347652839,0.24778746514048566,0.24979405482658756,0.2489810873655112,0.24462084493699604,0.24915172052442017
0.24933816340784648,0.24790903827096458,0.24623800685112884,0.24924922166338434,0.2455123903276475,0.2472309375960238,0.24700325822016436,0.2462709362236201,0.24778066508099789,0.24862518723701685,0.24686692542564082,0.24887923562568534,0.24892792203182756,0.24358887171473254,0.24872263922392637
0.24911306179055573,0.24752193024176614,0.24573219893020137,0.24897041231073905,0.24534665937753886,0.2470857907445036,0.24634286181376194,0.24606389330706985,0.24749406763007437,0.24790904180517942,0.24657806691361583,0.24855708518403394,0.24913708836186582,0.24306473626302624,0.24861987649826311
0.2487462680977414,0.24720346063139567,0.2457574446942301,0.24860517912816693,0.2451180237330263,0.24674514296307706,0.24661855163847282,0.24554203661433877,0.246600806086264,0.24762580479857235,0.2461030164769673,0.24809368642687393,0.24880955523606793,0.24253684484190383,0.2480845098131348
0.24861425226944345,0.24668378323029463,0.2452573573454506,0.24794658853964727,0.24470899062346577,0.24604309177244965,0.24636585603922315,0.24509338449295517,0.24623880362474382,0.24681343843053877,0.24566387843089865,0.24771621173650657,0.248103510073196,0.2420331180360728,0.24745746373039293
0.2483267500892072,0.24632478822435552,0.24469329670788886,0.24768549753282418,0.24478575309795736,0.24554621093884726,0.24601497448755225,0.244929154132076,0.24537581178820322,0.24675943344426038,0.2447928905683741,0.2473773301430868,0.24738841516552146,0.24158435812108384,0.24723158022358221
0.24788260252230954,0.24584772638118857,0.2442125714616888,0.24706235594783232,0.24463393953454465,0.24498572983592054,0.24527544218092862,0.2452101437936347,0.24474842588934154,0.24655625129272737,0.24407732562914555,0.24703432041215023,0.24694627608045955,0.24107739614789359,0.2465807544134792
0.24762052200312626,0.24546876481382446,0.24399311539338053,0.24657859462222376,0.24417964630087818,0.24447454169315921,0.2449723293115922,0.24534468308108762,0.24415353582374286,0.2454986551793998,0.2436379451722633,0.24670169626260446,0.2465474386635109,0.2404627806889309,0.24623039160784094
0.24771252350304723,0.24540757111761524,0.244055010768211,0.24662637431741563,0.24398203124892553,0.24393683149481393,0.24481235173381571,0.2444813161237995,0.24376054587975005,0.24502482793690553,0.24317122423618348,0.24582509719623113,0.24630286406121565,0.24023744614263826,0.2460684825958731
0.24739987822923104,0.24516782467622794,0.24423710839585674,0.24634212057462435,0.24384559197545377,0.24357219138295033,0.2449904439291068,0.24402314146900517,0.243510889656342,0.24460436742473912,0.2425703886517807,0.2457156883426839,0.24620501384184382,0.24044502816372032,0.24578194261992206
0.24732807158965198,0.24502937810153316,0.24415214334288862,0.24602009405464315,0.2438057839732056,0.24299805640000272,0.2442894644401457,0.24397166937574333,0.24298806593114097,0.2446059371705574,0.24210865518636532,0.2454055064196661,0.24642268475997064,0.240581289650775,0.24532206486380545
0.2472674537506088,0.244931484058496,0.24393059284082347,0.2458367550304025,0.2431388203326687,0.24289640030371046,0.24393119934117669,0.24347793134959586,0.24226877252904172,0.2442958752395183,0.2420776560212226,0.2452180924822415,0.24611058077404813,0.24039106306548325,0.24514852386922514
0.24726922222644532,0.2447172569053808,0.24365202796064891,0.24575235456597574,0.24301183887325561,0.2422644561619176,0.2435699330231332,0.24321275954515273,0.24171858793153186,0.2435865013727411,0.2419047361412977,0.24493340732455318,0.24577277612108367,0.23976595195696263,0.24485727820829203
0.24666070226499112,0.2449743821565828,0.24342325109021135,0.2457749062272781,0.24300095838006194,0.24189715690797975,0.24333189057999208,0.2426319901137287,0.24167232895912036,0.24344376713891733,0.24123507971587257,0.2444755739547789,0.24546833206276733,0.23951506744079457,0.24479989434896032
0.24615849674284482,0.24471916568594326,0.24327823308642654,0.245252772970132,0.24234286809937516,0.24173235387856623,0.24319680791181986,0.24251007584880754,0.24112041835788198,0.24370561175663272,0.24079000060880582,0.24435628085231195,0.24542035308693533,0.23917486807812213,0.24452065095700265
0.24572843534017108,0.2444146021977497,0.2432107394862487,0.2448930205991303,0.24204345812912276,0.24108197729427694,0.24280345842267273,0.24245365355656565,0.24060364169025802,0.24379953100043386,0.2407777219861543,0.24467201454982204,0.2448173417759132,0.23904785555369173,0.24486309121999364
0.24549595843932753,0.24430545449133512,0.24259190868733732,0.24447207124666626,0.24188565123314093,0.24106765780462724,0.2425500941746789,0.2423104596987007,0.24065342609854098,0.24347195535222796,0.24050698095874032,0.24429924143934598,0.2444799980241595,0.23949727310420285,0.24488555075912063
0.24498571646200315,0.2440820998088031,0.2421285075631471,0.24417449498862492,0.2414744322937072,0.24061928369572091,0.2419770741775319,0.24250603019441827,0.24013169412105023,0.24324422266640514,0.2400584632281001,0.2436781798890769,0.24441067934599123,0.23925647861383748,0.2445428601699407
0.24487339759843751,0.24377310516890793,0.24205229303148842,0.24400513799656282,0.2417473527222777,0.24025233845514338,0.2418832195399398,0.2425191419696678,0.23964391526232573,0.24294590691476936,0.23956609895984957,0.24311640622936143,0.24397134064399978,0.23884570926141452,0.24445905008098726
0.24444169242670596,0.24360567339050637,0.24161213305684648,0.24343684775083452,0.2417702959337097,0.23970299623333233,0.24159981757703702,0.24208900901537744,0.23939510923576093,0.24236100524721285,0.23970991469055714,0.24294183079677378,0.24352240119276689,0.2391905450568425,0.24385703315678184
0.244188224408677,0.24361632400903266,0.2417172678217326,0.2432316029804715,0.24179348597148737,0.2394030578441587,0.24120034738489768,0.24151500165894516,0.23942018097208545,0.24226136614174068,0.23950808645710833,0.24296024843897984,0.24351883689693687,0.2382533264671105,0.2434275323800103
0.24412375062936006,0.24293926213478712,0.2412255348323722,0.2427757312375214,0.2416578301042103,0.23920812544778322,0.24112482097596702,0.24167754880824885,0.2392236578671757,0.24183306430604137,0.2396513540626946,0.2431243939427256,0.24339725819136357,0.23794623515605143,0.24324553923746658
0.24370823468610084,0.2427753438660718,0.24126685780987583,0.24260027478503587,0.2412332313007625,0.23910878028253607,0.24110649843339244,0.24113660818805147,0.23901208477741415,0.24167631928629468,0.23954447365206233,0.24314113617650648,0.24330326520648007,0.23733487501136846,0.24327491972966456
0.24354758783100802,0.24310330837721336,0.24081530088137443,0.24200290482723338,0.24135461226082686,0.23883459050052908,0.2411938662900326,0.24087104645441745,0.23908009283766757,0.24172277371971246,0.23907488993520595,0.24356507557625243,0.24315079253460808,0.23736929258701467,0.24313385995699396
0.24359910218828146,0.24302806540634975,0.24068858785495534,0.24187986240905332,0.24084514729652556,0.23851884703218873,0.24089610647884885,0.24043846741536606,0.2393592731841022,0.24099036951524674,0.2385947092188905,0.24362773158284756,0.24277196814448096,0.23704067149295946,0.24271949901669618
0.243056368627568,0.24303063025104235,0.24050063213871134,0.24142256176638724,0.24048085416737017,0.23864565877527175,0.24049518037429918,0.24025323520399575,0.23920398268235157,0.24083873758629476,0.2382399145140947,0.24308352090758512,0.24229519795676568,0.23680092954811907,0.2427163983171981
0.24253922721173488,0.24305695743066322,0.24020701977491424,0.24146840826874574,0.24019399906799846,0.238394436194493,0.24052045517350445,0.2397798129315854,0.23901337842872977,0.2402931055732651,0.23808519091497385,0.24266480916711167,0.24207345641812117,0.23628252287206444,0.24263966144675175
0.24266048461671988,0.24305771632994713,0.24003404524737715,0.2414531359098847,0.2398690606832962,0.23783221214981853,0.24097072610965675,0.23935032021562008,0.2391381968793071,0.24029964199394555,0.23794425189417423,0.24247120214735657,0.24187853767638723,0.23575999616205368,0.2425210995859033
0.24242890252174196,0.2429343972028203,0.23997469205308375,0.24111709368460943,0.23991242001507274,0.23762332849214557,0.2409806613601993,0.2394186145736761,0.2389549001880153,0.24004021414794352,0.23787785836531664,0.2425611502532728,0.2414118641904476,0.23568631150016592,0.2421700508384308
0.2427610279216239,0.24239457779609058,0.2393799070933851,0.24081545531332896,0.24010675836962783,0.23763845864866587,0.24058246808801365,0.23927000335151766,0.2386838798764038,0.2400098299319268,0.23782470398303168,0.24243469063088027,0.24137830296376517,0.23549882889744964,0.2423671790736674
0.2429446051234008,0.24189780015527934,0.23946182550410117,0.24071013253072515,0.2397888315083766,0.2373400388101578,0.2405833782814806,0.23920282387894093,0.23852896209728447,0.23979415003447827,0.23793525901926313,0.24216237094918114,0.24166372128762312,0.23559306367126823,0.24223969720778388
0.24255831539762301,0.2415603662242948,0.23941762394828384,0.2405293720414237,0.23967004950433515,0.2372895472774855,0.240143399577658,0.23908763398229524,0.2383762110661237,0.239587016055039,0.23758957838727757,0.24184188311293572,0.24156950584612888,0.2353968837757467,0.2418167758753735
0.24262850770757022,0.24156088691899244,0.23941860166802956,0.24011641641067644,0.2395338323554265,0.23712651738059326,0.2398616946394762,0.23872935069995027,0.2380991399407868,0.23923264255549057,0.2373566600242691,0.24125113506839552,0.24160939925456812,0.23522768503618996,0.24195659222328084
0.24226234830567522,0.2413207820294585,0.2394872516068671,0.24002259276949428,0.23944573672292813,0.23698929160203197,0.23937464701958722,0.23843530659631335,0.23781289544620007,0.239155131917939,0.23720527939094396,0.24135046794161327,0.24158698241647902,0.23472351054807755,0.2417809689436745
0.24219077849372808,0.24136949891996676,0.23931115804373834,0.23997097621513871,0.2392475661065796,0.23696496720195465,0.23920977683875078,0.23801212832095398,0.23764906864035343,0.23870100667951646,0.23696610390257633,0.24091093793408674,0.24118602172277542,0.23460681776222808,0.2416810476693246
0.2418084062865522,0.24106596051920223,0.239354350227997,0.2399304968506792,0.23885779526264062,0.23660769749104396,0.23907382091237392,0.23780819413576926,0.23782103500221044,0.23880499325760557,0.2371086484538276,0.2407793715752908,0.24085912484293973,0.2343003483377335,0.2414688668121861
0.2418212425277548,0.24090765917184095,0.23916557136883498,0.2398511502896648,0.23896817937136217,0.23682052699367095,0.2388695467090645,0.2377078284251587,0.2381420677582243,0.23893069625134314,0.23707807007633336,0.2405096330808807,0.24051044605311456,0.23388407833811695,0.24125212303396829
0.24156844693693902,0.24060047950959246,0.2394249050806063,0.23955175527210362,0.23878707850051675,0.23679287735930596,0.23903685340818379,0.23727520700895166,0.23781896859295995,0.23865283208040808,0.23691626520475662,0.24043929210457446,0.24049801646792662,0.2336511053551015,0.24121575982234647
0.24144172371731468,0.24031089222536178,0.23964074145191622,0.2392676044903317,0.23868293037169516,0.23663652238907634,0.2387218464594226,0.23725913387582886,0.23776362768287101,0.2388145114051103,0.23670103109649235,0.2403902963410535,0.240404671515803,0.23371898713445638,0.24073149967260826
0.24132707877962004,0.23986073228698684,0.23952565209319776,0.2393418959564941,0.23844860769926227,0.23685821193292741,0.23858541257273877,0.23718919995172236,0.23779068755089858,0.23894609026263783,0.23653797114085776,0.23989712290292328,0.24022209427333233,0.23340017099983237,0.2404969587069769
0.24099154602592654,0.2398294168826038,0.2394350046805542,0.23927939696279266,0.2382958023354457,0.23687836678822766,0.23860945231488045,0.2369034553474448,0.23782410454735342,0.23881079609761363,0.23592621526191954,0.23954169873280778,0.2401007187236694,0.23307853291694283,0.24080280060904166
0.24034290957033277,0.23965720570418717,0.23928717173016725,0.23925039226061398,0.23809602913127584,0.23667571050863237,0.23855952323698076,0.23676160263273027,0.23759919665356238,0.23888952076580097,0.23590767543055075,0.2392005901322983,0.24004047270246032,0.23283510375829228,0.24074796614158683
0.2407528973758344,0.23956381420099312,0.23908059512220628,0.2392542136386673,0.23802213270774183,0.23669984001422967,0.23836835536556736,0.2368076413551039,0.2375221043392603,0.23881595682540877,0.23616416265858317,0.23948739720162301,0.23966006487145022,0.2325158138528677,0.2406040915786296
0.24067561555162625,0.23934991349997736,0.23883531379274744,0.23951374283548876,0.23791667100059705,0.2362803024626903,0.2382230555786285,0.23696821865524959,0.23744258806857726,0.23875661492272945,0.236112934922943,0.23950704122966152,0.23965107601433,0.23242087301095105,0.24053686444477437
0.2407562472452818,0.239079863891965,0.2384368106490292,0.23918181669845348,0.237846263092012,0.2361903428812398,0.23809903869336477,0.2366298163203366,0.23744498201520692,0.2387675684903058,0.23587237591162358,0.2393227817252007,0.2393887231693276,0.2320801458097356,0.2403678488615543
0.24067535843230933,0.23908443866889623,0.23822345889910573,0.23882611822102665,0.2380020591517839,0.23600111327329906,0.2376396812475767,0.23661318960718938,0.2375601433486159,0.23841663598630355,0.23585760368595454,0.2393189615276844,0.2391554505544972,0.2320652323933653,0.24036311550307704
0.24041391835698567,0.23907757172093663,0.23823275306884859,0.2385848897193635,0.23792651837418566,0.2358930249757467,0.23741647994477985,0.2364190671666565,0.23746209570411986,0.238342039186213,0.23570376727600922,0.23890874280083424,0.2389940887441464,0.2322756032637883,0.24036217173258104
0.24063988298969957,0.23881107211042604,0.23801679361359634,0.2386341378713916,0.2376434348995989,0.2354644857018169,0.23726785070172418,0.23630789735406324,0.23737177001665594,0.23804980906663972,0.23577520602464347,0.23882756201107586,0.23906082472424806,0.2321634732005266,0.24049554905823567
0.2406792163427067,0.23860872367185323,0.23767405149692813,0.2389193407209257,0.23745741726531322,0.23530448908253884,0.23715601378125,0.23628174296108115,0.23753185933802262,0.23829205263656975,0.23542936337925738,0.23873413299680452,0.23895855448118247,0.23230094507126375,0.24052748092279108
0.24033266661475516,0.23857753463129944,0.23792949582797818,0.23891406348041244,0.23734841234425255,0.23498659020076307,0.23706954348016132,0.23606229252314592,0.2370786066440965,0.23801859599432326,0.23521040386681905,0.23856500164682407,0.23846622205617007,0.23218568790805408,0.2402503836218341
0.24018932313726488,0.2385738004508035,0.23757166726014456,0.23877620179017942,0.2371149754967418,0.23474194688248934,0.23724623487428803,0.23598177373846418,0.23673935802564505,0.23779978335597907,0.23528867423053407,0.23850676087259154,0.23840358528597952,0.23227160672173863,0.23996561497557745
0.2401120925629252,0.23837393901908485,0.23733976115348424,0.23860727653514474,0.23684187516204303,0.23460346528795178,0.23710533231513167,0.23595409077705873,0.23670692821169206,0.23771613461256894,0.23511259867171036,0.23871103763043278,0.23806061762126424,0.2319202539647349,0.2398579959544713
0.24009278614058746,0.23797217711613905,0.2372886752967569,0.2384431178044007,0.23685009335635027,0.23484632632036798,0.23673095199814428,0.23556439835671983,0.23656206997299722,0.23757340057923088,0.23485332366365708,0.23860866362497196,0.2379607815844389,0.232032443613875,0.23982004000548768
0.23974642616420566,0.2379120705135816,0.23713899882883244,0.2384346825756832,0.23669468271882904,0.2346754532224191,0.23653467418923818,0.23547084417871436,0.23654847041369947,0.23779276136501198,0.23466947130752921,0.23848782373485192,0.23776811298399333,0.23178381229854056,0.23957434930893776
0.23972772623085553,0.2377753416947978,0.2370220494365477,0.23823502783654418,0.23671665819118046,0.23478880737530355,0.23612073464315872,0.2357545749606828,0.23643830566059176,0.23779183807761592,0.2345766223335205,0.2383586136960643,0.23741214598744964,0.23153490945754043,0.2394562034729648
0.23962575147811122,0.23773832428702843,0.23660821210348962,0.2380027762152194,0.23655155679931414,0.23493971258487664,0.23611425338286318,0.23570659719698886,0.2364988335886784,0.23745860017642917,0.23437380798039192,0.2380412451243595,0.2373378072076658,0.23163919227591012,0.23932005009069088
0.23961128728566292,0.23741245775095593,0.23672066615509993,0.23796934646056042,0.23640020336639242,0.2348967468261678,0.2360418800137307,0.23567912346085945,0.23629975551679694,0.23727837801428792,0.23445825120731392,0.23789894142585835,0.23742605978597817,0.23139493151638307,0.23906987474255056
0.23966664920938133,0.2373441837033475,0.23657527608767032,0.23761182682886842,0.23648530436406492,0.23480139861131585,0.2358367570901265,0.2354005261891939,0.23617263429950502,0.23728811622345045,0.23449306901573042,0.23749628535505485,0.23729814520138817,0.23161571023681507,0.2388660933522305
0.23990491723844384,0.23711949681314082,0.23658698437282694,0.23760893092337756,0.23642904127011302,0.23438389487652517,0.23570128823780714,0.2349409554070997,0.23635976120832297,0.23721563565760354,0.23447876741195076,0.23754262318588365,0.23725904319771648,0.23159475941916904,0.2389054507481409
0.2396489989492573,0.2369704558699791,0.23672669245839092,0.2374486401811812,0.23657499525092265,0.234475474565903,0.2354752420758674,0.2350898573394342,0.23607618428313215,0.23706645202130164,0.23414405545952946,0.2372807201881029,0.23726917215310178,0.2313775919505588,0.2388750443357141
0.23952757221541346,0.23687324022574055,0.23659580720999424,0.2374417971960546,0.23684290637510658,0.23439183212655237,0.2354215115186988,0.23485151916932154,0.23603617807707844,0.2372607246646504,0.23418026131864197,0.23719350239434747,0.23738516829841494,0.23137567784874988,0.2385933433334452
0.23946784834389656,0.2366200513062168,0.2365148629420551,0.2374576157473798,0.2364505662256895,0.23412622263758476,0.23522822440183053,0.23477221315811023,0.23623149215584227,0.23700535155690303,0.2342154941353169,0.2370233533817206,0.2373301288825327,0.23103706430295393,0.2384419370290322
0.23938915437138455,0.23642969528793722,0.23661897940208446,0.23733185542113175,0.23630226103324062,0.2342331108752859,0.2351810076426265,0.23476010194597455,0.23613217403908965,0.2372226312122623,0.23421347511936572,0.23678990364752367,0.23725325428551777,0.2309245358680734,0.2380956439356217
0.2392053706707474,0.2365205030172789,0.23641907265818146,0.2372199241917501,0.23599094858394937,0.234123537679881,0.23501047525358051,0.23492197804140386,0.23603398601347858,0.23710192608629752,0.23378262456560872,0.23683923375858826,0.23755730658581564,0.23092061168123898,0.23797482725131555
0.23891977844609155,0.23646079004114362,0.23624561277439604,0.2372564136347665,0.2360025482132672,0.23406235929849792,0.23471994030790147,0.2349203450695652,0.2359960687839429,0.2369514248128599,0.2339647232205827,0.23665602222788332,0.23772012070351692,0.2310416980442553,0.23798799026846976
0.2386783613484217,0.23640231821351204,0.23623243652792425,0.23711711905283234,0.23596020890565939,0.2338574482285368,0.23475706145382316,0.23489317252213063,0.23589135926977703,0.2367532804408811,0.2337500492637028,0.23667052746879602,0.23764505435685696,0.23073667159367925,0.23778169707948893
0.23843160631655905,0.2363931225181676,0.23626616491887642,0.2369698314214405,0.23586725466026753,0.23391744742097326,0.2344224819112907,0.23458695039979177,0.2358065776305841,0.23657903263270957,0.23343271318466127,0.23639866731766535,0.2378549166608388,0.23069750724497518,0.2377130359098856
0.23808294121362758,0.23633069365252365,0.23656396005976274,0.2369274971914902,0.23584880678215944,0.23388401327564282,0.23411846259259902,0.23461063631524995,0.23585449482096812,0.2364806957709297,0.2335631098133487,0.2361927793083088,0.23775009783276427,0.23037097228380551,0.237585202823012
0.2382774613392653,0.23610365539565245,0.2364347394543773,0.23687423002991664,0.23574070269076305,0.2338428414010932,0.23365804510663604,0.2344857692320404,0.23572908545979182,0.23632396573285036,0.23340359994762758,0.23571951196395036,0.2379623257668227,0.23051021543580305,0.23752474878419558
0.2382389513598059,0.23603724368757664,0.236270650581539,0.236825548424508,0.2356606481880021,0.23396333489696858,0.2335049284502594,0.23421219679178548,0.23578414150293533,0.2363940812082575,0.233533382050849,0.23556292718781674,0.2379187073070915,0.23051675781573788,0.23730875876200203
0.2381255153976216,0.236183291518508,0.23609444899311974,0.2367848134176565,0.23530097164862615,0.23401037232525293,0.23343996847956738,0.2341421159880759,0.23563745824237112,0.23631898286819852,0.23387378448363094,0.2356305525197753,0.23773565703341298,0.23047091918337864,0.23743159416377896
0.2381273904742428,0.2362391753081306,0.2359702990690401,0.23682681272731998,0.23504720618504324,0.23391433556085184,0.23334859488287332,0.23384518424636608,0.23567008059011232,0.2366688091509988,0.2337966171581816,0.23561384667939794,0.2376562480424729,0.2306228962777302,0.23713447948874533
0.2378047296001534,0.23629158607437067,0.23593157835328607,0.236671925585022,0.2352702733458168,0.23390979161728842,0.23346769060403308,0.23359057093359029,0.23578203757640462,0.23657999520117565,0.23390326111479146,0.23564670243514918,0.23746114322778517,0.23030946747781264,0.23733586004588061
0.2377129310111053,0.23631265924883346,0.2358748785917698,0.23673038972545155,0.2351650068239301,0.23382479248761767,0.23328036425903279,0.23365411880408538,0.2353587158656152,0.23641684693368983,0.23405022093931357,0.2355265288906594,0.23751587184172213,0.2304393731376378,0.2374037459290691
0.23759392867016152,0.2362832192538916,0.2356613341181432,0.23666356621754886,0.23525702980046645,0.23364409724335586,0.23301229865964626,0.23350603516419802,0.23547837655445783,0.23638202714070441,0.23387676055034404,0.2351994468711955,0.23739495955562145,0.23041241793901457,0.2375054985906105
0.23745644742429708,0.2361840563491563,0.23551389814073492,0.23657749164511105,0.23522072905597646,0.23361966783589738,0.2330194107842622,0.23354450705539267,0.23530969499266735,0.23643177934779383,0.2337649421462339,0.23507781129116054,0.23721975179904103,0.23016352990294348,0.23727046933855683
0.23750152227637686,0.23604986893404042,0.23579646622209052,0.23649860524074137,0.23507143982025325,0.23364478451651893,0.2327960973091616,0.23366180683127927,0.2351768462681587,0.23637686891435106,0.2335256063756155,0.23493620065211643,0.23702369731275938,0.23015634709722002,0.23759034366961346
0.23739125922401785,0.23593292555214673,0.2354066103981247,0.23654809586036213,0.23535689662532921,0.23344043820449553,0.23263844876139153,0.23375769129994012,0.23512082984332902,0.23650682100815898,0.23349380154125152,0.2349574074304731,0.23713631102940377,0.2302309415633609,0.23729209501283885
0.23717248783739192,0.23604099303592313,0.23531362329038155,0.23647468908652058,0.23516004673466942,0.23361253268284057,0.23239762376312223,0.23368064187085222,0.23498337583291742,0.23658053842301796,0.23337804583548233,0.23477303670802618,0.23688019076369463,0.23009295931888862,0.23705625418883383
0.23734944971448252,0.23608435234927513,0.23533985489100445,0.23657436203347873,0.2351327412380643,0.23347789817393813,0.23243700360672306,0.23382637153174785,0.23490168035940234,0.23641830028648977,0.23364508048684027,0.23463255518249446,0.23683579776482458,0.22993108596139783,0.23723588915397295
0.23712953982168583,0.23603438268972768,0.23529650431142002,0.23668967759473514,0.2350688841640392,0.23318990966479528,0.23217200804192759,0.2338092833501527,0.23477286941160996,0.23641551816945383,0.23349507888404952,0.23445563642322306,0.23678693716974725,0.22980494715721078,0.23731511674352251
0.2369510532203465,0.2358259903281208,0.2354848502451866,0.23672447491061882,0.23511855660853523,0.23314528657077702,0.23231406797876417,0.2336045580023061,0.2347438812149561,0.23656037683786063,0.23347617782387023,0.23411562360144123,0.2369574180489476,0.22962161900129996,0.23722105937377408
0.2370487453245577,0.23568353516311916,0.23529967289072226,0.2365860721583489,0.23510037395056155,0.23336854760831957,0.23238723764586153,0.23344369786134053,0.23468944149882492,0.23664895145926546,0.23344567470182692,0.23385223606275912,0.23680767004396494,0.2296566751113774,0.2371267310462626
0.23705028683321505,0.2357022560314851,0.23524028886620962,0.23631008160911288,0.23513853417939332,0.233380180775495,0.23227354169009934,0.2332612819530107,0.23467760324885845,0.23665866218723627,0.2334744157623515,0.23380391142125728,0.2368316980282513,0.22988057756601774,0.23724978909646233
0.23705732121869835,0.2354689598002795,0.23532710088118514,0.23638264334831277,0.23501674096963257,0.23327692318640494,0.23231945242055585,0.2330527456268845,0.23433864423210127,0.23666203690110865,0.233623379154109,0.2338420880956952,0.2368976161999512,0.229892706321931,0.23711961273623577
0.23716125849839848,0.23531094837443803,0.23509559369947405,0.2363037360487051,0.23492467358474903,0.23303260622839464,0.232259933681584,0.23305392202177666,0.23415876114673825,0.2367030007539888,0.2336263254981255,0.2337093840493046,0.23674655196313682,0.22946697430935564,0.23701775334569067
0.23741920144184855,0.23532854991303465,0.2352760039151653,0.23611676251564484,0.23498204682970172,0.23308684188145204,0.2323215514742282,0.23295855992278547,0.23410197541239378,0.23655011453045244,0.23379427384998025,0.23363610536150853,0.23684580956264914,0.22935725346842667,0.23681601566939947
0.23744851553067212,0.23524573140952681,0.23502583064138532,0.23618993782253928,0.23492223944246354,0.23296173630297454,0.23209407177480904,0.23296944437958192,0.23417455525649564,0.2364724533574598,0.23367595566074206,0.23367860756890801,0.236818948314661,0.2293320830639725,0.23669332806653529
0.23731397519013075,0.2350836198818039,0.2347172682659977,0.23604948295160955,0.2349875368141543,0.23290839874972596,0.23208025369730603,0.23317883219253566,0.23419628792681013,0.23644221754070735,0.23360301924638774,0.2337943159485807,0.2368164210459954,0.2292043993698254,0.23664789482439982
0.23744581534478715,0.23502094376434543,0.23461528707708693,0.23589077991942312,0.23468567836720206,0.23291979878507768,0.23196933146276877,0.23310317211060502,0.23429247630821956,0.23638826235386237,0.23339724908253526,0.23382162276399618,0.2367119408988505,0.22899611779962398,0.23659532606400058
0.2374313150987759,0.2347833202239736,0.23464510375108902,0.23568909596897591,0.23453902510854285,0.233123190875017,0.23196993762159293,0.23307241062129555,0.2344673416125428,0.23643375766205094,0.23333079754135144,0.2337048765751747,0.2364229989609587,0.2290229558555282,0.23635715587726366
0.2372233141271438,0.23491262174814276,0.23451809710253976,0.23577687184069282,0.2345560031573659,0.23315477397003231,0.23176174302028285,0.23296813860049884,0.23430362891406412,0.2364322151990206,0.23323574721579987,0.2337616392956816,0.2364607493932864,0.22897487517029197,0.2362061236591481
0.23708413157219876,0.23459307057797246,0.23456545439135806,0.23543889370664725,0.23461849543346325,0.23311507147568097,0.2318419682856092,0.23279472801020676,0.234324296342257,0.2363191485297416,0.23318633400448674,0.23366372435431523,0.23640691160439165,0.22907054580541159,0.23608370319624677
0.2370763085653721,0.2343941062895644,0.23450854088346232,0.23553823382453926,0.23447453937539728,0.23312972944065508,0.2318497129609564,0.23265293067891002,0.23412678379188823,0.23621324699715057,0.23316867120902632,0.23380211431545342,0.23629915332871385,0.22874582762777418,0.2360384879840686
0.23714703285721803,0.23419251812259798,0.23445769288445023,0.23548504723273936,0.23418015093382874,0.2329190606069403,0.23174204297192702,0.232880593248571,0.23417423301807033,0.23610513558083782,0.23315476873476496,0.23366738413990185,0.23643686600798083,0.22892994958544463,0.23597589603480096
0.23713700756103248,0.23415016797050803,0.23445615905647163,0.23508998126304498,0.23443867112275787,0.2328780796700681,0.23168655763679588,0.2329014253724721,0.23422277976898453,0.23586016398783577,0.23305187625730509,0.2336901485423025,0.23651698094877147,0.2289152870238233,0.23582715606548146
0.23710944725715932,0.23394952433627275,0.2344431841089421,0.23497728006396015,0.23469386342242676,0.23294375035856393,0.23141394147371158,0.233165094576993,0.23437025097140854,0.2358444796329232,0.2334080370849132,0.23374881896782393,0.23645889511492524,0.2288374135186242,0.23603026272764172
0.23693613307857517,0.23390756847228433,0.23417914276645105,0.23490688799338114,0.23439294285751452,0.23294081142203943,0.23121573187677902,0.23287918891439163,0.23442766445431473,0.2357303654117403,0.23361242360868606,0.23358159767499975,0.2365921530991526,0.22880740447444312,0.23608175851901916
0.23693368530473982,0.2339015023204177,0.23403976580842395,0.23501204146048327,0.23428914480229163,0.23279054964634643,0.23119957464307433,0.23290825349789082,0.2343287844396302,0.23561456719330162,0.23352165604278588,0.23349241210836846,0.23638688387773227,0.22857672948555421,0.23602119870058716
0.23682973156146114,0.23377724749937934,0.23412315447564183,0.23479299454296274,0.23418427740934578,0.2328560819517596,0.23117909423811497,0.23279538447437817,0.23418485241851741,0.23546182209502922,0.2334841838545372,0.23343270223536788,0.2366637760869395,0.22881006395181616,0.2357275792776469
0.23655839147422966,0.23372820969194844,0.23406394162291502,0.23474616896129966,0.23413276378460035,0.23276913049178438,0.2310720138589774,0.23283728930282063,0.23412878297077216,0.2355753292782236,0.23348046513799425,0.23350271639965348,0.23677538419279504,0.22857330284335062,0.23559062219778215
0.236690837161599,0.23357678668090157,0.23393626664198167,0.23464392022575303,0.23396265480651413,0.232873866981486,0.23110397561797702,0.23292537823421144,0.23398337220262336,0.2353085399729739,0.23343247035786882,0.233639365657354,0.2367170484213129,0.22847506123262412,0.23544854893202624
0.2370548532292247,0.23343202814352587,0.2337316314088484,0.23477688595951993,0.2341314416552678,0.2329651245840805,0.2310808209210261,0.23293037723965968,0.2341155164562926,0.2354316670717613,0.23320074488235748,0.23357048327893393,0.2366536628828785,0.22843712819548476,0.2353270344420797
0.23713631195282525,0.23346903954831869,0.2336659813833511,0.23480014107294156,0.23403968452929155,0.23279313402925922,0.23095896376924582,0.23306843364229207,0.23408243366410578,0.23528421749489872,0.2331239515712521,0.23353315689286416,0.23658622391502895,0.22823347892867465,0.23527054340832268
0.23706648105738815,0.23381232657713658,0.23373013639965387,0.23471462008200322,0.23387335353472888,0.23265887024885454,0.23076964165385702,0.23286318995080552,0.23423433190853707,0.23511611509527955,0.23312896343346506,0.23347860721031158,0.2363380216081578,0.22837470030451854,0.23533587983164977
0.2370186380954183,0.23374007799121332,0.23345979461807947,0.23456851780172172,0.2338892523402831,0.23267740721403113,0.2307124282038798,0.23287020407307812,0.23391516054392358,0.235207593706057,0.23304442545255966,0.23351850108797015,0.23615082804756848,0.22827398956340011,0.23532097250050785
0.2371395509889473,0.2339422371446438,0.23340246581056567,0.23439234492765568,0.23398677168527707,0.23258682191721472,0.23069024711479644,0.23301245265962284,0.23408943587671507,0.2350851858717993,0.2327415155213738,0.23364504416283433,0.23613593796642504,0.22833044537059033,0.23540983623372752
0.23717244785172523,0.23380796599039885,0.23332325208860738,0.234468661940921,0.23385342180010082,0.23245594244211973,0.23046002485548114,0.2332172046767714,0.23416485560426717,0.23492268247141204,0.23276505834221542,0.23351651608865678,0.23603853591027107,0.2282490384238227,0.23550999243409193
0.23708396112746494,0.23393706446145543,0.23323230607389836,0.23439956555406982,0.23381642030682587,0.23272467928822035,0.23051977954767358,0.23322525590371684,0.23420814499689585,0.23487298293913228,0.2324521366399955,0.23353910879312254,0.23598451546506755,0.22815596375206393,0.23541329156849866
0.23708482019671764,0.23386678690605506,0.23314954747548525,0.2343875645209902,0.23400483914667286,0.23259743517440767,0.23046885382562768,0.2331278898950652,0.23395968843518478,0.23494709160250624,0.2323279529848043,0.2334383430773369,0.23604710074788487,0.22803789126971064,0.2351932541109726
0.23727082768032542,0.2340029272355353,0.23310480817587462,0.23438090155992045,0.23402546636520793,0.23278411511895095,0.23047098000608593,0.23326937461099106,0.23408570663783224,0.2349270866219261,0.23248082145871357,0.2336227677041856,0.23594409429578952,0.22791110886299862,0.23512643512274478
0.23721286610480902,0.23407415236525314,0.23330541380977593,0.23424749015861504,0.2338393290065315,0.23248240961060193,0.2304462203260061,0.2332364745922986,0.234023084118324,0.23491621920196762,0.2324534607653378,0.2335698772890859,0.23608193138973832,0.2279866612200049,0.2349589331888304
0.23709131474375378,0.23416589666436027,0.23348608668238185,0.23406055414151636,0.23382324285307027,0.23262297494236583,0.2301558747903267,0.23301061910176174,0.2339881469608439,0.23495616174375608,0.23216569560345598,0.23348126305381897,0.2361337098483977,0.22788125140874055,0.23483806566509896
0.2370861715965882,0.23421678449257693,0.2334333103763315,0.2339365473299747,0.23368050797076456,0.23269129237334202,0.23015884146354823,0.2329038638464668,0.23383338472177706,0.23485005809934634,0.23225655920856486,0.2336219083658447,0.2363797094041193,0.2277350329590515,0.2346913225151639
0.23703628499483193,0.23426015207804365,0.23328401889395528,0.23404569750797694,0.23388997043401838,0.23270550467814524,0.2301034780532568,0.23305190058836012,0.23391282411746855,0.23502523155937052,0.2323541465787289,0.23389678247309142,0.23654016578566273,0.22758560506691042,0.2344913849300158
0.23700367001730202,0.23417442375760056,0.23335683367433524,0.2339033233370564,0.23358582793208058,0.2327403930098549,0.23013085239500494,0.2330856641853818,0.23393216300425287,0.23495473880429363,0.23242068340331087,0.23400863264849928,0.23668209638797072,0.22761876638549836,0.2343356342368881
0.23690964006495813,0.23413591163572692,0.23328110255406567,0.23368171003817734,0.23366066695112978,0.23264519559948607,0.23008222353563507,0.23308223411337797,0.23423914372180704,0.2349072484998195,0.2323285300419952,0.233901885070618,0.23657430124142678,0.22744985684941824,0.23423327547785597
0.23681501398756652,0.234138791761263,0.2331542009030399,0.23357623211352196,0.2336707013180247,0.23261516432280252,0.22997796865307754,0.23295088732210809,0.2341132226408441,0.23491283729189535,0.2320720699179779,0.23391384838069587,0.23665201861670512,0.22750296289790503,0.23428993649305396
0.23664092906427497,0.2339998644142939,0.23315855203371968,0.2334880909223092,0.23364653221351966,0.2328376748922193,0.2300948661680028,0.23283554159331488,0.23404704525632997,0.2347562106716688,0.23210618176650094,0.23401985294533886,0.23669103103178396,0.22760107154002532,0.2342649292639168
0.23667600663391455,0.2340476030707701,0.23314765200116727,0.23343327695734345,0.2337806094051841,0.23278494058052998,0.22993297068524943,0.23276980517778012,0.23396601960183583,0.2347612664503822,0.23227559414406104,0.23398714318047653,0.23661283044011086,0.2277336278224001,0.23425100722886935
0.23657956197603558,0.23399191456485685,0.2330958309233607,0.2333138545437714,0.23362413295134718,0.2326058418238407,0.22970345157050734,0.2328137118593804,0.23379201997663834,0.23456541796486113,0.23244799263650093,0.23401047362350366,0.23659867392541878,0.2279240196082416,0.2342846919534738
0.2366136324045192,0.23397330501788996,0.23299831460737203,0.23331033274588597,0.23367884756505541,0.23248554319276787,0.22967320118174242,0.23285387091140655,0.23372007368099165,0.23480278441150432,0.2322731268656765,0.23400433407786886,0.23640724008110486,0.22793720390921948,0.23414546213878806
0.23649509345308367,0.2340407285631703,0.23291613755361656,0.23318072740835485,0.23366942158635462,0.2325631986137083,0.22970524506334083,0.23290257613915696,0.23381238692949774,0.23502834252468124,0.23220155928298863,0.23407308556438713,0.23646386310788006,0.22803877379066517,0.23418350505514202
0.2365243939322017,0.23399951380889758,0.23288737225348802,0.23313631923073772,0.2335958663152452,0.23257526236727621,0.22971965474319322,0.23281642646021544,0.23378605335930835,0.2348799644316307,0.23216597513687579,0.23402564190473335,0.23646386464556277,0.22797563879572824,0.23403073338673572
0.23626882496922927,0.23411640731256067,0.23264603261949246,0.23304382983812544,0.23365423394601767,0.23253328522646136,0.22965392224920647,0.23297637052079184,0.23368103889054959,0.23476285708469455,0.2323708520438635,0.23375541542272907,0.23648566641643962,0.2278154764893684,0.2339144573539111
0.23610729202532388,0.23392320941327086,0.2324275213318843,0.23324698437221014,0.2336038247209799,0.23247200509083307,0.2296871945348773,0.2329114649486853,0.23370547678365738,0.23499310362265288,0.23244014297680637,0.2337767798766415,0.23628361604592976,0.22772318910979186,0.23397150551403847
0.23597784612091355,0.23406707859791645,0.23232900950556198,0.23319784972358645,0.23346531406776916,0.23239188145030462,0.22981821207215936,0.232937659983312,0.23358099754225564,0.23500545716360777,0.23247569769556908,0.23369617977796525,0.23644341978878863,0.2275471267015227,0.23395694049313567
0.23588449692166094,0.23397172873751718,0.23232038221507334,0.23333503067776634,0.23350404187917956,0.23214418689000915,0.2296242871089896,0.2329731172655897,0.23361722953692324,0.23505442620127223,0.23247557301322688,0.23365202189440298,0.23622573603635716,0.22765805603383446,0.23395371661116274
0.23598171406393015,0.23391646915661055,0.23220760660615877,0.23316853669161317,0.23340187790846095,0.23196271576871474,0.22948768236153017,0.23280596755408176,0.23364836133681016,0.23507079733968517,0.23250655357694872,0.23344840463439903,0.23631200644772118,0.22755205577057241,0.23394391159019529
0.2360029534547137,0.23387656509666166,0.2322810315991985,0.23329689848267357,0.2332876971594424,0.23177374914513746,0.2293315904833596,0.23255340578590433,0.23371870103135564,0.23526910438400153,0.2324169852967546,0.2332419738260957,0.23618788825000622,0.22749668386597915,0.23396419742624608
0.23592636405471903,0.2337331969174251,0.23221765831444627,0.2332368862085662,0.23336475944336446,0.2320108216698832,0.22912009911980755,0.23242011052158107,0.23358587418587248,0.23516728719261593,0.23231914723699998,0.23319075138885656,0.2362761894754825,0.22743097124488268,0.2341253554068603
0.2359696074939513,0.23386261726997803,0.23223805354666974,0.2331361738699033,0.23331663008852832,0.23217084218795442,0.22922163764307282,0.2323851299394857,0.23335980150139587,0.23497571408582163,0.23254923106678752,0.2332314077824007,0.23621277319900882,0.22751385252881684,0.23392551592873434
0.23590032394826407,0.23374252271135754,0.2322118934693946,0.23329432683634382,0.23346509731415455,0.2322879007120491,0.22944909947964687,0.23235451077747427,0.23344151810347366,0.23496472248682373,0.23245274879412167,0.23322452396806967,0.2363312817504295,0.22755469779260906,0.23388210275172072
0.23600997798647724,0.23355161041119066,0.23225444850748425,0.23327447870022788,0.2334351816742535,0.23226729198531768,0.2293355879780446,0.23254320515576304,0.2333392122525527,0.2350255426254912,0.23244107653215443,0.23313418825997884,0.23616297373030531,0.22745744669638965,0.2340609531533063
0.2357221903609904,0.23343180527025495,0.23219110949240152,0.2331932098605172,0.23347469603669635,0.23221829181660716,0.22927110795168343,0.23223029318975996,0.2333163908309548,0.235027228019255,0.23232609377027535,0.23304189170858317,0.23610955709231288,0.2273604672162174,0.23427171522092274
0.23562621802113168,0.23350562983672102,0.2321587549167218,0.23320600738517053,0.23337137388520374,0.23221512007972694,0.2292826311808788,0.23213227433183942,0.23347302062339065,0.23503762746605084,0.23242965087564502,0.23304671725159126,0.2359951243554325,0.22739357748607206,0.23414744311974225
0.2354862993756175,0.23355185008761165,0.23213090112423562,0.2331538313869794,0.23342665650632338,0.23207392982270078,0.22939439421278712,0.23216400975038973,0.2334391351756277,0.23509670591551174,0.23248521202236916,0.23298570265091903,0.2359370763281508,0.2275080923690108,0.23413513626591828
0.23533688509708448,0.23357937637303286,0.2321245758907442,0.23318850010791403,0.233455627048302,0.23200831234207606,0.2292312889515636,0.23211911753626685,0.23339538607916346,0.23504960123079785,0.2324218141833882,0.23293322035788133,0.2358096604235467,0.227390448686632,0.23421163505453318
0.23529673975613746,0.2334740053650005,0.23192317719340913,0.23325169350650998,0.23322662144566428,0.2319522683414623,0.22928280552494398,0.23207939111121761,0.23347996414941513,0.23504667014637876,0.23249475076949402,0.23277262528828938,0.23578020539257424,0.2275588282965573,0.23403528087444955
0.2352394431138355,0.2335707348818192,0.23188914588013096,0.2333080463415983,0.2331872063281549,0.23191117791568502,0.22918711122248384,0.23212525184834384,0.233584776062844,0.23508165056460045,0.2323620378734766,0.23287417445413955,0.23568465854045256,0.22748660608455107,0.23421875862192398
0.23518586922607068,0.23353895285938897,0.23190908031136773,0.23337869590908025,0.23326766381175873,0.23186743084328587,0.22913520301612916,0.2319691130907828,0.23376611266439654,0.23503834923979974,0.2324084604139764,0.23284782520926506,0.23563503474214623,0.22743409885145935,0.23438260292708793
0.23523748417710974,0.23336275417197933,0.2319435744643102,0.23351804180518235,0.23328981160852608,0.23170120362980273,0.22905579470942905,0.2320501317246632,0.2336701737062586,0.23500366819070048,0.23232011153009352,0.23269074718210594,0.2354897107343311,0.22749086490142514,0.23431309211059045
0.23518973012683,0.23345336552593718,0.23197969704785817,0.23346975391446437,0.23310414306653582,0.2316227335008391,0.22898950241455182,0.2320589859814001,0.23360512786913545,0.23515467087569925,0.2324131021558754,0.2327301171539105,0.23543539645268433,0.2273912346829796,0.23419686360596345
0.2351368474885436,0.2334475554791851,0.23196672445423444,0.23337472500276,0.23296122246961903,0.23175462406594333,0.2290399798856921,0.23192412223278275,0.233606775122223,0.23517324015727326,0.23228707202646298,0.23255186289640162,0.23547215228365576,0.2271962502006373,0.23406155460091
0.2352706931438352,0.2332814124938717,0.23189863510432288,0.2331814851245064,0.23311693163048527,0.23192991474509006,0.2289529213630469,0.2318191541322538,0.2337485731160154,0.23538314550192213,0.23225177419262527,0.23249328534820768,0.23536616932300722,0.22716317952096698,0.23415109113039845
0.235452842544267,0.23341818045727125,0.23183116754685537,0.23315809568843196,0.23293989306844984,0.23184822320736426,0.22886421231967743,0.23181955038007201,0.23389346196579883,0.23545394298201974,0.23225836269341663,0.2323409622049512,0.23543132762675512,0.22736115984444938,0.23411996924298642
0.2353372624576816,0.23346096421180715,0.2317025765637588,0.23307284497275513,0.23297217185976402,0.23180311560481812,0.2287630446360872,0.23167780596564344,0.2337363918546734,0.23542802377056427,0.23214647336285046,0.23225439899947625,0.23537554283304374,0.22715004949932294,0.23399955478762866
0.2351070133824275,0.23356661944318308,0.23185977144637598,0.23289797014907396,0.23291158490888364,0.2318629554663722,0.22879583011750043,0.23171387764836315,0.2336043647805494,0.23531379660295307,0.23223244896145248,0.23227423667376632,0.23549311188526575,0.22707391568150528,0.23388858555380448
0.23507777081129155,0.23339906831948187,0.23171008063750093,0.23277927136768264,0.23269028506175235,0.2319692101125655,0.22887060744627652,0.2316805680567252,0.23352960310125168,0.23519426986735448,0.23230002930248375,0.2321000078712516,0.23541523263169015,0.22710631661424088,0.23384881389068846
0.23503641790160582,0.23321602951664136,0.2316762271058767,0.23261806192593565,0.23261662948890519,0.2321534158474281,0.228891584921051,0.23156968853948906,0.23337614122381906,0.2352785910436831,0.23242343334285234,0.23203489868215968,0.2353792866778317,0.22713761952570366,0.2338685552773235
0.2350166863727605,0.2330996634964528,0.2316543036704173,0.23251844990302595,0.23245712180936257,0.23213292505454894,0.22891426249347385,0.2316390878105748,0.23338112869967198,0.2352757275843556,0.23241502521499202,0.23194427649607405,0.23527195112692434,0.22740216368111527,0.23371848865560457
0.234957853324934,0.233131057787207,0.23179121303813446,0.232452044496297,0.23234438835839563,0.23211554514131383,0.2288291755709783,0.2316927036228277,0.23333265572231504,0.2351673327553427,0.23237066631303177,0.23210432206945003,0.2351121514613518,0.2275220349108473,0.2337015517003604
0.23489436429977484,0.2330803732718748,0.2315684608763799,0.23247019270117847,0.23230320188047815,0.23204031691235855,0.2289147746422544,0.2317416315291725,0.23333215765886237,0.2351073979654625,0.2323806076979143,0.23227983769515353,0.23487785798506677,0.2276492346539685,0.23362727338697725
0.23502321600227424,0.23300740107024714,0.23157581115987577,0.23252748057468686,0.2321704706799296,0.23212319080733587,0.22883191897677732,0.23191597659560823,0.23337029179162902,0.23519645447825424,0.23239987424365602,0.23233532206400942,0.2348877831941043,0.22747726742106145,0.23353565373244875
0.2350505007781087,0.23291347713483304,0.23150894768548785,0.2325332826580793,0.23237466137031912,0.23221353919908874,0.22893562974852374,0.23192459714269772,0.23322119914322287,0.23530219989525386,0.23244966225553831,0.232179498680153,0.23490154022562287,0.22763112016638065,0.23335110908976978
0.23491275697918798,0.23300722833206455,0.2315968170144164,0.23249991681009094,0.2324442800458539,0.2320361885870012,0.22885838932321753,0.23171561731517779,0.23304756345431207,0.23511746447868656,0.23230317724829122,0.2321630408258475,0.23482421632208406,0.22776746748811053,0.2333873150744076
0.23505430409179065,0.23288362426863496,0.2314992568132702,0.23252015804999948,0.2323465057669553,0.2320583410873376,0.22884749383176142,0.23155542656815756,0.23294841649907566,0.23503623800056436,0.23233598607667755,0.23223724415414698,0.2347150132519033,0.22767109931839805,0.233311816825258
0.23514340237255352,0.23302572725333984,0.2316807775343712,0.23250603378576365,0.23238593822165488,0.23195430075509568,0.22892149409126358,0.2315061717116929,0.232756287086475,0.23494670767217132,0.23234943110711195,0.23229933924956234,0.23460548311132887,0.22768849060199778,0.23329467305938303
0.23498042761313523,0.2329595136761139,0.23181663707159803,0.2324722858994348,0.2324467657760984,0.23182247925860508,0.22878654646785138,0.2315555569407386,0.23261334028304329,0.23501668431810427,0.23229016502273647,0.23207757145536737,0.23439835649774265,0.22776219473775794,0.23319926392248191
0.23478784663338045,0.23296442588666205,0.23185155973673063,0.23259265939313195,0.23240159017622578,0.23196176168780924,0.22871086266748228,0.23145733511340125,0.23259447971057257,0.2350769988769562,0.23216100710653026,0.23212793700683768,0.23427899741375546,0.2277996374299613,0.233133558414267
0.23476696346301473,0.23302114642048272,0.23180580639531634,0.23256973972845374,0.2323119190716028,0.23192712309205785,0.22873969598413182,0.2314825449640445,0.2326082137801118,0.2349909742054654,0.23208636458388857,0.2319771161726248,0.2344321755150965,0.22778206716534907,0.23319507150409122
0.23462053569686644,0.2330012489940957,0.23180769776109117,0.23257123924475231,0.23232346938073675,0.23202560699917432,0.2288712125452666,0.23139133941115858,0.2325384438099757,0.2350934636379815,0.2320670698883748,0.2318561516605745,0.23437818000650548,0.22769353916170781,0.23309396189730638
0.23457097715198635,0.232942547158886,0.23177906171064472,0.23264854036288046,0.23237351652110244,0.23193354452754877,0.2289642192193651,0.2313763966735202,0.23238679707245877,0.23516986882909502,0.23194606660043277,0.23184527014940673,0.2342503093347047,0.22752611500336042,0.23323643522647663
0.23445553331982427,0.23282048088681193,0.23172277227419466,0.23257862186761527,0.23241907483250102,0.2319527240073225,0.2288905001096684,0.23130515300041002,0.23233394609296854,0.23509468496146566,0.23191540271681993,0.23191923914577284,0.2343562115547702,0.22737833681672268,0.23312599108307677
0.23448813499545054,0.232905957486193,0.23148523273672666,0.23252877379472198,0.23234664863996954,0.23193322080399303,0.22895313231492026,0.23131717963165574,0.23235600338102252,0.23517064912647365,0.23195273859526458,0.23199311091237537,0.23429398194692233,0.22743489319210247,0.23302712788755628
0.23445369448088002,0.2328213336369527,0.23136837607497146,0.23253747682258208,0.23249345750917633,0.23200847666047195,0.22889287854122994,0.2311855816408172,0.23234698632503734,0.2351822845900835,0.23195202394309933,0.2320399270789128,0.23432034317120012,0.22740160949312815,0.23287279723310247
0.23445684876081788,0.23283580479278596,0.23130029412462388,0.23247572042604503,0.23246126306245138,0.231975270952529,0.22887727493123788,0.23116607149679946,0.23237962382527783,0.23519433841775153,0.23186838153690345,0.2319928452893981,0.23417066926232,0.22741431938948484,0.2326454249278008
0.23425078252357007,0.2329091597999216,0.23119814306863826,0.23244520142765954,0.232506105369706,0.23200753328862941,0.22889219853373616,0.23126140104763612,0.23233106757739724,0.23526086949786368,0.23187734952214492,0.2319191499197217,0.2340998818040811,0.22745383338321767,0.23281884275860631
0.2340595696345047,0.23292863962846733,0.2313905108370488,0.23256602079863423,0.2323951767271923,0.23196443652343743,0.2291535762542877,0.23144361429018612,0.23225076300481368,0.23526774675471557,0.2318261264453238,0.2317653661158186,0.23409875396905652,0.2275261479056674,0.2328301768246776
0.2339271462673665,0.23285936741370697,0.23130181436895647,0.23266290471009096,0.2322645938014598,0.2319996699232841,0.22921808328715726,0.2314199398159598,0.2323012243444434,0.2354982432363467,0.23173017494858322,0.2317293183763892,0.23409237228608457,0.22773961689666916,0.23270909236997128
0.23390490754136337,0.2327909873348122,0.231305885538769,0.23266762664210883,0.23228794037657746,0.23195118628817094,0.22920897374610763,0.2315004072523426,0.2322726459475451,0.2354179392047,0.23184818813532598,0.2317241560598556,0.23397713173275422,0.22776472949575272,0.23269640430634667
0.23388810576476765,0.23281452914274883,0.2312492309046839,0.23245088637483896,0.2322325868754136,0.23189667602262923,0.22917650406995882,0.23151635908250884,0.23221004208153032,0.23534539791721018,0.23188116208232565,0.23171344206720323,0.23405591743735718,0.22765075185453076,0.23282691759568946
0.23380802913050264,0.23278787790045527,0.23129384766971245,0.23235941640040075,0.23234668074653264,0.23193933263519967,0.2291153618566067,0.23140791352235685,0.23222153996590633,0.23537827064870986,0.23177252024243522,0.2318169012072712,0.23398720783795615,0.22776807184836542,0.232924025927265
0.23377233759919722,0.23280597660529503,0.23123441843133222,0.232118468861681,0.23229155239190832,0.23188552951955724,0.229058878194556,0.2313410269981731,0.232254041147068,0.23543132773197942,0.2318546749158068,0.23165685462927824,0.23386533536083007,0.22789121305321275,0.23284636491162142
0.2337218657466363,0.23272928912725258,0.23135150178978178,0.2323026563397969,0.2323708806996083,0.2317675552108534,0.22897634795619823,0.23142135450815685,0.23222908579218687,0.23538616795241893,0.2319381337961003,0.23176501434528463,0.23378504814103337,0.2279526954231669,0.23283893548086973
0.23364365188514583,0.23280382402167,0.2312930792353867,0.23236728297221154,0.23251485419673162,0.23181572483931615,0.2289368791394661,0.23132281538172345,0.23227831551085332,0.23534475475952832,0.23195202831375936,0.23173193215286977,0.23387888958846284,0.22789181627658664,0.23278432299343832
0.23378422096476048,0.23260711832133033,0.23138940771426283,0.23233236966693507,0.2324919845529132,0.2317694364545294,0.22905794724458564,0.23164898474866685,0.23211868299140467,0.23526862313178862,0.23180718676452172,0.2317720254786967,0.23394634858689756,0.22776316548980338,0.23267597266593415
0.2338760701524787,0.23262122095127746,0.23138483683839325,0.23222903945747234,0.23254691899553748,0.23183391702942946,0.2289673415517164,0.23162938015838364,0.2321583363297022,0.2353068188685879,0.23157555574566394,0.23150129946037096,0.23393328367128793,0.22778237566570703,0.2326447672462642
0.23404016575664274,0.23255017732646607,0.23141947420438005,0.23228849689350362,0.2323871480777515,0.2318130907990711,0.22890558159853897,0.23161998215407384,0.2322612044026919,0.23513369601072823,0.23158711131330106,0.23152647619526162,0.23393621325720404,0.22777870517802132,0.2325431944421699
0.23389637353114326,0.23269106553636654,0.23139280919741495,0.23246121487656368,0.23243149944691902,0.23179428640768665,0.22891527506013415,0.2314759413745522,0.23245127957449246,0.23495769388048815,0.23164398384572013,0.23153112277165452,0.23391619457559426,0.2278042209456751,0.23245035867022804
0.23385428191847826,0.23268452035956416,0.23134408059339934,0.23249982575785175,0.23246483953984048,0.23176082999000747,0.22873402587547748,0.23143047427704327,0.23245942294515706,0.23493374070766693,0.23150833190022957,0.23145665048909936,0.23390326107854884,0.22783802890831426,0.2324311448185398
0.23374858337599255,0.23273203775442022,0.23143919115319359,0.23242277001736378,0.2325606813420631,0.23173541281417767,0.22886207835865008,0.23132781214939568,0.23247672595512942,0.23515103223269182,0.23145679384463802,0.231436365065538,0.23400479146105693,0.22784488423982138,0.23225954749902533
0.2338164536548503,0.23267854296289756,0.23134675737704338,0.23249884842026006,0.23255676701080227,0.2317316708762554,0.22899167519674712,0.23127964456954844,0.232509194474069,0.235099397438607,0.23144028961253804,0.23141095110377807,0.23396547720411293,0.22778688909510522,0.23216826907352664
0.23377770226250497,0.23264896399952012,0.23131588678721535,0.23248576274041988,0.2326679307488785,0.2317811488218329,0.2288912452884896,0.23139591511676313,0.2326124562714184,0.23509587677082222,0.23142515078965376,0.23128338232962256,0.23409000944741937,0.2277401468804519,0.23205391452011048
0.23361909361619737,0.2327032201758312,0.23152847312517338,0.23243548007606882,0.23278967589047608,0.2316144856259205,0.2289854355921321,0.2313901193926207,0.23253458525766252,0.23504161650187005,0.2312462897772224,0.23130400734157266,0.23409132034367922,0.2277578506065834,0.23197390363615514
0.23367063016666043,0.23260979396475076,0.23151733584938472,0.23250818640423612,0.23270015070430106,0.23155619546016548,0.2290345712267047,0.23143464091644503,0.2325888530813565,0.23510872538855962,0.23126037703033772,0.23122271091431326,0.2340729377423455,0.2277362562414821,0.23196970935932834
0.23377889760209541,0.2326504551172158,0.23142744488054035,0.23246663881985377,0.23273592456946665,0.23161044160583386,0.2289711344096585,0.23136871504972448,0.2325523778755105,0.23521515053303663,0.23114832426767917,0.23123491707408544,0.23408437055982803,0.2278217131269539,0.2320717236393155
0.233751323026399,0.23244746752447104,0.2316019981595065,0.23230620953703277,0.2327054758237469,0.2314829400306556,0.2289854945031112,0.23130961582214893,0.23250792193355038,0.23526775456775537,0.23112829449835565,0.2312254180011278,0.2339631981037891,0.22778778479476244,0.23212127145320574
0.23373938743229952,0.2323854805978669,0.23151959791072924,0.23228746282125434,0.232569600955576,0.23144485918055943,0.22885394744786094,0.23133093512395375,0.23251523920999756,0.23542564581314102,0.2310372355246359,0.23135861636607133,0.23396082915148456,0.22784730615757046,0.23192176767084552
0.23378550781956126,0.23242702980948024,0.23174191872173003,0.23219386031803352,0.2326430515671939,0.23147186188091717,0.228844878117316,0.23133231038745866,0.2324935889445993,0.23546124704138838,0.23102652440174945,0.2313057694417218,0.23388317196710637,0.22776832080848816,0.23193590809002124
0.2338201787438484,0.23243700555917435,0.23178294690722698,0.23216912633830253,0.2326901223716026,0.23146086134712573,0.2288229319720637,0.23137911100584482,0.2324006074700054,0.23546026151003405,0.23103802549586278,0.23122536296626164,0.2338304890108452,0.2277033343548523,0.23202914978840794
0.23382629514925615,0.23237768356186125,0.23172874254562015,0.2321102130514797,0.23256713505374646,0.2314624804152785,0.22881843170301963,0.23125861455833355,0.23238109081917913,0.2355603362880343,0.23112005890950074,0.23120109588743248,0.23365598613291122,0.22758057557291408,0.23208242069647975
0.23381940739846374,0.2324050616822076,0.23182129586173353,0.23196681648608294,0.23269792910690218,0.23160749856728735,0.22862561060688666,0.23132472323877235,0.2323734392396126,0.2354757923057888,0.2310135724690808,0.2310404972084845,0.23366971715395338,0.22746488370751594,0.2320806742741912
0.23390510225525626,0.23232991128293956,0.2318599657577256,0.23179994873526205,0.23278472138225062,0.23161295331925066,0.2286367921795084,0.2313405667759475,0.23232917444516096,0.23538335320281278,0.23101176346818367,0.2310944539600165,0.23363620314236058,0.22735144185708897,0.232245749415597
0.23399811577317361,0.2324482120950039,0.2318554721257756,0.2320169476214559,0.2329008661029673,0.23151235427617486,0.22869005699873543,0.23132824122060286,0.23232659990397378,0.2351841314055772,0.2309865646234873,0.231233305838597,0.23369597085668337,0.22718619566951176,0.23228454677619206
0.23411779599985436,0.23244573774797586,0.23188212800306973,0.23202585784734128,0.2327670610994137,0.2315463840553984,0.22879027890620537,0.23122087025621166,0.23232741437047627,0.2351376463056187,0.23104948043994558,0.23121561585873499,0.23365957949031704,0.22716414284479008,0.23243709665937098
0.23402026667555242,0.23234140601646935,0.23196660307616587,0.23218712459313492,0.23258658901048612,0.23152379325676015,0.22868402840173513,0.2311622714277241,0.23228304931269186,0.23520591894438866,0.23091878476356484,0.23118653270460293,0.2338478330839685,0.22718165341968063,0.23247795702515928
0.2340614514087635,0.23230407747076912,0.23201945709351168,0.2320408720101255,0.23253182599212513,0.23144173441554927,0.22854589829398173,0.23108445225496588,0.23226555367185794,0.23512533101522598,0.23073820960415792,0.23117231892358403,0.23388365308071837,0.2271328482107603,0.2322605434688297
0.23406733737534371,0.23230040752561523,0.23191581373604098,0.23198466851240004,0.2325620947044152,0.23149462256616385,0.22855491526967814,0.2309950527254816,0.23229143536152463,0.23505544212670815,0.2307586046864575,0.23102828136746753,0.23390181449589212,0.22711717869162049,0.23232720645729185
0.2341204783503041,0.23219678662837862,0.2319851089139321,0.2319527172984354,0.23264403843662104,0.23139512518612312,0.2286116705033908,0.2309454839424652,0.23228694939662736,0.23514016408902763,0.23079996634218733,0.23099943307398854,0.23388634897284827,0.22690034945021229,0.2323745283150917
0.23401254196510002,0.23204970791875118,0.2318916930454358,0.23194429955762233,0.232614644959185,0.23125952018042828,0.22850475083275074,0.23075652231345561,0.23219500167091428,0.23520788665868292,0.23080123180664214,0.23093178840202058,0.23396997016797486,0.22692931732642066,0.23230461878023925
0.23395191993513134,0.23200178786942555,0.23176575258515208,0.23183503328062222,0.23258790544221264,0.23129437944660652,0.22851908798471857,0.23079770984331674,0.23227711063566164,0.2352164589713473,0.23078104134032826,0.23113308031059607,0.23381401820606057,0.22705923297470432,0.23221083259210626
0.23381805005080333,0.23203129976199052,0.23179141249872146,0.23202054613677575,0.2326221339343574,0.2312986159128925,0.22850915879931372,0.23089958407569539,0.23224709249493813,0.23523699178480306,0.23085340371172797,0.23112532498806934,0.23378386144280766,0.22720612718399802,0.2322519929851561
0.23383210106745514,0.2319654360338247,0.2319207424321335,0.23197195396365458,0.2324865082814756,0.23124756011065772,0.22863240570738005,0.23089073838984944,0.23236853666133236,0.23521809842159236,0.2308807490198337,0.23095892260436407,0.23364866249503297,0.2272395817425212,0.23222213833069677
0.23386582992891203,0.232003236265358,0.232082305494956,0.23182134583842706,0.2325563524728871,0.2312489756455685,0.22869657759577666,0.2308342306616703,0.23235983219806458,0.23519389579059766,0.23088720187846873,0.2310981042418111,0.2336318404874371,0.22729614479711513,0.23227030846525573
0.23388569255914415,0.23198743038783456,0.2320963729186303,0.23173849077744993,0.23257672423638512,0.23141869900934123,0.22862460395415066,0.23073727810498118,0.23229602620975973,0.23530161752990106,0.2308659629229161,0.23108193740243457,0.23367769779728348,0.22717035453992315,0.23219284120649153
0.23392831888579244,0.23190815023202355,0.23208274753264133,0.23164135049517182,0.23248984308619378,0.23152479059567366,0.2285379569962529,0.23075899068041794,0.2322263454053557,0.23532276951786701,0.23088034242808392,0.23102042821301505,0.23359245285691863,0.22711849708513562,0.23216531498266754
0.23395314121287572,0.23204118524746198,0.23202435288407627,0.23152689840601565,0.23242855531407156,0.23166731754465988,0.22846660671596383,0.2307037125746164,0.23212131234387048,0.23533944956781092,0.2308748584355855,0.23105445451480258,0.23344424994447296,0.22699288262615272,0.2319601174237069
0.23399986983529772,0.2321216203485565,0.23203881136223226,0.23133146628794746,0.2325557384246034,0.23159804932225384,0.22844971303276868,0.2307865046606866,0.23206979438615327,0.23528836137832462,0.2309308677535871,0.23114445666452305,0.2334209484765978,0.22698315091465146,0.23205894743018085
0.23397122350952976,0.23209611212691045,0.23195975210593292,0.23127518574020467,0.23248783735677767,0.23156821337872163,0.2284456676827905,0.23072393566283397,0.23198224728327596,0.23527720677463607,0.2309467047694701,0.23112482550488375,0.23339094563447635,0.22689014170892516,0.23211441204938105
0.23415710312243795,0.2319334030723681,0.23202485290621958,0.23131503537876302,0.23251655906423455,0.23153196394109657,0.22861357255984946,0.23058232350156993,0.2319157799126411,0.23534476337928273,0.23092338466188142,0.23118756079068437,0.23332402599786672,0.22683651254876316,0.2320565056941556
0.23408746405810474,0.23191281848731957,0.23217490782179098,0.23143501884971474,0.23262434329857998,0.23148876518509764,0.2287045420271879,0.23040395135896463,0.2318138737131967,0.235492181796174,0.2308838710041047,0.23110662825682055,0.2333779592489743,0.22679202436836982,0.23205531806707452
0.234074471848611,0.23195299482014106,0.23214557888697612,0.23140930209540841,0.23262270889088665,0.23137488766424247,0.22876604897859243,0.23045796685820863,0.2316272788096761,0.2354998846644104,0.23090428818034217,0.23116466547258885,0.23336545996744448,0.22677274418148174,0.23201791711106212
0.23407623268336109,0.23199869053947306,0.2321475399711441,0.231340981439237,0.23255093587646916,0.23125692498091294,0.22873992434675783,0.23048349821580016,0.2315301324616553,0.23572655877637358,0.23098215535114022,0.23116763392886164,0.2334292161358549,0.22674222527663154,0.23203112414883015
0.2340304347111897,0.23187693409438725,0.23207625001385856,0.23124619766490792,0.23252599652694525,0.23117816307406247,0.2288241116911094,0.2305088754233017,0.23148189231982466,0.23569717349849567,0.2309715500203195,0.2312001369109658,0.23339675891275324,0.2267523616624498,0.23194847722049974
0.23389529344289456,0.23187872915842178,0.23201710004325177,0.23123705586662416,0.23264751561099864,0.23098389199752606,0.22887854382902942,0.2304712307796875,0.2316710274862395,0.23559893935483087,0.2309123473001972,0.2310823537146278,0.23326691069730793,0.22671058593023466,0.23187789869410874
0.23382209445754626,0.2318478176158888,0.2320114841293205,0.23125616203361213,0.2326699358556848,0.23101842084268906,0.22880449009572806,0.23048129224962008,0.23163174096007214,0.2356569059008742,0.23076113399037143,0.23102209207130533,0.23319524933815275,0.22661759976403367,0.23174441970500853
0.23376113868442833,0.23169279092671435,0.23205980054297495,0.23134688430499556,0.23264209774664996,0.23104018802417675,0.22871935244785105,0.23042913702882903,0.2314991921609454,0.23559630506894025,0.23082205225428318,0.23100999273687917,0.23329090627520754,0.22669537357227687,0.2317133118525458
0.2337406272547476,0.2317081355052037,0.23207975828770858,0.23141329605262884,0.2326754760048395,0.2310713555075244,0.22877689630880824,0.23041158953397065,0.23156148324680417,0.2355354151712863,0.23083276338102485,0.23107964378513565,0.23306452207256126,0.22676819079763794,0.2316989093348975
0.2338683683605844,0.23163563658528,0.23215724343878935,0.23142898668445247,0.23276070446007344,0.2310059051404156,0.22883722341853902,0.2304555667700394,0.23148577014610977,0.23554730193608758,0.23072385500734657,0.23101520392224478,0.23311357853766368,0.22662289753890447,0.2317342719669935
0.23389454912626148,0.23167064661847594,0.23216153179317048,0.23134395005266709,0.23269892708160653,0.23097032201226425,0.2287725008551934,0.2303521431815111,0.23145444778911622,0.23546542058133477,0.23068557712125748,0.23087509959497635,0.23304560528500742,0.22661176642457787,0.23168433738397862
0.23390543479590814,0.23158939104937282,0.2322160199237394,0.2314499727705873,0.23271787025266547,0.23097381337841677,0.22874431791705838,0.23032714013127353,0.23146947384450103,0.2354514497501924,0.23066324793580298,0.23069745107223366,0.23317456473156842,0.2265608197732624,0.2317844742407097
