0.5310150819019436,0.5310150819019436,0.5310150819019436,0.5310150819019436,0.5310150819019436,0.5310150819019436,0.5310150819019436,0.5310150819019436,0.5310150819019436,0.5310150819019436
0.5280659858059709,0.5265481774591735,0.5294246044141567,0.528070798396715,0.5280840675322448,0.5265180603282513,0.5268514843115095,0.5283648886844831,0.5275872784966164,0.5272539595832043
0.5223786966685657,0.5226457552147774,0.5274784410976561,0.5237224387630669,0.5253775701510394,0.5217724623893364,0.5222781507855304,0.525380408300854,0.5245587663354696,0.5253190526596582
0.519271846805795,0.5200514920893133,0.525004279231192,0.521756334638711,0.5239773285562237,0.5198459012376404,0.5183626270151461,0.5239375277726279,0.5220497713839454,0.5224227390893743
0.5160898235340744,0.5174108119215033,0.5216980971336453,0.5190190260839559,0.523326178196428,0.517441792769624,0.5155224381612873,0.5217660812548843,0.5211520943247799,0.5205804880124596
0.5151622750338519,0.5161771114084854,0.5205773796161868,0.5182488841502961,0.5198754189519305,0.5143945045172145,0.5132335526289801,0.5174061954632684,0.5190743510637599,0.5196127953821229
0.5117083383420403,0.51247391361209,0.5187692849439149,0.5147209479294611,0.5167589618245564,0.5121904645418726,0.5104611943558884,0.5166811562822917,0.519302558561033,0.5168816767771369
0.5084946679382968,0.5123707282729777,0.5171849166518013,0.5125851285641472,0.5145863406064674,0.5080131907778355,0.5080440161038309,0.5129813334972418,0.5172411012063319,0.5174704610184598
0.5095726566672693,0.5098920310034852,0.5143987005634901,0.5096348865457854,0.5137461183535079,0.5068748949691093,0.5071801812765376,0.511161279544071,0.51819040998092,0.5177547993987055
0.507549836167929,0.509323294892915,0.5122309157237586,0.5086867107723064,0.5118858887300278,0.5058032474883779,0.5067261522672265,0.5104151444279773,0.51747813532547,0.5149091622256031
0.5058662207791377,0.5088756505681122,0.5098848478929473,0.5086719331908243,0.5124859241308451,0.5047951537087565,0.5055715316574607,0.5093254752705748,0.5172682848995729,0.5134966236030529
0.5055325158948053,0.5080432933105133,0.5081254106169407,0.5083978147446878,0.5116672610955955,0.5021684501143752,0.5041228117485407,0.5080311641206836,0.5178997133432293,0.5124457703823696
0.505277374399755,0.5066548209933018,0.5088110175009037,0.5073890833829862,0.5096931967062176,0.5022522271088206,0.5024024722864335,0.5074189086563715,0.516006900781839,0.512144304653294
0.5055625897520759,0.5054352661865077,0.5081429237206331,0.5067151156727673,0.508260714134922,0.5015941421132171,0.5009770871513359,0.5076084389820037,0.5147613658842395,0.5123331492288614
0.5059506461467533,0.5058097483019284,0.5079707073651263,0.5054222149969018,0.5081883037362702,0.5008072570336366,0.5010334603183422,0.5059539944801367,0.513717034344684,0.51090645937659
0.5053834821115761,0.5063767259965862,0.5084364731409796,0.5044642665325362,0.5066211275826299,0.5005852283108124,0.49955912878187403,0.5070896994654347,0.5126752902628263,0.5109294008935961
0.5051431923345329,0.5063688193681828,0.5076502378075048,0.5031370663203177,0.5061970907969099,0.4995745427872497,0.4988101092463428,0.5060066331844394,0.5127845915438913,0.5111678094083592
0.503389430172672,0.5061505595339849,0.5070425041384928,0.5018034961047626,0.5046244494295224,0.4987282873798943,0.4981190599069598,0.5076089784363111,0.5126540411209112,0.5097019277922997
0.50381476628176,0.5046325585246759,0.5073211954942103,0.50014195988345,0.5040183051578532,0.49659961633614513,0.49716616286507903,0.506990956374561,0.5113779510673772,0.5091793611708137
0.5028664714102413,0.5038287396887825,0.5072067734836525,0.49982765531772794,0.5038648651831281,0.4964663955764887,0.4971963884911279,0.5060796888521589,0.5093567421662276,0.5083288098103365
0.5019404722967274,0.5032274293205041,0.5059208545412586,0.49990453785134903,0.5032329677060476,0.49710171631940464,0.49590543629443595,0.5055242097369628,0.5087500803827792,0.5065678075421644
0.5001221647110804,0.5022078076672479,0.5060314159148134,0.49936873960619527,0.5036776615071367,0.4967885284979426,0.4961464146610381,0.505255366698467,0.5076013574815441,0.5066808380807094
0.5001486523292495,0.5018959209636836,0.5059768297009227,0.4979940669156449,0.5039369193943166,0.49589113249621924,0.49517000818846973,0.5041622515739856,0.507573890447299,0.5058106741058543
0.5006146000360393,0.5011312691611784,0.5054957269716895,0.49782263845350316,0.503753567560057,0.4945183557980256,0.49481504152134803,0.5046346865122624,0.5064271758207313,0.5050468321746614
0.4999452840732479,0.5007585218992036,0.5041520180595944,0.4975467419098245,0.5031025258001927,0.49364235925940275,0.49439544369170846,0.5038290764910608,0.5056843751781455,0.5050881049341777
0.49940922977077945,0.5005749510079028,0.5028290558852856,0.49703980799516,0.5027099448665494,0.49278687493275775,0.4941309957689983,0.5034827212134955,0.5051664411644351,0.5041921746033374
0.4998923033642304,0.5005264361880842,0.5035413373031038,0.49692772724454837,0.503154921802085,0.49250346965467373,0.49380990037555844,0.5029447985409231,0.506247158226631,0.5036243582553983
0.49940497320805255,0.5002406652444298,0.5027055691954347,0.4979187229980171,0.5026308583284849,0.4920590730607213,0.4936538905172683,0.5029610443923886,0.5054484528386722,0.5042221470285695
0.49840082644792744,0.5001783270925304,0.5013727819405873,0.49694134470895845,0.5015565835714165,0.49146053662291284,0.49234369711564263,0.5035729893198525,0.5037701141518465,0.5034478292052059
0.4982599933451463,0.4997063303171525,0.5010454434441367,0.4963629095072955,0.5006703504470249,0.4921884281554784,0.49218418019579135,0.5033718447663875,0.503915376389514,0.5025957017823109
0.4983721294582607,0.4990710734739909,0.5007050168631285,0.4955269964419882,0.5001148105691303,0.49198402025003257,0.49360051980499847,0.5028961903986974,0.502851178219573,0.5025864655845332
0.49821699892318416,0.5002270411641775,0.5001090036605966,0.49496724575034395,0.49824449765108736,0.49132394431080056,0.49344933695156523,0.5025962659787927,0.5031001962639345,0.5026101345937963
0.49697748772799083,0.5000224996206173,0.4999705018458469,0.49514893172342467,0.4972724140937301,0.4918014537504288,0.4924212734270567,0.5019924032925048,0.5032081245634854,0.5024973508459077
0.4964827699946084,0.4993032737917023,0.4994937931467713,0.495171318854225,0.49706857399220267,0.4913389577143891,0.4921365289771254,0.5013293320193265,0.5035076922421379,0.5008885613779474
0.49593454289248096,0.49975321540428685,0.4986659261482479,0.49536981477581515,0.4968763469058892,0.4916279151955212,0.4921569035405602,0.5005286169205969,0.502734666910795,0.5012158572617572
0.49662732153667694,0.4997664502377878,0.49885739529586853,0.49492217223689206,0.4966129572239007,0.49142045050358274,0.49133400426163143,0.5000037511244576,0.5021529913046775,0.5011775943636451
0.49625968777693596,0.49925793522592105,0.49836140872318446,0.4950412110497226,0.4964438749360298,0.49096876594554695,0.4909632574855585,0.4996896783049003,0.5021295014446789,0.5005021378320552
0.4960919350102331,0.4982715270747185,0.4969390348993167,0.4944518589964621,0.4958687038934688,0.4905596413563051,0.48964476108726435,0.49903099250956334,0.5015613549467157,0.5004461609617694
0.4953077610042245,0.49780854784377415,0.4958951552103366,0.4938597402083052,0.4956527447384526,0.4904198603520598,0.48996888416542844,0.49952385377432573,0.5021649081248504,0.5002836316112228
0.49527144957400926,0.4977051669280444,0.4963585589373747,0.49396075494713737,0.49547988004883486,0.49007233671623734,0.48992182128009326,0.499026829592142,0.5021336278702893,0.5008212595408079
0.4951781877057422,0.4975305916055221,0.4970830575980832,0.49382388119244197,0.4950025079870373,0.49035987747013243,0.4895876019396792,0.4981936711310866,0.5011628059143299,0.500653747453483
0.4946898974904818,0.4974312598167579,0.49723508692531526,0.4931008684690339,0.49469987240737534,0.48988615355984805,0.490211789103674,0.49758906512268947,0.5005429484947777,0.5009334397542975
0.4938906407042392,0.49743875717773767,0.49732063642825697,0.4930896628551678,0.4938864985861329,0.4896834003542824,0.489781197027745,0.4974310495903558,0.5003433220656623,0.5005904715597974
0.49372698704967455,0.4970910587545762,0.497695585010107,0.4927000501149608,0.492867428799731,0.48963243412646695,0.4900839804991164,0.4976012358982614,0.5000342520906136,0.499513891070956
0.49372456581452934,0.4958615533366947,0.49823031100542914,0.4926878554698925,0.49260771357030514,0.49006332460269525,0.4893964591322427,0.4976400624361827,0.49939246757296746,0.4986782480415158
0.4939264187573029,0.49554491435923137,0.49800507646681796,0.49217272343522733,0.49235061771759114,0.4901437220230396,0.48980978479907084,0.4975325643668335,0.498364062567544,0.49861795967524314
0.49424827099929153,0.4954081415860503,0.49790402471788286,0.4925689239698843,0.4915805807919936,0.4896887476523134,0.49006663216458773,0.49744574148263493,0.49843727509971586,0.4982389030499278
0.4939524057123183,0.49516677020354993,0.49723261087433696,0.4920788755279334,0.4910955834438015,0.49002709669309297,0.4899817780489041,0.4970797725946843,0.49800112105263894,0.4975779361388918
0.49281775396543626,0.49489636243396445,0.4966793882971102,0.49183516792296894,0.4908401528597736,0.4896307768676934,0.49000539214131844,0.4971252683639683,0.4981813019693855,0.4973467466127688
0.4923883508068242,0.49410888799220176,0.49709208203561855,0.49200290242723793,0.49102955880825483,0.48942166445352914,0.4898466724812873,0.49738284334649335,0.4977480698425286,0.49761616880306336
0.49199893592177646,0.4934775837126916,0.4969872771738499,0.4917048867586758,0.49030422421212266,0.48870661829134915,0.4899230864291966,0.4975077911685422,0.4976721642171514,0.49675880465370825
0.4920466278133292,0.49232622235994405,0.4966068946046606,0.4917083758041002,0.48983247906314636,0.4884094234373439,0.48918723850897844,0.49747012913599475,0.49782323748105867,0.49668307233882925
0.4916179023526829,0.491682408660022,0.4965707314693883,0.4915284854639509,0.48944115390488047,0.48802597377642326,0.489317026637682,0.4970602690476994,0.49698167170443447,0.49652695795336094
0.49134746542949936,0.4924128551811898,0.4965651047170495,0.49126693982356356,0.4897307695496124,0.48744535684615015,0.48905507320004676,0.49635228530870723,0.4964855442189586,0.4959478943703713
0.4913209824476953,0.4925144043122522,0.4962998754976081,0.4905019652776283,0.4902795732844397,0.48739695360101254,0.488919982010392,0.49657164671119725,0.497310344852364,0.49565888628414473
0.49134377661092876,0.4918711133237864,0.49681663177680013,0.4897261039025548,0.4903984736192442,0.48734320178133106,0.48882172040502714,0.49632044241235485,0.4975664514419608,0.4953018763615611
0.491272964417927,0.49197781506133287,0.49681814216776843,0.4897726380744191,0.49035802493980735,0.48730209695919807,0.4885812009592494,0.4959545072009553,0.49741988292175776,0.4951322047618296
0.4910391720463246,0.4922893078004064,0.49692971001801983,0.4896841029491218,0.49045419390275835,0.4876105324234144,0.48824001205735307,0.4964946022185926,0.4970223810301909,0.4951147504500553
0.49106678730124237,0.4921800589909086,0.4962916715889013,0.4899868604557538,0.48990162992032127,0.4866524659795053,0.48868725906374016,0.4959442042738976,0.49674208376500756,0.49507938299283843
0.49089747211356544,0.4913735857942346,0.4960405021932106,0.489666858789921,0.4898261004272689,0.4864624930217996,0.48868623775697617,0.49580889164917336,0.4965614382238576,0.49520546331918036
0.49081736043121715,0.4913483303306182,0.49617713572038097,0.48977430640360264,0.4899526831752512,0.4859331388134778,0.4884698724330493,0.49581881801233363,0.4971836802796034,0.4950110548262138
0.4915213481351086,0.49129949924124244,0.49584708257917837,0.4897760475080852,0.48958469329044896,0.48514735630868494,0.4878022482958897,0.49573387137271996,0.4967370160135969,0.49491154357317124
0.49183112321345923,0.4913004361571868,0.4957868915208304,0.48974970326993034,0.489616832328593,0.485615714192343,0.48819945229857137,0.4956577128492023,0.4962885060644412,0.49478054490510137
0.49156502765324783,0.49093382595741003,0.49606828792407803,0.4895081317058222,0.4899536651653015,0.4857305264594245,0.488052295493824,0.495341559154828,0.4960703788706707,0.49532279846098276
0.4922572371434061,0.4904931369441314,0.49507608065716224,0.48934019637231346,0.49049521075318897,0.4856164601736482,0.487591104193438,0.49515187103379105,0.4956593418431521,0.49634547401898543
0.4917301624757383,0.49019381395511663,0.494563742705893,0.48939656706543283,0.4903036141257495,0.48489999031772135,0.4873720510105778,0.49504432338262905,0.4960116635370408,0.4965647340539982
0.4920141274706599,0.48998080204742517,0.4944480323635161,0.4892667403834832,0.48996056010391886,0.4846831987092745,0.4873176520908186,0.49450532148049026,0.49610034383940727,0.49668510238093894
0.4920713563545224,0.49017210839095027,0.4946018967276323,0.4893419640359964,0.4900194845924889,0.48469249059554703,0.48693093446782365,0.4949601906024395,0.4958071968622008,0.49648550118585594
0.49150703214744024,0.48961558182928205,0.49468004010106986,0.48952629910607687,0.4896324793360017,0.48482849081021223,0.4870521793272775,0.49455126179445236,0.49567273992694905,0.4958540145438276
0.4912563327839114,0.48950021349482065,0.49510133798240713,0.4897897434784469,0.4898460633564215,0.48480603056967564,0.48706131417574744,0.4941954265639024,0.4951892142883637,0.4959013148830908
0.4907340932207784,0.4891823637504106,0.4945637651198169,0.4890268733799358,0.4896576704801006,0.484775003361763,0.4872604367877938,0.49337114875663896,0.49486092355863537,0.4956858143964648
0.49133402863377174,0.48941151000065625,0.4946089486648091,0.4894897314101569,0.489395668637095,0.48412167815849455,0.48678342186919754,0.49332137844314095,0.49444671983919264,0.49576340907752464
0.4913068811659667,0.48916702556489494,0.4946497035462036,0.4896604973859812,0.4890001345604458,0.4846945252020186,0.4866728683505882,0.4931057528292632,0.4941899748414701,0.49553952512016897
0.49134680387809965,0.488849857449734,0.49479238439832696,0.4895769365556581,0.48853008209525867,0.48473472478423674,0.4866694580360635,0.49342660212770056,0.4944754944612148,0.4958347819041115
0.49093814760416,0.48885764395682624,0.4943195971124827,0.4891583033199912,0.48806330297385,0.4849968207725582,0.48669947487300674,0.4937191953813252,0.49431862186449904,0.4957499196616269
0.4904410021947946,0.48847123925161234,0.4943103716119513,0.48935286084938584,0.48850131115399836,0.48459895377535783,0.4868446435928947,0.4937706472257997,0.49440182712808073,0.49559037342860074
0.4903963592875358,0.48817817100767114,0.494391824656072,0.4893765978444526,0.48858381064461637,0.48441988752854354,0.4869108208337232,0.49359633638387973,0.49383863433852343,0.49518060681015846
0.49033924893147274,0.4881993327701903,0.4942704600845424,0.4894564724944502,0.488221285355186,0.48409612643241656,0.48678784036527767,0.49306570253009,0.4935636288238226,0.4951653924008206
0.4901484234036494,0.4885861443039105,0.4938833841503185,0.48983918787341874,0.488175114600562,0.483558246640457,0.4864504175693058,0.49344743815046477,0.4940296861728353,0.495012445942577
0.4903972111631682,0.488885070114281,0.49396950578123583,0.4895707798977304,0.4881878678701474,0.4833305352334977,0.48625520246301623,0.4925677732545174,0.4940739949268865,0.49461579848381493
0.4905117423688279,0.4889439656354679,0.49355626573430733,0.48910344546347484,0.4880596568542475,0.4836262354327758,0.48600378514857107,0.4925783614200685,0.49411702258418905,0.49477959817451483
0.49061087637983086,0.4887264364607711,0.4938665204239748,0.4889440221584041,0.4878338868430338,0.48394389134501403,0.48600575775880966,0.4926286048276037,0.4940232909435974,0.49463537926739753
0.4906256397044129,0.4889151153528036,0.4941022697380663,0.48869724045017765,0.48710409091288037,0.48466363436166887,0.4859302934030689,0.4922314448354999,0.49361180181721054,0.49491706786705914
0.4898710252130378,0.4889448068933996,0.4935586187496892,0.48859369071136005,0.48749744835918196,0.4850802994419585,0.4860002889450277,0.4921199224997397,0.49385708379901916,0.4947237905233249
0.48961546950848955,0.48926338463263164,0.4932533999794845,0.4885386802066141,0.48792090851151676,0.4849776026738562,0.4862106129411401,0.4922630389733863,0.4937516254309386,0.4944646382794433
0.48978680882756964,0.4891533888742151,0.49260349848169666,0.48867195488662435,0.4879865867958847,0.4850141948727942,0.48632690637604453,0.49175489266289923,0.4934144094359749,0.4939771193716948
0.48976686164015726,0.48899860297530096,0.4932861260642943,0.48846987008722825,0.4879857180989413,0.4852771786272678,0.48633046554629983,0.4914564053334137,0.4929903086554266,0.4939139659970965
0.4895475579552331,0.48877483416241446,0.49321663771708596,0.48823571738899,0.48780580809533886,0.4848992927500788,0.4861711680642494,0.49200374298349514,0.4932317786663826,0.4941736779843642
0.48931195121691073,0.48847797694142425,0.49321137795208836,0.48832724987238846,0.48754967509244795,0.4846408852350338,0.4862062478984551,0.49180343149909833,0.4932258187562254,0.4940658733565384
0.48896404463084875,0.48880472650716295,0.4930263705160988,0.48829533621638266,0.48746398432786675,0.4842362550054112,0.4860128482818937,0.49196836395248145,0.4934411507972679,0.4940613107280475
0.48856845998237,0.48861438761036513,0.49316241050979853,0.488219987828733,0.48741920233445307,0.4838299680814381,0.48605165067088973,0.49153127659555,0.4935267129831666,0.49350946843742827
0.4885918127236737,0.48890007569701416,0.4932100022953524,0.4884713765894722,0.4877903241823927,0.4835822878648161,0.48602944415151295,0.49113159483673496,0.49357460008058773,0.4936078216704967
0.48817106863493664,0.48882689397961143,0.493290833371232,0.4886618450510288,0.4880033180601277,0.4835340330725385,0.48580533636562334,0.4908949800613225,0.4936512360627165,0.4933410205356382
0.48856865771823405,0.4889187613509556,0.4932417040440805,0.48880885412669944,0.4879391453182947,0.48296493955181513,0.48619790141024194,0.49100253804510874,0.4938673967398408,0.49370675002922565
0.48809866116880973,0.4885666588428454,0.4929108850881431,0.4885628592114953,0.48785582053241866,0.48259467400197487,0.4859272989907821,0.49087074789626045,0.4938542040092592,0.4933588461422015
0.4883159499229069,0.4887031331614818,0.4927849356976363,0.4887338883051049,0.48743165383102793,0.4826773002218461,0.4859698244951045,0.49055088558529814,0.494362871967125,0.492983353341097
0.48807280226560373,0.4887882435752,0.49251271606646524,0.48830628754804106,0.4874586360801594,0.4829126564660439,0.4859323383911539,0.49080744971899276,0.4943291476259834,0.49271226832944703
0.4880557787006908,0.4889715573698618,0.4927752560280295,0.4882114133763572,0.48787820080951666,0.4832441686308729,0.48607523124121244,0.4905127649262422,0.4942856794369521,0.4928699476570231
0.4880895984707019,0.4890380312766415,0.49281708029986576,0.4883162882987015,0.48777065146868914,0.483344790417629,0.4857584979027197,0.49032450786227716,0.49424545728069197,0.49304876364684014
0.48826717715011275,0.48904665014890747,0.49309349873314373,0.4883352327276801,0.4878922375317604,0.4832721580026864,0.4862997185441509,0.4903782853070823,0.4942978023713556,0.49285409042415235
0.4881575556131118,0.48883462698734637,0.4926337307834732,0.48820224684034974,0.48797794186681487,0.48307567733072176,0.4862685442423107,0.4900427898351039,0.49424359193716666,0.49310093976850394
0.4879439353193994,0.4885556510675958,0.4925948108919067,0.48818951517514764,0.4879737050230518,0.4826906736960112,0.4863628695214893,0.48991471353153726,0.49421635807682696,0.49285375063093284
0.4878708132209891,0.488673525213488,0.4926796191660827,0.48789626716801393,0.48828421040845255,0.48246929445079495,0.4861512218998162,0.49014357544602294,0.49374188810681846,0.49282040123104753
0.48783940102056134,0.4884949733008622,0.49302937206254344,0.4879573048825082,0.488170094534023,0.4826068044304793,0.4862965805325068,0.4904670398147199,0.4933990871648953,0.49287106083445725
0.48773649279527637,0.488478082072632,0.4931766598333561,0.4879857674307363,0.4881172061154066,0.4827478651486864,0.48632680693696345,0.4907365550336091,0.493502731926386,0.49317179840559117
0.4881111288439294,0.48829256995845655,0.49313110287092454,0.48789391676301547,0.4877639397387597,0.482760989508554,0.48625552674309586,0.4909977982096683,0.49327762669415076,0.49316725201269035
0.4881893713425468,0.48833557837627295,0.4928023095783454,0.4880395442430432,0.48803310083718215,0.48223304158992986,0.48613772769570723,0.490586100323151,0.4931432743307182,0.4933059804767852
0.48835906900956644,0.4881488639003597,0.49262368331797735,0.48774279295576595,0.488064269712855,0.4820462055095721,0.48627655388527274,0.49056672843820254,0.49306479043157436,0.49351727875921564
0.4883059573921581,0.48835714007852665,0.4926072965507186,0.487957363158346,0.4878992745352096,0.4817369627954225,0.4864700659544321,0.4903820846497691,0.49309636549432295,0.4936427948942312
0.4880049541705465,0.4882103709054517,0.4926759953035518,0.4877652772052635,0.4879057747615306,0.4813523540338213,0.48627815628639853,0.4906532828705763,0.49303117070083524,0.4935626890695287
0.48758912865281095,0.4885609094954932,0.4927683803194459,0.487767977230815,0.48785482580288614,0.48171644346798315,0.4864431649082131,0.4905033125775119,0.49306153794066176,0.49348732177168586
0.48749155765704566,0.4884907882627343,0.49247778005818643,0.48723481656051487,0.48789653674029715,0.4815941062025863,0.486229132777162,0.490562084887801,0.4928244458147809,0.4938576807920615
0.487527342588868,0.4888317440069627,0.49250475394300824,0.4875442816552829,0.4878927123179934,0.48126319077417495,0.486024783740804,0.4906565465751322,0.4929469473539325,0.4938797705647604
0.4872389949620043,0.48843163474117307,0.492200962946814,0.48752122871637893,0.4876912975424022,0.4812977663445152,0.4857871722447628,0.490756803268319,0.49273211957973956,0.49370347736844983
0.48715074655442175,0.4883468583424234,0.49191152999159443,0.48767637906058714,0.4877231725097595,0.481564887758857,0.485683990174516,0.49080682600219233,0.4925745702017863,0.49372919215939826
0.4871442888060476,0.48815627469609707,0.49157142217929356,0.4878134790133777,0.4875603762221769,0.48180379477699714,0.48539814461571124,0.49090130216025013,0.4923191363221297,0.4936428025309044
0.4867291313863752,0.48816273118038883,0.491303898693297,0.48813491701507805,0.4875451371932826,0.4820351634388966,0.4852437260606532,0.49088117204315906,0.4923098279517869,0.4933747784761511
0.4867341381391812,0.48795863219870483,0.491462473082314,0.488238005637901,0.48750282550781604,0.4819794709919242,0.48499782695031707,0.4911560803082983,0.49199590405409355,0.49341356835913835
0.48665629649455916,0.4874948938746718,0.4912071346185804,0.4878586765397041,0.48772824797625547,0.48193347122343416,0.4849056453874098,0.4914796306165125,0.49203279899301094,0.4933099057962635
0.4866758462909036,0.48722795954560727,0.49145500107045953,0.48797530859296845,0.487734671278144,0.4819998562518605,0.48497855600676226,0.49135732543817584,0.4918070353250632,0.4934591244032473
0.4865825320809773,0.48731254024468146,0.4911905410695166,0.48805657439938954,0.48774616722483516,0.48187059521553455,0.4849413459509099,0.49140829627918275,0.49163732628161677,0.494000150379559
0.48653616539330125,0.4869472769371743,0.4909109045193644,0.48807638746738463,0.48772489173647104,0.48148616986263876,0.48511367887040596,0.491450213610436,0.4914790479137547,0.4937536522788943
0.4864310471151934,0.48688711271707436,0.4908657491523244,0.4877774535799918,0.48756157155186125,0.4816358054118035,0.4853246215618291,0.4913358790723887,0.491137375205486,0.49388212440255425
0.48617797215849795,0.4869457394959196,0.490712333783325,0.4880846446882221,0.4873460102708837,0.48184523838021004,0.48524107521156795,0.49114606162563135,0.49116159292015593,0.4941619173891818
0.4862314254913129,0.48670287288977415,0.4907190503831439,0.48774085622249963,0.4875291460406643,0.48187289894076885,0.4850525730029151,0.4911806352197581,0.4908289768237819,0.4939772125906602
0.48658388366245886,0.4862532636137882,0.4909030894288492,0.4879392687764573,0.48781450023965117,0.48193061583199964,0.485191170403083,0.4910403388502423,0.4906621520325672,0.4940754807643005
0.4865372160745902,0.48589834030191753,0.4909940968686801,0.48797317438657345,0.4880247438768745,0.48163590448083893,0.4850647681735758,0.4908954472775406,0.49075705594351543,0.49422910555144345
0.4863684097254966,0.4857857863567229,0.4911710692979508,0.48812363753405097,0.4879208107907416,0.481267178393083,0.48487585452952,0.49066861088561975,0.4909895583310297,0.4939166673562299
0.4864237168778368,0.48575414868642736,0.4912720791631664,0.4880589163271982,0.48784763936380604,0.48130264670029227,0.4850120446488497,0.4905104438074904,0.4908548121091036,0.49403510715219445
0.4866407746843434,0.4855917788494526,0.49128386267374685,0.4881860280326946,0.48774326060813733,0.481146816059646,0.48472398476378953,0.49016268336252095,0.4908493196545961,0.49433328279942046
0.48691949859453115,0.4855095522597497,0.4912845934051929,0.4882939727710721,0.48775265563616893,0.4810953731881623,0.48502316673704615,0.49043742792070427,0.49067602164516916,0.49389814601609394
0.48682332512472204,0.4853968874840779,0.4911848204179039,0.48825009772446804,0.48804735691571327,0.48121054722635426,0.4848628246078413,0.4905150045856128,0.4904893249994594,0.4937843319684845
0.48707921227794615,0.48561551542871295,0.4906752902053287,0.48815534043677994,0.4881416210180694,0.4810435385659904,0.4849009350643578,0.49040984632062556,0.4903550282427351,0.49374702749652205
0.4874121937432096,0.4855079055905897,0.4906521916609435,0.4880958221613384,0.48798677159759457,0.48112690028425487,0.4844929984827128,0.49020421150447147,0.49039332995172563,0.49372707091027745
0.48751290512867573,0.4857824157535449,0.4903941622995885,0.48835272708339084,0.4881787087880675,0.48128052475960637,0.4843181441892509,0.48995436973016854,0.49060792219422106,0.4939673985326607
0.4875956179184235,0.485721501993489,0.4904541242091879,0.4884679211401947,0.4880148594740717,0.4812427723317293,0.4840263537648763,0.48986106846735333,0.49033373710907835,0.49386184374588926
0.48763112942141196,0.4858459979771668,0.4905592891159573,0.488474594252388,0.4882735994924061,0.4811417633869932,0.4839804058514451,0.4898967906480813,0.49002812485824054,0.49388679176123823
0.48770420732649095,0.48592425188916616,0.4904198812889907,0.4885819991579468,0.4879194989533669,0.48110867691365594,0.48413858921709074,0.4898952376359001,0.48966472602175215,0.49375619436141654
0.48745925625756853,0.48614056029234887,0.4903744827477002,0.48866565775360155,0.48789466007306215,0.48090253161117524,0.4837707910836151,0.490162858131766,0.4898714250421251,0.49385106322148953
0.48776292213551675,0.4858295661755936,0.49067910826089156,0.48883740473588866,0.48768409024873793,0.48063972413590517,0.48383900170966854,0.4901037840722407,0.49002420190843193,0.4938113046758643
0.48765954540749873,0.48572446900555155,0.49074635210687106,0.4888247166538932,0.4874679292992499,0.48056081370363957,0.48356384582704287,0.49022301710943794,0.49004574138320084,0.49377828411984376
0.4877305883237143,0.48591682112398776,0.49080275461933637,0.4890032274456213,0.487551690267402,0.48055302543166795,0.4836716145243306,0.4901370272969475,0.49024895247966915,0.494013764737934
0.48770602618016573,0.4858473695756217,0.4907959322470456,0.4893891070888095,0.48778723751120323,0.48062021323788306,0.483859654940175,0.49008762553224516,0.4904768895323407,0.49396774930506854
0.48788118285577237,0.4857491637348643,0.49081365905569485,0.4892987453020835,0.4875194493240989,0.4804339225311205,0.4840981143318943,0.49000238729578915,0.4905287363244176,0.4938742633310436
0.48768846440005836,0.4860253513316757,0.49070635237953664,0.4894631755876286,0.48731921543200185,0.48036486911307474,0.4838599404590007,0.4898289831263645,0.49055060752953034,0.4938830463110336
0.4878820822120596,0.4860711829188779,0.49078899560590017,0.48961021968702334,0.48738893037729386,0.48027484453528546,0.4839230122639853,0.48974416799458353,0.49035273859355855,0.49370588923169045
0.4876147477842361,0.4860628606316782,0.49097374836730423,0.48923063566154656,0.48725177415356197,0.4801833599085755,0.4839893561955423,0.4896681097695616,0.4904497727311252,0.49383226976588085
0.4873524607072567,0.48608686566018,0.490869537697664,0.4894304940901282,0.4870393266590912,0.4802850066621606,0.483718547295544,0.489924868052752,0.49072463797838284,0.49393863411036215
0.4875180427935018,0.4857635870472807,0.49097160377461524,0.4895994252349276,0.4871468137672154,0.4803722511506603,0.4834767978418504,0.4900370694756154,0.4907737353100766,0.49405913498249393
0.4876327217889141,0.48550433166207974,0.490859892762747,0.4891249520379367,0.4873147477074344,0.4806532781032711,0.4837317448082921,0.4900905068632993,0.4908887700757134,0.49382208789707566
0.4876752127975886,0.48545094127439314,0.49110122215188834,0.4887491387105905,0.48741578311726236,0.480555789088771,0.48361983476825093,0.4901905412662227,0.4910869141684545,0.4940645019477464
0.4877316646386968,0.48525034328249994,0.4911526441542494,0.4887333963683727,0.48731322038485897,0.48041057230574075,0.48359272729646746,0.4900659188624477,0.49133247443745265,0.4941554560638137
0.48757898003112593,0.48527625651673045,0.49112805421779526,0.48856912194950586,0.48699750116966856,0.4803491077252593,0.4837604426211992,0.49004028915290715,0.4910854116200563,0.49397886134821556
0.48757513256750673,0.48521769507314366,0.49097407266044685,0.4885712462497519,0.4870896075059948,0.48025023327207933,0.4835381119102613,0.4900608709074571,0.4912137406535431,0.49412923754421184
0.4874142018317188,0.4851012631664901,0.49113598174070877,0.48846013891101536,0.48699423143972254,0.4800321483546291,0.48345053067889443,0.48989738713712827,0.49109777863995463,0.4942672514377864
0.4874164155213035,0.4849982958627019,0.4911389363524611,0.4885952707644291,0.4872281021209648,0.48010926453728975,0.4836174557704871,0.48958846690803126,0.4912842355380501,0.4944443428224711
0.4873643093418698,0.4851822741271195,0.49099761420453897,0.48823209179525917,0.487272201607975,0.4802475900595605,0.4832959166801621,0.4895941777557291,0.49108278512969433,0.4944857722958884
0.4874611877185744,0.4850875269725625,0.49077760190743674,0.48837552262090017,0.487319936716825,0.4800018514047964,0.48325149786030014,0.4898424024829019,0.49090461495478493,0.4942762931648839
0.48757086412687695,0.4848698497169979,0.49091234574453346,0.4881488703362602,0.4870893269581995,0.4798911458910156,0.4833642812469776,0.4898501322853025,0.4908971238063301,0.49423775145550247
0.48757852408820346,0.4848547376616976,0.490999754808856,0.4882115232128092,0.48725153956483025,0.47992003250729803,0.48363290090806094,0.48994401482319083,0.4907615835710632,0.4943107330736202
0.4874099966143047,0.48481507801860324,0.490817749106163,0.4883589038308596,0.4871280998712831,0.4799929811464622,0.48358811074061275,0.48995750005377103,0.4908590269379596,0.49436709289532926
0.4873588814038014,0.4845982464150458,0.4907578080997349,0.48845778568637027,0.4872113777549559,0.4800263689838107,0.4834636547013418,0.4899548287031812,0.4911172850317738,0.4943239130009894
0.48739760668498733,0.4844015007410678,0.4909295960171938,0.4885739008346061,0.4872034516918835,0.48031910704501074,0.48356581601627224,0.4899539182506969,0.49149000614671207,0.49434320888435535
0.48757441671616664,0.4842893525989447,0.49106716788740823,0.4883291995211781,0.48731586793095205,0.480459554822723,0.48354907269056113,0.49002008080113263,0.49134772672041366,0.49440490418907146
0.48770351253875915,0.48390098860204084,0.4911380504199334,0.48812766639725214,0.48730485288472436,0.48075656044876847,0.4834585214455154,0.4899576121066751,0.4911944013479946,0.49434018046526307
0.4876339251529049,0.4840282030444073,0.4911437204333744,0.48834807203706954,0.4873809742902885,0.48074128197128246,0.48314150758973756,0.49003264554643555,0.49103777124085535,0.4941670351751892
0.4878555343089854,0.4838846353281039,0.4908537147632586,0.4883767003603839,0.48740166258522916,0.4807694233915768,0.4830562552067877,0.48998163347505747,0.49106890201822934,0.49409867340147046
0.48784328752766776,0.48389293798882477,0.4908100448419342,0.48847603711503257,0.487402205287569,0.48064919666298317,0.4828264014229331,0.4899077560658657,0.49125307438349036,0.4940013405413888
0.48756715447519056,0.4840101556520386,0.49051665691749713,0.48853979284297827,0.48725646519767035,0.4806796498200793,0.48282994615856517,0.4897185153883129,0.49085962076100725,0.4940418658164241
0.4876505387449241,0.48410001664413466,0.490468265851704,0.48849608573642306,0.48733728280061955,0.4805215900617466,0.4826080040371964,0.48974331342286487,0.4908227438269105,0.49375068911840686
0.48770186165822965,0.4839740711415814,0.4903780853288357,0.48829576907168304,0.4875385939391224,0.4805911960156776,0.4825766734995677,0.4899182994187829,0.49087344435925545,0.49351723139332976
0.48752901304321866,0.4839852263387351,0.49041492166083367,0.4883789023154515,0.4874516029423271,0.4805705690570862,0.48260909374998345,0.48989161391782615,0.49079013363193236,0.4934338128914498
0.48737272926528974,0.484047560372421,0.49027521383124917,0.48839021776395247,0.4874562135175611,0.4805665480907592,0.48234276691155176,0.4897718492642937,0.49057446063354937,0.4931422473880204
0.487273419208043,0.4838053073882258,0.4900940216644922,0.4882626072608638,0.4874770845709073,0.4804248124778326,0.48211519298088673,0.4898104736097923,0.4904607095452492,0.49300065400172594
0.4871874902082808,0.483769115312412,0.49014062816116577,0.4883998479846918,0.4874944846039584,0.48043617534806904,0.48200519873933684,0.48975064159205034,0.49025877381610783,0.49279887213905876
0.48731435266091094,0.4836655357035108,0.48996180482963986,0.48836543478152633,0.48740526794539746,0.48046783653051384,0.48201882318524736,0.4898303915080618,0.49059744801064176,0.4927565205640908
0.48724081819535503,0.48380184945597426,0.48985402927429117,0.4882463195514922,0.4872688529501729,0.4806386737627085,0.48206297949345966,0.4898869367417781,0.4905319928015996,0.4927888016175908
0.4873525045166561,0.48356132791036804,0.4897764524752114,0.48829415579870356,0.4872775482101128,0.48049082936299614,0.48213660271730696,0.49003111279777406,0.4906028097032581,0.49272647315088103
0.48733780906153473,0.48359032711729827,0.48989502837993065,0.48851777485007325,0.4872566742535507,0.4803007295408185,0.48236568314973016,0.48997872537890125,0.4907579370822997,0.49280406614184474
0.4872331675393657,0.4836001179212002,0.48992936925312996,0.488302935067257,0.4872396034168449,0.48026634659494183,0.48239453249558556,0.4898447508569419,0.4908190843929727,0.49310541014474896
0.4871146428843109,0.4835954739971959,0.48983549872066234,0.48840137730660715,0.4871298370821605,0.48016662893754963,0.48224602530837885,0.49000473212188955,0.49085826223233275,0.4932000929825931
0.48690530264716625,0.48370223615752056,0.4899290570263778,0.48845333212348047,0.48720863976669343,0.4799820557833752,0.48232622350734145,0.4901185740470685,0.4908109718132936,0.493024176054701
0.48704202553605924,0.48368881599510605,0.4900004375947151,0.4882595576895371,0.48720772747569874,0.4800438356960958,0.48235424005990346,0.4901031190567056,0.4906754040009528,0.49310032173474927
0.4870216547532397,0.48385740940076366,0.4901280611555197,0.4882766681579175,0.4875276620469173,0.4801239653289241,0.48254847609727475,0.4899686928205382,0.49069504885181786,0.49301229477469677
0.4868900131411609,0.4838872382688831,0.490218878029039,0.4881660659038038,0.48744353767796633,0.4802033083857226,0.48256046140354836,0.4900722792028537,0.4907872639542142,0.4929224257002903
0.48684225485448024,0.4837696861820104,0.4900069391788819,0.48789395882098635,0.48747490028985424,0.4799134967454431,0.4824975538299625,0.4899132253759956,0.49071129756051707,0.49289459255196244
0.48704179574816264,0.483732922130873,0.48989755578147764,0.4879181034102488,0.4874579759580543,0.4799111383805948,0.4824060036067863,0.4897817298610939,0.4907332549324187,0.4928005959512143
0.48680816218219003,0.4836313907068653,0.48986542931115273,0.48791230639280686,0.48716884153921647,0.4799117125039188,0.48246401116074017,0.48977984124108365,0.49069725798158287,0.4928012017424672
0.4869436884991929,0.4838312700131885,0.48989674129409944,0.4880693360597664,0.48706192482099947,0.47997401694501185,0.4825757773545472,0.4896976354536319,0.49079858651533675,0.4926663292432148
0.4868824813330613,0.48374493409944885,0.4895952118229723,0.4882170447520723,0.48711542724040907,0.4799256069673091,0.4826104504404929,0.4897653384510285,0.49071858436383026,0.492931387444107
0.48698549076384356,0.48386642224291154,0.48968322347562937,0.48840588127508155,0.4869750976528727,0.4797965552756155,0.4824178079941961,0.489758513186875,0.49059464975066636,0.4929130747567283
0.486923989932138,0.48386790882901,0.48975870264099114,0.48832098050935585,0.4869278045711469,0.4798758313159486,0.4824097389169489,0.489789326874338,0.490869603221615,0.4927485227092217
0.4866628957981774,0.4838664486011771,0.4895134950115362,0.4884833635108407,0.48696429121955814,0.4798784994921224,0.48248946827669426,0.4897419174688473,0.49090312563519034,0.49286070161269063
0.4866980938258596,0.4838673194175928,0.4895113059973702,0.4884709236344711,0.48687452403847303,0.47981622665647494,0.48236914807974973,0.4900963788087506,0.49074826796972243,0.49291539778055915
0.4868943194045169,0.4838956980956319,0.4892528851646996,0.48831597982560787,0.4869756023252868,0.4798322632010243,0.48235670423471666,0.4901441199077119,0.49048264355408344,0.49288423591650316
0.48700341011714565,0.4839727072969565,0.48905974261698204,0.4881212325997319,0.48700831389852384,0.4797187076368096,0.4822934466284869,0.49027225307758376,0.49059905491272265,0.4931091257516864
0.48719847141624123,0.484107063932811,0.48900924161891046,0.4879977688396969,0.4868363171683687,0.47956557019549584,0.4823197269490874,0.4901606047135784,0.4907077788404267,0.49310563330597906
0.4870742446092247,0.48415666933549123,0.4890198061667494,0.4881681110111167,0.48666587465644645,0.47963144428544574,0.4822237628912509,0.4902410410308767,0.4906240575758941,0.4931118796309222
0.48716400095043777,0.48409527213318143,0.4888112786880743,0.4881524349162377,0.4867969316146988,0.47955321892802905,0.4823507371536905,0.4900406996611597,0.49065436178789185,0.49314775506382014
0.4871615818917394,0.4839067907570236,0.4887331354024858,0.4880643731829455,0.4868854045037738,0.47965709494937164,0.4823907822840783,0.489993362390504,0.4904925439756008,0.4931700169548146
0.48710723579762705,0.4836623800959233,0.48874000514177224,0.48804151026098497,0.48663441750283076,0.47947999118105117,0.4823434732038884,0.49003396585746245,0.4903938227620689,0.4932831662144067
0.4872013997357677,0.48344218235390235,0.4886633952706095,0.48792272421631766,0.4866323115649248,0.479475706226213,0.4822589297104257,0.48982492705025243,0.4901616045601659,0.4932561234033685
0.48740156270479634,0.48352903572953754,0.4888327539745291,0.48766192889719606,0.48648728907644284,0.4792087805130769,0.4820632812132984,0.48973943591460817,0.4900109442595847,0.4930826639019764
0.48730113782079437,0.48344739020883504,0.4890055673788454,0.48775889523008426,0.486435387865134,0.47917415822488474,0.48234735874337087,0.48975338035151733,0.49005614865313657,0.49312138351995694
0.48722281531163003,0.4832774014468605,0.48894804063227104,0.4878067316423075,0.4865049655009743,0.47923139523485214,0.4823662369064954,0.4897418002844117,0.4898145265403534,0.49326341078551844
0.4873895941827924,0.4830855383359874,0.48884451977224697,0.48807158694739167,0.48634183387330815,0.47924727114584187,0.48228171336115966,0.48974137573678944,0.48986277616086943,0.4931815241725151
0.48743238725384025,0.48304547809727616,0.48881293687934535,0.4882445615432039,0.4863866052578439,0.47921179787992085,0.4821671022485788,0.48960307828528643,0.48976219287286415,0.4933862442934953
0.48737426530880645,0.48295506012253847,0.48890222933239275,0.4882863413424295,0.4863532667100966,0.4790743091672422,0.48205936229114577,0.4897824099197259,0.49005142728637735,0.4931797953447017
0.4873125854024174,0.4829396767002668,0.4888911273696725,0.48832397137638606,0.4864432648234284,0.4792431110163334,0.4821371741582634,0.48984649444620393,0.4901253134534984,0.49323308936221144
0.48747345414875365,0.4828570831772913,0.4889628867880232,0.48835124248008116,0.4863510123086776,0.4790569857817795,0.4822342847123073,0.48993871938194,0.49007523077885595,0.49316377018129287
0.4873237952822436,0.4828452173971696,0.4889433643849311,0.4881731797006096,0.4863100870296514,0.4789780494290836,0.48213236198069254,0.48997924517374475,0.4900643992799559,0.49313088208571276
0.48748075911760286,0.4829918368171023,0.48885150498198393,0.4882472293600032,0.4862226972456601,0.47895535718158166,0.48187868330568945,0.48986258599571353,0.4901939974849978,0.4930905813733634
0.4875246500710898,0.4829312790123735,0.4889812533125096,0.4882548762637194,0.4864447187939929,0.4788144956676998,0.48194247282476893,0.48991078961042583,0.4902212772132058,0.49312707435070446
0.48758846545973145,0.4829219058170695,0.4888939879052117,0.48824720748083633,0.4864562860400314,0.4786861325795629,0.4816051658553977,0.48956972033257684,0.49013355585488566,0.4932980738572114
0.4876892795418397,0.48290131578490253,0.48874845939184197,0.4882169760568355,0.4864487022970478,0.47864244787381743,0.4816631334595871,0.48963152370554086,0.49013715529934926,0.49332376957081486
0.4875991673340674,0.4826570412494773,0.4885787567550816,0.48817459794763113,0.4865511346648053,0.47845177677201767,0.4815135390691511,0.48990008762462606,0.4898832814966586,0.4934232779001074
0.4874436272206365,0.48249523954197787,0.48855768882322775,0.4883483996300427,0.4866432963595381,0.4783475262393799,0.4815164389031775,0.48981488930873207,0.489807897024014,0.49329427863699127
0.4873272679550552,0.48243294141604054,0.48856042777731784,0.4885819707892216,0.48675695114728423,0.47813418120309914,0.4813523014651939,0.48984816132477604,0.48972589657463267,0.49333794236221207
0.4874046416374013,0.4824265115522716,0.4885312042403265,0.4885890111847498,0.48680029569807376,0.47823684589481197,0.4811992678481562,0.48994323185441385,0.48981083006790244,0.4934874541736723
0.4873499049180575,0.48242136010734404,0.4885652365543109,0.4885318044368577,0.48695823076369793,0.47806053804472776,0.4810810710298465,0.4898956455477695,0.48988972783810175,0.4934287239148533
0.48736831392959856,0.48236262217260356,0.48840953047013796,0.48862181101997326,0.4871244286859296,0.4779629810775315,0.48103144325646163,0.4899258916527474,0.4898581440374925,0.49330793153850355
0.4873462111993313,0.4822522975541123,0.48834473218091107,0.4886907100940208,0.48729733798210995,0.47784825155374583,0.4810097110208678,0.48988009095365737,0.4899152931694058,0.4933291003071031
0.487408533745235,0.48242996647132846,0.48814784983274384,0.48868389610215557,0.4872245370937774,0.47775555216542426,0.48117244037378554,0.48999454471521847,0.4895374036907257,0.4933003626500131
0.48747626517779785,0.48236079574100255,0.4882093755682424,0.4887190329441976,0.48733383603498837,0.4778447452165336,0.4810523811472862,0.4899070412916344,0.48956055337730187,0.4932359648899153
0.48742177864176256,0.4824019175225969,0.48839220675858086,0.48849024080071085,0.48761742297475247,0.4777913571069069,0.4808986120342,0.49000509257144564,0.4896547969374378,0.49333934682611036
0.4875538955249709,0.48228627827668324,0.48840859566565065,0.48846961886576673,0.48756508510303115,0.47790081707210685,0.48092886753287273,0.4900118867095276,0.48945090572019206,0.49344548606351474
0.48762289946630116,0.48227343942322065,0.48841737705927335,0.48844871908000825,0.48763358575991267,0.4779557271905144,0.48108128012657214,0.48998593673741814,0.4893641383344171,0.4934627997307342
0.4874889018430248,0.4822810737283133,0.488291241709148,0.4883772634379636,0.4876208623852209,0.47820153983892555,0.48121466955929365,0.48984697306404373,0.4895454785264328,0.493588760979095
0.4874051167485519,0.48244477596322916,0.4881752330802892,0.4882797385839996,0.4877261917844539,0.47797547919202427,0.48117055531264996,0.48971616362551423,0.48938671514289583,0.49363408037064777
0.4872140581537269,0.48230668540421195,0.488272291408603,0.4883053335364675,0.4878298360496728,0.47796020050349636,0.48111586445844523,0.48983502070148927,0.4892300477585766,0.4936554589238978
0.4872844492815547,0.4822733577163009,0.48822879136208225,0.48824902607915477,0.4877298675474167,0.4778139115249045,0.48105665648151,0.4899347427062303,0.48908505528793794,0.49352263608471353
0.4872353463203647,0.48202803885131945,0.4880340961051168,0.4882183324365066,0.48773634094199153,0.47780840776636185,0.4811163759287861,0.48982133836141534,0.48906220120975774,0.4934653554163847
0.4871278032692858,0.4819920387000685,0.48812290069724645,0.4881991046068303,0.4876146468033377,0.47791214335363247,0.4812123128286289,0.4899096979894949,0.48924093661460755,0.49342069659154025
0.48705991071293453,0.48203871355281164,0.4880203777560581,0.4882635989156332,0.4874630605873623,0.4780345949945743,0.48124757685082087,0.49002589375886246,0.48921620498031176,0.4935669832553376
0.48686899160886454,0.4819783091531738,0.487962365636416,0.48817614766331224,0.48752886507673393,0.47801580193678556,0.48125010092492804,0.4901229416656869,0.4891280119452265,0.49342105651478724
0.4868620120013113,0.4820437824523592,0.4879820701338017,0.48815546470962295,0.48754039745038047,0.47790205000926594,0.48124543572306866,0.4902817912375447,0.48892661585366853,0.4933920026776899
0.48682153379443854,0.48202877493620444,0.4879446751187421,0.4882253966495254,0.4874484684110043,0.47782607891595297,0.48130773156165174,0.49016925335474637,0.4889669534992397,0.4932829064988122
0.48672158083630473,0.4820587102380581,0.48795077397148046,0.4883208223122934,0.487410427806939,0.47805176141560946,0.48136070265466546,0.4902519196250007,0.48904090363902175,0.49319504036203954
0.48670964897181784,0.48204215515791937,0.4880171967746914,0.48834009683547075,0.48738815917828604,0.47808296066578393,0.4813254346988978,0.4904700966340147,0.489016711143041,0.4932118476523482
0.4867861246482595,0.48190188087241587,0.4878846296919298,0.48819878116102366,0.48741531254053505,0.4783155760120617,0.48126295308848016,0.4903560660632005,0.4890106275421871,0.4932521606264951
0.48659198341891235,0.482009548496153,0.4878894337713569,0.4881813695384733,0.4875339872136221,0.4783363295064339,0.48118326740335227,0.4904555228807169,0.4891396299809403,0.493231734109521
0.4866498243083523,0.4819582796627985,0.4879537220383579,0.4882157901748833,0.4874217340196285,0.4782892923148734,0.4813558831340873,0.49035776873505815,0.4891669544522424,0.49330870672318017
0.48674250373452355,0.48195942291926874,0.48791997032947027,0.48821122659484373,0.48739320945046605,0.47829201819878164,0.48144738482312166,0.490417046021307,0.4893558180977468,0.4934819496641528
0.48664218215007904,0.4818759133514418,0.48790477945727234,0.48817274285058043,0.4871779957265305,0.47830287918603426,0.48132108717888283,0.49034294672236023,0.4893906050997015,0.49356537524438565
0.48667714769620035,0.48181485140812563,0.4878855014366046,0.4881351628895813,0.48728428043350247,0.47834668114143236,0.4815724709677305,0.49058971629540793,0.4894257406749698,0.49359059917542586
0.4865308884676817,0.48190444128859794,0.4879300838525097,0.4881290218635601,0.4873007189838755,0.4782128313583428,0.48152403988902426,0.49052620331659,0.4894258861524577,0.4934111546175607
0.4864316793610476,0.4818414264993462,0.48795689156811617,0.48816460806789946,0.4874524615867186,0.47826579973190836,0.48138918951385656,0.4906808838689469,0.48930508628491304,0.49330215928439725
0.4864853120210294,0.4819097114897857,0.48797199190833096,0.48825504858080326,0.48728657602912334,0.4782552366853129,0.4813682534812694,0.4908580950115078,0.4891790170792009,0.493419857349526
0.48644758458937404,0.48188914234696084,0.4879913552156999,0.4883095719882592,0.4870774297209648,0.4782044761359576,0.4814044476255276,0.49088271750846524,0.4894851999177296,0.4934063346792298
0.48639736157876395,0.48188545797845395,0.4879084150647201,0.4882896565690812,0.4871923814632719,0.4782665140069101,0.48128239861372263,0.49083960976894514,0.4895310468101018,0.49341146832057436
0.48655874537177896,0.4819925468941829,0.4879164077281726,0.4883778735078711,0.4873422283722206,0.47839116929889186,0.4813190121767542,0.49104922944377516,0.4895917268059069,0.49346160103679565
