0.24436471891284242,0.24436471891284242,0.24436471891284242,0.24436471891284242,0.24436471891284242,0.24436471891284242,0.24436471891284242,0.24436471891284242,0.24436471891284242,0.24436471891284242,0.24436471891284242,0.24436471891284242,0.24436471891284242,0.24436471891284242,0.24436471891284242
0.2433179588431228,0.2449751153934418,0.24335516814512934,0.24458706692697887,0.24352804913036544,0.24371227401345927,0.2436258807303091,0.2438604304908601,0.24358669175186196,0.24269254193445616,0.24314968643907073,0.2438640094375127,0.2435261538816238,0.24390445051955165,0.2440945639787065
0.24256176648215383,0.2439964273229314,0.24214025455351934,0.24368744435480494,0.24257787582386264,0.24363301377330537,0.24270431168955905,0.24386018083503824,0.2437763758149293,0.24162841681880426,0.24282758634485396,0.24295921314738006,0.24249253519026523,0.24212254741197198,0.24309068691080368
0.24213444154131192,0.24290485484911847,0.24146906466679888,0.24308077466753653,0.24176488947460717,0.2433494362711108,0.24263855657560468,0.24296803795583705,0.24308166386385877,0.24085668556224174,0.24196793869379926,0.24161718934840196,0.24211029798199102,0.24181869167222853,0.2414953109215358
0.24172840043786323,0.24251429668420513,0.24127558389204354,0.24192986604775518,0.24175371462097145,0.24267662748862062,0.24259861507072214,0.2423889396569871,0.24222364910825714,0.24043951956536205,0.24114001742427577,0.24173222520794246,0.24117055718622088,0.2413101722755459,0.24025451157955027
0.24072720473168405,0.24113208903187378,0.24035184225541484,0.24142789567895004,0.24102950048309313,0.24173807083964322,0.24139592036154073,0.2422800241303338,0.24134284721486537,0.24019534030505035,0.2406463918635497,0.24139957890606992,0.24033825206115156,0.24064994381684,0.24014079856009168
0.2400964169444805,0.24080187787602061,0.24008050013597854,0.24065961342836453,0.24013424856252238,0.24134990879087953,0.24092373543952908,0.24190592622019338,0.24063348953263897,0.24008924913593765,0.23952928263825107,0.24116154396292314,0.23985037290873099,0.23982411847262766,0.24001634719263343
0.2395264731667379,0.24062590605801057,0.2396224380549591,0.2403216485562425,0.23990802360226662,0.24162421648153834,0.24060724879497133,0.24137648624580205,0.24026112897021323,0.23926313787271278,0.23921514810785421,0.241122020177749,0.23963217314798407,0.2396773709814871,0.24000479855029158
0.23954231017536298,0.24033124493553037,0.23939573626831995,0.23976470455610646,0.24005644267429516,0.2417257529177727,0.24068456413405703,0.2403542853269616,0.24005452263366436,0.2383156817593878,0.23850817435582744,0.2409588060644891,0.2390750612553151,0.23933534450633856,0.23983317390071404
0.23923533915394976,0.23927838878996444,0.2396360730276973,0.23932779519044703,0.2404980455878778,0.24174007941884362,0.24002045142493034,0.23961923106288757,0.23958014567832472,0.2381671724657993,0.2383396085851031,0.2411188170707329,0.23855996393474635,0.2400419494500356,0.23877026515735386
0.2385149840893683,0.239215877557865,0.2392495595350654,0.23929927588805008,0.24062753242753632,0.24093943656805894,0.23997045238061077,0.23955479257611692,0.23960497791398108,0.23758309639247935,0.2383715425535144,0.2412977364424293,0.23800321152153664,0.23988532770906779,0.23833686636566406
0.23825433392678438,0.2399418379764946,0.2396411881411003,0.23858853944926636,0.23987984108355864,0.24095497646195585,0.2392187599458709,0.23860662820417855,0.24025613444039198,0.23695468639991094,0.2382663637349591,0.24136311439375693,0.23701705414590143,0.2394051620765262,0.2380735661740144
0.2381057629050014,0.23967055715546656,0.2393339980216707,0.23830213860184726,0.2396486088596686,0.24061480869641722,0.2390388727198306,0.238844288804774,0.23961180655064623,0.23647765729423625,0.23742304849924917,0.2409801970042742,0.2367460269721226,0.239117709668985,0.2386434820202798
0.23777258690300948,0.23940183076618426,0.2394297616183832,0.2381172507990742,0.23880758802818297,0.2404389076840878,0.23823420686004468,0.23864238359260528,0.23893152636835432,0.23665774637075077,0.2374651730505116,0.24132166784644046,0.2370835946153898,0.23913016795267225,0.23822392453396873
0.2377688929538687,0.2388640522648101,0.23944036308330585,0.23814485694686138,0.23855127058795988,0.2404364332001133,0.23880856964251787,0.23865260677651332,0.23873137994058388,0.23627894101197397,0.23719230858394774,0.24060257131330468,0.23740385406358433,0.2396238210659523,0.23847734390322062
0.23798860413944206,0.23804905146445896,0.23980802112538568,0.23859941891283604,0.23886454308748814,0.2403923319245832,0.2385502314372002,0.23835230838117866,0.23839701089822088,0.23633099320834214,0.2374250542694846,0.24046572018098494,0.23696187519962808,0.239471799189754,0.23895839411181055
0.2382907054007153,0.23747340401709127,0.23923454559601579,0.23841108459104884,0.23790688866603726,0.23977652456975332,0.2385938636451556,0.23849927656811187,0.2376097982880663,0.23619186082446994,0.23768796820806762,0.23974514092359908,0.23757790939298923,0.23943757396198645,0.23844790110088926
0.23805238910284196,0.2368992091471281,0.23963379730296022,0.2382380862214983,0.23768179776551385,0.2398881188132849,0.23808143676795743,0.23841720577639797,0.23868106831095715,0.23578495160029983,0.23746625139951594,0.23914859504571861,0.2372862838156704,0.23911689385751453,0.23836364369494542
0.23803117803638585,0.2360767034177597,0.23916688582205387,0.23768079076009957,0.23761583636218564,0.23935535529815324,0.2379571933541179,0.23763497235725728,0.23846718915016551,0.23562699140471732,0.2376420775465217,0.23854311762351743,0.23678528169632496,0.2391974361492227,0.2387578357445514
0.23824229368158836,0.23625652972568492,0.2392057298299312,0.23751112744827382,0.23749496991322644,0.23887668574667878,0.23740462261583054,0.23757436569982524,0.23781436413490098,0.23520610852018908,0.23716228263674344,0.23917357041966789,0.2361186163965344,0.23931917057525925,0.23862556666924548
0.2378638229443415,0.23631170643359656,0.23921886131692202,0.23733364690496056,0.23710551855851753,0.23912998977109415,0.2368557617452182,0.23697697559253963,0.23816653806811622,0.23524373908665103,0.23772174988637276,0.23939084214583134,0.23619492683699314,0.23887509827941997,0.2389090487645801
0.23881722219162138,0.23567806153973736,0.23905475095672438,0.23666594577601027,0.23642354828538348,0.23920192009074118,0.23677238119256122,0.2370470792173865,0.2382125178819289,0.23501968059718217,0.23723193041687005,0.23947328758371464,0.23552694904378843,0.23807321136586523,0.23928352028417754
0.23958546815939175,0.23501656423277983,0.2396340619803466,0.23655883693549515,0.236734823533411,0.23879568145469895,0.2365236496078352,0.23738085329478725,0.23788250072446618,0.23546352600378662,0.23709861612319674,0.23941621400407598,0.23506147702689484,0.23830610309749517,0.239352771053332
0.23928749133276125,0.23455111646579402,0.23950862451362284,0.23645143806645855,0.23697094297416613,0.23794108456748028,0.23655864906049004,0.23725182026001168,0.23765003442376145,0.2358634822083351,0.23681199504554334,0.23961646916761492,0.2349916233417987,0.23878455846875518,0.23870997161469887
0.23837550019126236,0.2345346735131455,0.2390261055314482,0.23641016310591562,0.23725110120276838,0.23765608419698764,0.23656736077704987,0.2372717392318745,0.23801280134635644,0.23547645187339528,0.23653766876222793,0.23925033141149454,0.23480153868156195,0.23844122745162763,0.23847183214309145
0.23848911988100518,0.23426140745086207,0.23887083762981298,0.23682449852258441,0.2365720295035065,0.23744984153220738,0.23690241498856374,0.23705755456168628,0.23795183985171076,0.23536051458097676,0.23677187967089244,0.2395186484123526,0.23501714507482296,0.23861136979667646,0.2383832391483052
0.23805037088197406,0.23376701374740877,0.238917199390119,0.23646873457782447,0.23660547892728864,0.2377576339383101,0.23732672282669628,0.2366260078716756,0.23760858372504065,0.2352477473108497,0.23668731579516566,0.23929286927883314,0.23486595690798942,0.23895232429486554,0.23858159627627645
0.23821358910405824,0.2337238657463889,0.23874670599076223,0.236023565659462,0.23594193425244833,0.23692827838392203,0.23711383857162116,0.2363922608242094,0.23785891399836925,0.23487944483455728,0.23693520736338236,0.2393448194181101,0.23470839799296267,0.23876766427996476,0.23862175594931373
0.238078968201002,0.23361392616125637,0.23853927387293983,0.23544103274808934,0.2360385056598962,0.23694965660524925,0.23728409289134403,0.23669678888288137,0.23788477026024032,0.23507633842029727,0.23686238776897323,0.23958994863998878,0.23420677618204586,0.23850440871361617,0.2390497510812742
0.23771527912664697,0.2327434580325826,0.23882268569851192,0.2353644131404464,0.23611352231025676,0.2368010522890654,0.23700899554176466,0.23663355916382603,0.23738565419433272,0.2347816143245659,0.23692525499288614,0.23958293522415383,0.2337025049319832,0.23838662875060418,0.2386029478657216
0.23738302566196187,0.23308291267288253,0.23836250053027136,0.23486601829241907,0.23618971159168273,0.23653972067673243,0.23727200657054529,0.23669302287976948,0.2372799324084769,0.23451902707453237,0.23638789665842286,0.2388842800419011,0.23361082290053342,0.23829024614348845,0.23876086986014297
0.23697365626305378,0.2326570040986885,0.23808593220736265,0.23475462784212794,0.23616956711845022,0.23577210504035098,0.23741116602152207,0.23689134494998135,0.23701743607429257,0.23501568816402318,0.23610694309173128,0.23906176562230866,0.23373226100684125,0.23839204839752937,0.23826057733149852
0.23706866883411526,0.2326675804210492,0.23796698603546892,0.23487435064033996,0.23612569837753283,0.23537320511562085,0.23697728878239438,0.23681762321344446,0.23673087210016047,0.23447009232127403,0.23641266780863612,0.23878847803423914,0.23411663480148354,0.23866184732449233,0.2381319551922654
0.2373749565808953,0.232381889589993,0.23836802437557542,0.23473420329181338,0.2358387374736697,0.23515505480127688,0.2369662039642518,0.2366033077140879,0.23667256112639187,0.23457255881149827,0.2363844984934674,0.2387797177674706,0.23393185646864367,0.2388431392446691,0.23865527947224496
0.23708172239050818,0.2318384068973906,0.23833365237745574,0.2346954245804638,0.23604243584722817,0.23563013435996205,0.23713459699195655,0.23665487808011357,0.23643405083703062,0.23488006326136127,0.23593078744021978,0.23840144081236014,0.23397600083209774,0.2392211460432111,0.23871585127143333
0.23748898191054907,0.23195168346284076,0.23817595785664392,0.2348932220750271,0.2356901762263994,0.2357904659092083,0.2372562837703264,0.2365342945271132,0.23615201052009466,0.23434190905501256,0.23573846056361705,0.2384392931178939,0.23453357835844535,0.23889276740921886,0.23855358251363676
0.2376551426752522,0.23173158481927575,0.23835539664866548,0.2348511120062572,0.23645133130621815,0.23622074276415114,0.23747691883943042,0.2364108750277511,0.23628795279164147,0.23499588982724104,0.2360281777765319,0.23835641696599424,0.23501067607792295,0.23872691638879223,0.23854925626767726
0.23729446222625492,0.23178990908236874,0.2383291383772275,0.23457616986657,0.23662939479499545,0.2365795095878816,0.23728737318581203,0.2364231655920747,0.2361961711882229,0.2351432829294414,0.23638229429516894,0.2386749792310019,0.23496484359355713,0.23893620270644106,0.2379167000497334
0.23692036017412785,0.2314379864084305,0.23826305854160051,0.2350357992747323,0.23684467974662038,0.23634221342333941,0.23688032632301725,0.23639341175921716,0.23641596265333853,0.23502326983844685,0.23661001564456557,0.23840125622515687,0.23474701804593395,0.2388155966685876,0.23779322373055992
0.23708990217840492,0.23165279030010644,0.2384533294279558,0.23528357902676844,0.23666784501696964,0.23660343527597208,0.23711575121782819,0.23609811042365522,0.23588075646537646,0.23505999641092182,0.23644877615201773,0.23808630477196938,0.234871265572617,0.23872228731905648,0.23725575199709123
0.23656748650371034,0.2316958153711069,0.2382640773616999,0.2352703849637818,0.23689331130002556,0.23612422349760043,0.23625435211040746,0.23583906893909198,0.23552150623688303,0.23520914070720686,0.23624184549586058,0.23753793661593872,0.2343655146158517,0.23858616343580552,0.23739542361637245
0.2366821125769511,0.2319616227275395,0.23863693222576923,0.2351574346571678,0.23700823667759832,0.23580251089683738,0.23599553306055124,0.2358698997653442,0.23516891903232784,0.23468550821681552,0.23608915413166584,0.23750334723109245,0.234502565408512,0.23896560603078404,0.23718801939266784
0.236664772027481,0.23212880348874038,0.23911152831459578,0.23504494189498928,0.2367992068501431,0.2359841090875001,0.23573068728814991,0.2353273869578163,0.2352279203770014,0.23477272667127844,0.23623913512587572,0.23735472726096707,0.23471247129568412,0.23867125850063253,0.2368709257622147
0.23661651308468373,0.23262792755269548,0.23870017718033898,0.23486550318537058,0.2368146562926388,0.23601909702905824,0.23596993585951243,0.2355100073001382,0.2346480827878709,0.2343992116707258,0.2357431742684376,0.23702160971144542,0.23484131189509774,0.23876748140071027,0.23675614336612624
0.236694448826039,0.2329564196764679,0.2382649567487893,0.234643589756852,0.23673950637826935,0.2360193952486407,0.23606535958128202,0.23515911144788879,0.23435303442193758,0.23380894856034326,0.23560367421574469,0.23702550741621964,0.2349801420871554,0.2387597058643508,0.2367814595905054
0.23651280083859774,0.23290187783009725,0.23795143210054442,0.2349052195936347,0.23628180174651936,0.235839068056757,0.23608937010908643,0.2353119419434608,0.23456640616989613,0.2338033049732161,0.23552705093269335,0.2374671105072754,0.23470258618010514,0.23899821601281962,0.23686332176776956
0.23626433766581217,0.2327469380290671,0.23817507734971896,0.23499443303926598,0.23600393889234847,0.23526907522463775,0.23572816076812547,0.23496698874383043,0.23403806674205843,0.2334597818967149,0.2357740012986198,0.2375131692174472,0.2348734504866473,0.23873548852847445,0.23704196741435826
0.23618450704055954,0.23294633444370702,0.23818677080766043,0.2349463225846826,0.23537895780640053,0.2351270885460778,0.2354842774755177,0.23540600476756027,0.23377127975857778,0.2333106631904655,0.2353766383205295,0.23736571163983647,0.2351906391585699,0.23838592634908332,0.2368053498449818
0.23611923144920438,0.2326923746864916,0.23784002052833245,0.23470912946014108,0.2355071749193439,0.2348777179260916,0.235922918708233,0.23528007478493765,0.23362706696859464,0.23347366089672278,0.23479161133637613,0.2374667477893491,0.2349626069963408,0.23812534535631108,0.23672954221293832
0.2360333320397866,0.2328392631682828,0.23728695234902694,0.23439948908639502,0.23538865207428214,0.23475148367663742,0.23588562369557786,0.23548127900759502,0.23363079481810795,0.2332779216300469,0.23508442507698898,0.23776069774514494,0.23510866168314573,0.23795639873040897,0.23659171585794705
0.23643546839377763,0.23277924039793352,0.23739540792794428,0.23474410307567115,0.23531367361990507,0.23463427432609088,0.23629125230644427,0.23578286934650017,0.23375288396737,0.23299605804688406,0.23513273925571196,0.23766013487714552,0.23531378044717774,0.23775081214432467,0.23623128626955148
0.23613709316871453,0.23276940890021383,0.2368415432399387,0.23441765194134687,0.2351125523644336,0.2346851015608255,0.2369135002387902,0.23527445151011023,0.23348285606552321,0.23307614037494007,0.23505246052996812,0.23769363205007601,0.23544294076956532,0.2379502666052901,0.23614196335031587
0.23601747903434653,0.232899851425835,0.23683207272539836,0.23473425775844242,0.2351867443970184,0.23473951318193081,0.23668637049014368,0.23543070551052137,0.23360099542334875,0.23318887942931862,0.23493701419681243,0.23774686530245795,0.23554884653850666,0.23783366472180836,0.23632277733629622
0.2362598125553343,0.2326084534588239,0.23653315267040637,0.23454398960507872,0.23497953850688708,0.23495293744859885,0.23634172493306047,0.23576809159567427,0.23355851554286683,0.23322646701452932,0.23462078895853308,0.2375349943955461,0.23533712745063937,0.23794961099063153,0.23621172810102484
0.23589309501566313,0.2327651862186304,0.23652343024478945,0.23408007975943707,0.23491735377013084,0.23507859937337738,0.23603522638642652,0.2357464909067922,0.23402918511672463,0.23308256946548322,0.23457368701103917,0.2379468760612122,0.2354299944774,0.23794186230533906,0.23645389801431826
0.23594135284397744,0.2326161876386631,0.23637243987434106,0.2345382219408619,0.23465384861796132,0.23501271530865445,0.23619908897647712,0.23617585303475644,0.23412534166080418,0.23319830818023246,0.2347196363463472,0.23829934803398523,0.23566490125433662,0.23817390573461072,0.2366553956068025
0.2358123115150649,0.23266900537465776,0.23636279676208183,0.2343784873813658,0.23432430657966283,0.23512919366678814,0.2359749086766709,0.23622278960997128,0.23392425329608274,0.23315101850391387,0.23462282479225724,0.23809833071369524,0.23542965043013087,0.23826208087916254,0.2368021127477108
0.23542398791596453,0.23236879740293515,0.23621559549721052,0.23417495135922028,0.2342595544893617,0.23467497008768093,0.23587538111737594,0.2363394748424098,0.23376780173159697,0.23302062875211754,0.23425993387704977,0.23821526312709193,0.23508565931064065,0.23839631589000956,0.2367534351768082
0.23536695316454734,0.2322371800401624,0.2362710200381551,0.23431220083224077,0.2338848384773064,0.2346746027557924,0.2355095776661719,0.2364852213179197,0.2342122625843846,0.23293088700274364,0.23419198576765854,0.23817589197125236,0.23501029779056792,0.23830123473062362,0.23657215272488216
0.23527028286267015,0.23237460856557532,0.23604946475608074,0.23463724976139788,0.23406297807381218,0.23458503128519773,0.23579821355293165,0.23698989966786732,0.2342318460875735,0.2331049616983935,0.23445976319055462,0.23824997385292887,0.23487436671687287,0.23879913739119513,0.23636465643614846
0.23567191210171867,0.23256280150114506,0.2359318696313619,0.23485921914025712,0.23425870426078438,0.23456596363438847,0.23555570292364614,0.2373425510066196,0.23373074414972833,0.2333119182518425,0.2344717466559729,0.23821914730096608,0.23473640459962697,0.23896916396299242,0.23655136254994233
0.2355745452228258,0.23244825196237348,0.23606109872998435,0.23479502791548854,0.2340221234283166,0.23463169963984035,0.23534267813082424,0.23722037465545268,0.2335179620542234,0.23331635124661493,0.2341951048950773,0.23823651266820528,0.23509116709833944,0.23861724409304066,0.2363233012667606
0.23558641328668004,0.23257847627346317,0.23589233259901038,0.23468050866247264,0.23346788185134668,0.23465625033239812,0.23585379062689366,0.2370197979162519,0.23363981039735973,0.2332187014158642,0.2341570734867871,0.23812507723750811,0.2352841794739809,0.23848513765134294,0.23640724784935388
0.23612029161526793,0.23240689093998815,0.2356176139328254,0.23492707557456338,0.23320145957040123,0.23455459309931745,0.23577917790537775,0.2368139172209047,0.2336116388637073,0.2332926147295408,0.23439126251659423,0.23804350726296444,0.2347809230325284,0.23849947269136143,0.23616053711964913
0.23617516038275743,0.2325123551125563,0.23548395557277843,0.23499911146351554,0.23284083878983816,0.23454424224266454,0.23610496972698589,0.23681470651776157,0.23384256586282873,0.2335034564298121,0.2345557940469034,0.23829390034309345,0.23470696147313158,0.23825857784118978,0.2363361097846961
0.23621034104341015,0.2327130388110555,0.23616611062638007,0.2348060991095617,0.23286205503043297,0.23450705247468284,0.23588214696543142,0.23658803962901526,0.23353799357575825,0.23343880902045913,0.23460125764118386,0.2382231078284679,0.23490152405891343,0.23827199622295342,0.23610396715736143
0.2362029389288345,0.2324718494264243,0.23607825849796496,0.23477372385339612,0.23294560398970326,0.2344366511360036,0.2361339630197058,0.2365489918917095,0.2338352305730838,0.23339634496111564,0.23458373161002216,0.2381470131592568,0.2352489861038942,0.2385997202084556,0.23573528609092617
0.23608507531249978,0.2325982002783435,0.23624745194322544,0.23439251225498925,0.2329323192697994,0.234530609758308,0.23616572268783495,0.23676252013596036,0.2338744522715913,0.23312864280579237,0.23467009392149346,0.2382671602942453,0.23571989468614538,0.23864484629498386,0.2356277385539342
0.2363907767812568,0.23270291054406397,0.23644230263560706,0.2341503258119673,0.23310462420466277,0.2350531125431957,0.23643181237300598,0.23694099645541503,0.2338854478322076,0.23341102125163457,0.23476105228659497,0.23823244251172013,0.2355556877317623,0.23891950995676012,0.23578662900749692
0.2361985168795372,0.2329959683091321,0.23639707429189258,0.2338308949223612,0.23296403430910378,0.23502809801640048,0.2367570936782877,0.23684691366629845,0.23395659494026122,0.23347597117726573,0.2346980611851818,0.23863053942020196,0.2351595176664304,0.2389863857451471,0.2354372217103031
0.2359401377249023,0.23315859341036516,0.23648501793671045,0.23375411378536318,0.2336811437725519,0.23493016109354617,0.23644422503468668,0.2366748007711784,0.23397311120407904,0.23355947376837138,0.23494225842876965,0.2384908467321946,0.23498418733855994,0.23898200535473804,0.23544357004441885
0.23597491863626305,0.2330225114380245,0.23646912810509008,0.2340180361582464,0.23349478869884588,0.23506632719474996,0.23663913870819142,0.2362963461844077,0.23390026320448776,0.23346745696129056,0.23482862965366996,0.23824821637697993,0.23480810745062344,0.2390016970863369,0.23569862173269449
0.23595957206835894,0.2334064706867689,0.2363781572105177,0.2337361290195911,0.23350400741316382,0.23507683762993326,0.2364540519115024,0.23624265383207585,0.23410676141291176,0.2335108613200511,0.23482325138166393,0.23825909141709123,0.23475682072187912,0.23888799134031524,0.23574493649398115
0.23564228369391815,0.2334105453734836,0.23639806086952506,0.23372358270122762,0.23341904902007352,0.23523366235652085,0.23665050722432027,0.23596074886072535,0.23405135683935696,0.23383099852495157,0.23479649984359938,0.23815916633927925,0.23468761453028616,0.23857220257025927,0.23569203483658174
0.23574933920218247,0.23324129856238685,0.23657826789741793,0.23351979057739983,0.2331950474063615,0.2354423376197323,0.23672407890153707,0.2362148002899328,0.23415219779463273,0.23399531948050567,0.23463648375981436,0.23832364977604126,0.23473128754521913,0.23872410111467457,0.23578516936143165
0.23551390797556387,0.23369391525921507,0.2364504639695486,0.23339254943294543,0.23349642614265784,0.23565453635476546,0.23706239445687796,0.2361107738732017,0.2338670089160952,0.23376842780859944,0.23438869632188306,0.23832072256139045,0.2348051790158183,0.2388927513271097,0.23566623724654454
0.23508123914652204,0.23392684728455812,0.23649273334924376,0.23331521527626528,0.23361056484923806,0.23541963856642822,0.23698753758137245,0.23621137972689987,0.2340078829705952,0.23373306202232785,0.23457844784916027,0.23839194555957072,0.23501974531011233,0.23878200339851569,0.23555114518665313
0.23499946691788676,0.2341425422367904,0.2363518515683341,0.2332448935243117,0.233477933194655,0.23568809569157195,0.23684219235034307,0.23630492787982607,0.23394116102219348,0.23412258783546558,0.23429026760715863,0.238169482738767,0.23511846558489666,0.2386873279557942,0.23536205902915708
0.23528942624792876,0.23409433977373792,0.2361961759508436,0.2335148770667547,0.23337154479509178,0.23572055473028689,0.23665310149832874,0.23643556462638002,0.23386866249466678,0.23356477089918812,0.2341571439731124,0.23817421850913906,0.2350780605081838,0.23883728946120739,0.23539770485025818
0.2348266877082169,0.23448057883866938,0.23613567532739402,0.2337604303339112,0.2335276516216478,0.23575365606943507,0.23642441082695945,0.23657903313827425,0.233938098754752,0.2335820215333444,0.2339470102168932,0.23820309748372265,0.23506587881064414,0.23856422504986163,0.23522452588997966
0.2345882328577131,0.2344287328692022,0.23640909823686077,0.23374042942888262,0.23365047730427807,0.23571626702038112,0.2364603228688107,0.2365223480773907,0.23431724348091615,0.23359163619569698,0.23421794836834733,0.23816899242180795,0.2352822464320111,0.23860969552254171,0.23511825785617366
0.23440557480393345,0.23445239661809683,0.23599286651158455,0.23363920683336822,0.23371468136890475,0.23572021199905124,0.23667132100992336,0.2368584369537323,0.23435943474079532,0.23357768574747526,0.23424249038324024,0.23801477441812377,0.23510180045128953,0.2382960643854204,0.2350308102191654
0.23420150801878045,0.23486038374534815,0.2358944106936015,0.23388162757287093,0.2334811792436798,0.23572681142438676,0.23677996221993755,0.23683128752333454,0.23433959876075036,0.23371233107732406,0.23399700041844476,0.23798958144369284,0.23532537674861084,0.23820094508387074,0.2348357755520823
0.2343025802496291,0.23467109074153059,0.236002662529838,0.2343240793452659,0.23332957506316854,0.2357151689109707,0.23683136679207925,0.23690855770323335,0.23420957980159812,0.23379482272130458,0.23413970158298672,0.23781943470607092,0.23520477264548112,0.23809459803841998,0.2348414656200518
0.23414271377469448,0.23434696061204896,0.23573964691013843,0.23433020485575604,0.2332409449272655,0.23570112407733432,0.2366572293750122,0.23690960668718447,0.23441813490030763,0.2337538088006003,0.2339073191181595,0.23785719501602742,0.23489675629266102,0.23817166377167703,0.23481311746938666
0.23438526501043147,0.2341833386494976,0.23546216388779526,0.23426457287154306,0.2335314033709838,0.23548201322666198,0.23652710127658882,0.23676627918942103,0.234496999518579,0.23352154934642952,0.2337423456035839,0.23793956146239909,0.23525807052146486,0.23824967700947258,0.2346506631163701
0.23423693983223973,0.2340507769953315,0.23543156921332284,0.23418761528621673,0.23368898772912236,0.23524661541109212,0.2364891453297659,0.23677474056410705,0.2345893171402785,0.23351156487717187,0.23369214055428375,0.23770320715333415,0.2351954064862027,0.23834449839705418,0.23452127150917124
0.23402987511209797,0.2340343239513403,0.23566268812100793,0.2344598440694529,0.2337135295904378,0.23526117175257202,0.23637999914634436,0.23651549424756854,0.23455297815102719,0.2336614068557986,0.23364690604084296,0.23761142259104018,0.23501882160322285,0.23815177820193958,0.2343392920941467
0.23417099452563583,0.23406664418314782,0.23586339661938352,0.23454441274706317,0.23382545753008324,0.23513971766844666,0.2365858689678727,0.23668660694050056,0.23452186793857804,0.2334411260048413,0.23367020233061603,0.23752819089838795,0.2351563021254467,0.2379356373233532,0.23404398629442566
0.2344469296075629,0.23413123108011147,0.2362966332176177,0.2345084363972966,0.233625203509589,0.23522516880082087,0.2364407636676266,0.23657189597424774,0.23405879422155731,0.23360854947712142,0.23362780728295207,0.2376981428056328,0.2351472419212242,0.23808382981152737,0.2339561734978266
0.2347574257381653,0.23423313886481864,0.23625492698529194,0.23439111321954403,0.23355384558988707,0.23524446567247356,0.236397602623675,0.23654457748507798,0.23393373352674898,0.2335698043033844,0.233576079730796,0.23744915779704823,0.2352845829302374,0.23810095220490843,0.23413374822738
0.23453166387862148,0.2340626409193298,0.2360655723145203,0.23438431618990782,0.2334862684159183,0.23511038463048392,0.23699496395407146,0.2366977403883104,0.233883634899994,0.23354948936758488,0.233450124176027,0.23770970676933137,0.23538685044934987,0.23812991140441878,0.23427034756929113
0.23437762150321914,0.2340842240713493,0.23628431319498874,0.23415287313551503,0.23351379348533674,0.2348491855567711,0.2370688569234361,0.2365637355947062,0.23383635785293233,0.23337171850114477,0.23324366072776392,0.23740900935748763,0.2353719711577765,0.23832847464291015,0.23449930259761362
0.23427148769807513,0.23420813468410567,0.23640303822922526,0.2342862822482279,0.2333832599619401,0.23492814032219422,0.2370339528890033,0.2364843409523517,0.2336379478365758,0.23334851353784844,0.23323984526438252,0.2374923923120526,0.2352333068552662,0.23827103293059093,0.23426442572566733
0.23421157942850862,0.2339894245897077,0.23667282200178985,0.23454214541491286,0.2331686840703715,0.2350554382040724,0.2370396934243252,0.23694767311626602,0.23358607512666396,0.2332572973504712,0.23318182255858055,0.23747052448076347,0.2353313314287481,0.23813587262463068,0.23418139104407912
0.23415635036734903,0.23392696139697441,0.2369256493900815,0.23444861344476084,0.2331751577896675,0.23518005578917706,0.23711668461315485,0.23704113607786975,0.23361588704824898,0.23323716263736838,0.2332492769267847,0.2378160570681114,0.23520499057472655,0.2381639300638043,0.23415617523366306
0.23404266091520348,0.23416484443192598,0.2367262948770622,0.23454320437500442,0.23302151798744608,0.23521318801097263,0.2373059190899173,0.23711586599808274,0.23365351324005507,0.23319957834116697,0.23314366209761406,0.23773235717725597,0.2350623390053515,0.23779288534260737,0.23403145270657244
0.2342274942763779,0.2343631474785657,0.2368164349779746,0.23447504453048412,0.233371252051042,0.23530327934453965,0.23712131334670214,0.23705755199565917,0.23369077179248637,0.2331259179201751,0.23332452260889916,0.2377458647981474,0.23494265674598788,0.23788822607534177,0.23391742880570285
0.23427221168240195,0.2343950748453145,0.23690467679446942,0.23447204948262632,0.23333042174200808,0.23578461319894556,0.237044424248153,0.23700226462523255,0.23366021125595132,0.23284070655023278,0.23339495853021935,0.2376761095159704,0.23474318021063398,0.23757042028523528,0.2339010426156391
0.2342530554151054,0.2342722890087793,0.236813578916879,0.2346222779467334,0.23333014534649868,0.23580558909360208,0.23714996220797277,0.23690120996163339,0.23376284947132359,0.23279998516077938,0.2330031325435417,0.23775441276479872,0.2346798569245079,0.23756229637404974,0.2338195554899627
0.23405409873952202,0.2342516991324232,0.2367484136290949,0.23483247439908164,0.23342427935931945,0.23594598599838082,0.23706496931199575,0.23659343587082707,0.2339192175751332,0.23303201238721555,0.23286382377609097,0.23777737527445278,0.23460516546825355,0.23745261456124933,0.23399878482478176
0.23421166276850203,0.23443552393234265,0.23653202719054375,0.23444773038669836,0.23329771268479524,0.23594715445466288,0.23704599225317313,0.2365235057235558,0.23400173647207362,0.23312837481330073,0.2327281021718249,0.23790788314313874,0.23449174159298938,0.23760725838111998,0.23426698705248372
0.23421753493169395,0.23442302437084186,0.23638510772375665,0.23437973238069756,0.23327460676797035,0.23586579578392755,0.2370718842590235,0.23659582248441752,0.23419361544364878,0.23333680759593248,0.23280398265797797,0.23773382661833006,0.23450527067847857,0.23742778880533974,0.23412499298798953
0.2344981792581688,0.2342461608989801,0.2363810064348174,0.23426035440832763,0.2332508264237774,0.2359695213059981,0.23742343929938445,0.23648765687113044,0.23390826794524672,0.23366012296746327,0.2327817625326122,0.23767362628755676,0.23463728650178214,0.23738233203940162,0.2344700648691881
0.23449388935031273,0.23428443248906552,0.2365592387846982,0.23425297132364153,0.23297001946176532,0.23594047789553646,0.23722528683745572,0.2364034791502851,0.2338624111905047,0.2336852851854036,0.23286620847449938,0.23758772817703255,0.23452720420386836,0.2374071532271662,0.23453011438714078
0.2343303080286687,0.23443805933795012,0.23689957931321076,0.2343616489036522,0.2329739664223091,0.23569379867405935,0.2371750634660598,0.23666489622250128,0.23387789798373518,0.2339781540344511,0.23299624835923516,0.2375802427185847,0.23449949105962406,0.23724958996120146,0.23445255369338946
0.2342397167007444,0.2344452751156873,0.23681638360955487,0.23449296081269083,0.23314221054442702,0.23562468060280142,0.23716780061750414,0.23650233619594535,0.23394752858156073,0.23374768942953209,0.23289415860868062,0.23724323421338486,0.2345458721063376,0.23736820581636983,0.23448605626968222
0.23438563364765713,0.23454489088876307,0.2368059168404314,0.23422386193111472,0.23307684835581058,0.23552359653806032,0.23726245479420288,0.2364581068481553,0.233822597517578,0.23384512212388023,0.23285186621570989,0.23719787813426513,0.2344217609043717,0.2373868059135488,0.23455993294485375
0.23436962131780661,0.2345517568636394,0.2369475098300727,0.23416257690503559,0.23285792201197694,0.23554033000148267,0.23732149951958106,0.23626434240170976,0.23370402755208974,0.2337331279375759,0.2328349718231279,0.23711737434528818,0.23439223154499852,0.2372881452551281,0.23464755135088147
0.2343948334516107,0.23428587365116993,0.23685830345748396,0.23438791572675224,0.23295414834246764,0.23554108606804158,0.23730437299667018,0.23646437004182258,0.2336145668972527,0.23366733584682442,0.23263511096465872,0.23686828368945193,0.2344138311162115,0.23712786792067736,0.23424662834175425
0.23421502316613033,0.23400572095899766,0.23664331671722588,0.23430111487597755,0.23332824452838732,0.23561908514759952,0.23725523909288665,0.23639039530137906,0.23328223236129944,0.23356441675701317,0.23257544808299635,0.23700597417430386,0.2344616368171462,0.23688825682259101,0.2342000792823786
0.2339337282371764,0.23430694975675373,0.2365348497316861,0.2341797011219349,0.23326933400892663,0.2354881994219308,0.23727923307157914,0.23663131545771418,0.23297791044850205,0.23324471080553616,0.23240734207419023,0.23698091098647137,0.23435190290789057,0.23685160092045401,0.2342275845218008
0.23387245685982844,0.2341389623674572,0.23661763757069168,0.23437475872108912,0.2331205008483488,0.23549223326788585,0.2372667943188502,0.23671838314052382,0.23293217430302385,0.2332997524700503,0.23252711883568952,0.2370263570918113,0.2344776483755059,0.2367092945201017,0.23436300851185365
0.2338410537793465,0.23436701895506667,0.23635921132026463,0.2342991922241871,0.2329538323731611,0.23551978681787072,0.2371589155091456,0.23654111592142507,0.232864253198509,0.23314594315099435,0.23251361505557014,0.23690826849793672,0.23424128149293696,0.23673343398304167,0.23430232860962816
0.23384574918737913,0.23450751879070833,0.2363897231294756,0.23443167367832676,0.23284628383231773,0.2355119668468085,0.23692995007784762,0.23675183591509677,0.23281846792448874,0.2333513910062462,0.23264400145192138,0.2368010191480146,0.23413789845253202,0.23689859580921788,0.23413146601089851
0.23424314354306722,0.23451191706501656,0.23644441069417343,0.2345785133681025,0.23272184067217208,0.23554091319167733,0.2367650492792118,0.23669769390027356,0.23289784251940002,0.2334761161063808,0.23260069460583924,0.2367074424733816,0.23423740726582806,0.23678457551637236,0.2339501251166448
0.23411028650454463,0.23449778628826254,0.2363635722810734,0.2344932643520447,0.23254572983890393,0.2355440393899459,0.236728160728765,0.2369167810934409,0.23302037356548735,0.23364007397750725,0.2325172448012469,0.23651198369430124,0.2344158985221547,0.23686073075950723,0.23406575589263928
0.2340745091145759,0.2347688753319113,0.23645363146501489,0.2344716987755245,0.23249612607556028,0.2355476901669631,0.23657954772163944,0.2367490541898284,0.2330237250003524,0.23382618793880613,0.2328440306335468,0.23651166585005806,0.23421060971130692,0.23678297084843553,0.23446158503916084
0.23420947069124715,0.23454336318712057,0.2365358267532859,0.23448380399441493,0.23242469961348253,0.2356694981087517,0.23647325353390544,0.23685417935236508,0.23294520596551377,0.23381806363141353,0.23312188761876393,0.23660635420679324,0.2343545958435428,0.23664962750312207,0.2346037883525735
0.23406285691633724,0.23472894795621474,0.23658194055454743,0.23438280900347194,0.23227772927928383,0.2359199833265025,0.23651336233104803,0.23674278779671962,0.2328638592210427,0.2338790083515517,0.23302633957484198,0.23669004388738416,0.2342150510355439,0.23653666088714512,0.23458638253817005
0.23401623913968472,0.23456946620903402,0.23645095979286931,0.23447929436367676,0.23194061996776133,0.23587462251537178,0.23660811797750128,0.23670647750675522,0.23302917224177241,0.23421654954948284,0.23319328955601806,0.23653115367058805,0.23412847553084357,0.23644550467140252,0.23487176003510507
0.23426589381990578,0.2346729375295432,0.2366211483975511,0.23439719472152779,0.2318365696758985,0.23589625708131837,0.2365461827300518,0.23691257755432554,0.2328839967488603,0.23424144514213072,0.23314178629392326,0.23679431606726817,0.2339922579854494,0.23645503243852625,0.2347062373297693
0.23411234715950655,0.2346507259831718,0.2365205093864833,0.23449205728713363,0.23183525466378319,0.23592867211082152,0.23696323610315692,0.23715834806716482,0.232601066386158,0.23425008027539462,0.23314168034205618,0.23675804177846113,0.23388921127099577,0.2365434902834186,0.2347408133830679
0.23408978968849745,0.2346936739678483,0.23651805745469556,0.2344640425904824,0.2318050896398962,0.23596403856652398,0.2367692014320308,0.23729502679776893,0.23240554889421686,0.23436806030184607,0.23333170290410948,0.23651578441684,0.23394120021222448,0.2366022823003165,0.23474796609791923
0.23371540150596365,0.23463676762919197,0.23643484870352766,0.23429963223821745,0.2320615716690134,0.23604905239417412,0.23708178108422986,0.2373340731699945,0.23239941167025155,0.23410082345510674,0.23326592470436602,0.2363864464774137,0.23393725055410658,0.23643635245437053,0.23461195473356128
0.23393651391183834,0.23485228035297062,0.2365054758964534,0.23414165402768441,0.2322882627942653,0.23601091057705537,0.23703461986398197,0.23739468636803007,0.23242257402513963,0.23393477062874882,0.23354171962931297,0.2361765988811709,0.23429093716978086,0.2364570068944692,0.23485473242958815
0.23380837509139607,0.23480364975392093,0.23652057080437558,0.23400689006829195,0.2321786205251779,0.23590999992200626,0.23701184291017346,0.23738578102220792,0.23240266093116224,0.23405134502970756,0.2334190537371517,0.23615812672862196,0.23427811756616754,0.23646667758021359,0.23480290371138446
0.23401115839800565,0.23504478605164333,0.23650789618324058,0.23378199061360486,0.23219324899000957,0.2357380659997732,0.23703268425729285,0.23750251191278635,0.23250016043685476,0.23399865782152024,0.2331533810637511,0.23611554966577222,0.23423380090888524,0.2365920916652505,0.23461434891754498
0.23387735740490995,0.23498737244977191,0.23659690789137394,0.23373699777647006,0.23207749675819492,0.23571354961057023,0.2371314786531045,0.2373244891292508,0.23236798638027945,0.23407799363492093,0.23333718848679733,0.23609019614398635,0.23412089240187953,0.236681314358229,0.23462533574304492
0.23388251818406325,0.2349412968909598,0.23655537573616583,0.23362389142304563,0.23195039609076973,0.23564559722404377,0.2368868353227072,0.23751588912879226,0.23206955175971758,0.23405504217523762,0.23351895111671325,0.2361533959025968,0.23399315305153665,0.23652022617858504,0.23466807174951917
0.23371551578447536,0.23490219049539673,0.23649077110442923,0.23355300108659646,0.23222092031135763,0.23534279678470782,0.23666941713545814,0.2374172092035565,0.23225089039838528,0.23389243881311775,0.23354711414318186,0.23636201415090624,0.23412913069728244,0.23663453411062843,0.23484630610053955
0.23369903095296607,0.23476218193355522,0.23654700927329855,0.2334951983143203,0.23224821792639233,0.23527272859355305,0.23650141485364362,0.23719687721520716,0.2320770225827779,0.23429084445866136,0.2332827604985696,0.23626347978652756,0.23435007202498073,0.23673254811122144,0.23499964111130964
0.23359151806339623,0.23483597408200818,0.236521480469718,0.23352185882680418,0.23213376060675092,0.23523952415028948,0.23641792301219652,0.2370925548543489,0.2321376259806272,0.23439194633518406,0.23331163330345195,0.23615749585768192,0.23443733943199604,0.2365901485311745,0.23467934278655225
0.23348053351717857,0.2348883823549836,0.23680616453988482,0.23375941334351713,0.23216500911536025,0.23531752190346467,0.23639927856375864,0.23696868266368806,0.23194337635123174,0.2343658405653955,0.23332545637016097,0.23639123033034268,0.2346732228693844,0.23629236003891993,0.2346814200115137
0.23368185978418468,0.23510760588944252,0.23700354682764824,0.23383612733478493,0.23228920625549387,0.23540348463769964,0.23650994968609285,0.23693651573427713,0.23203643138377766,0.23446872836036933,0.23331418729184977,0.23656758374041864,0.23475473597614047,0.23627006622642588,0.2346770413619414
0.23350759827144105,0.23514889248085677,0.23705670238433071,0.23362314266861914,0.23233969244159902,0.23528607151728925,0.23635998076525805,0.23663561011324252,0.2320438901718918,0.2344762302541954,0.23346086861760557,0.23663579268388946,0.23467523429489723,0.23630948016881445,0.2348486259915704
0.23340739851535852,0.23523543202000083,0.2369100573150638,0.23365696305443806,0.23235042622652724,0.23524201128034852,0.23645649764114224,0.23645872202797796,0.2319337452137473,0.23448966818034386,0.2335772633339167,0.23652649605563122,0.23460482055212567,0.2364906781581551,0.23490705349047125
0.23347492616054158,0.23533807914780994,0.23725034638544648,0.2336152833238122,0.23222237310774216,0.23504696203533712,0.23642867385456465,0.2364267756258236,0.23216339787421786,0.23452694259080628,0.2336159900522542,0.23663834862749658,0.23451229512254415,0.236793682075192,0.23495660550475503
0.2332990259471507,0.23534272950138016,0.23727660778066115,0.23369049125971236,0.23236885835145124,0.2351026999978006,0.23623707301727054,0.23658237072857427,0.23225546781041748,0.2344477229895778,0.23373194138880904,0.2366363541450487,0.2346111051522579,0.23677458980664104,0.23497974163404903
0.23336274334030627,0.2353179752210439,0.2372150396265151,0.23375726317269893,0.23215731996877093,0.23514207524932818,0.23619092349468968,0.23661271826345656,0.2321624214609297,0.23445610269696643,0.2337779224351275,0.23669163033771343,0.2344209511347755,0.236343011719812,0.23488024962749882
0.2334210856395968,0.23532135500496043,0.23718351247697553,0.23375548475531485,0.23191890474563853,0.23503426254007725,0.2361695746277926,0.23672862480983833,0.2321723404197849,0.23454056590059957,0.2338658609897708,0.23668823694245622,0.23446402329907112,0.2363217160738328,0.2347171940152358
0.2334383571471467,0.23529082852695254,0.23740214967931725,0.23379349093579663,0.2317121954911706,0.23486567739275613,0.2364129821024697,0.23703664798380567,0.23209527685685413,0.23443144240801259,0.23370219446054386,0.23657941481997102,0.23441196595083094,0.23638017738268827,0.2347480823120742
0.23367435370916234,0.23533736714095743,0.23739736194761116,0.23374795491149353,0.23172528640678622,0.23495115384472195,0.23633274707628374,0.23685055550884498,0.23219018353061244,0.23436536400033647,0.23368557494025838,0.23661255750778587,0.23445645688569858,0.2364821981703975,0.2347289627988746
0.23376192186467903,0.23514846086922414,0.23750449848459715,0.2336899998132197,0.23167886958089884,0.23495431766376998,0.23625088268917735,0.23693418222514126,0.2320288044801448,0.23413016701521913,0.23384667549697144,0.2366283468105343,0.23433986194102993,0.23652604897002874,0.23479123481904152
0.2339228877546832,0.23503054749399468,0.23758134622668614,0.23372519551686527,0.23170999116458604,0.23499561066411506,0.2361996433189818,0.2370122947852706,0.23218975907265263,0.2343154128393692,0.23369609996449367,0.2363950155432612,0.23448948786143894,0.23659489972520487,0.23463607690457475
0.23391814302649783,0.2350538897368226,0.2377909298290545,0.23367513927235,0.231593989404215,0.23503170120659245,0.23627268916391284,0.2371444366746971,0.23241947044849418,0.2341999151107706,0.23368162726104297,0.23647036348739886,0.2344443441012191,0.23649897170173845,0.23443123003913025
0.23377978013187264,0.23526936234778184,0.23787959773965928,0.23366463562148318,0.23163298143144562,0.23495894305663548,0.23624644203765657,0.23699632175180282,0.2326682552975056,0.23420236167383857,0.23392439083605046,0.23662758849535356,0.23430758394897758,0.23644365316047403,0.2345839578315632
0.23383360559738037,0.2352668968493896,0.23780514279299142,0.2336055389015711,0.23155682569601035,0.23507237474902662,0.23636511589300854,0.23690039525771567,0.23262370459864853,0.23427900216370756,0.23391004260682338,0.2365011597538656,0.23410800704040174,0.23633542410628627,0.23465258611018291
0.23381681155782214,0.23522542773942795,0.23775368096794258,0.23350943581593578,0.23143657203775247,0.23491438195279962,0.23642266084581312,0.23703598116897587,0.23265709029169784,0.2342417158774254,0.23390054601363963,0.23650712452079029,0.23388996734655199,0.23634789738949866,0.23479343367744024
0.2338479553511866,0.23517067387664253,0.23788817190578423,0.23349286530431737,0.23145133289712952,0.2348816759054391,0.23643532163354877,0.23710350995508103,0.23252832770766788,0.2340825584269103,0.2338775559518125,0.23651095115759463,0.23395363266960456,0.23621480674813972,0.23473057217728313
0.23380219791511433,0.23520729021669648,0.23793218797124804,0.2336941177453646,0.23155590168880755,0.23498894753710106,0.23661760673056206,0.23707071602967472,0.23263509890669115,0.23401476292864287,0.23406210618408466,0.2363699343452642,0.2339157075129432,0.23588951755388593,0.2350040703069459
0.23367809162728828,0.23532851481276565,0.23779062866692213,0.2337149223073945,0.23160719202840174,0.2350014755345579,0.23652820321498852,0.23708482052517532,0.23282276360166965,0.23391510471048416,0.23430016932423717,0.23647815585213422,0.23395326466674896,0.23589646702394174,0.2347447960238164
0.23376297035323473,0.23527294179059421,0.23791506267741114,0.23369892493932085,0.23152897756314472,0.2349234891494768,0.23655199902398888,0.23721086848404804,0.23275202635899786,0.2341720329119349,0.23427597242189704,0.23642313780889154,0.23365125917619856,0.23604274062157873,0.2347295034265295
0.23367858735794442,0.2352284189896218,0.23798198696623343,0.2337070647252757,0.2317982304865995,0.23482059359120108,0.23637217237744682,0.23721659897117794,0.2328544836922013,0.23390498680898725,0.23419692460014999,0.23627044528418403,0.2336164475165999,0.23596755559759497,0.23451241582453086
0.23338410291582914,0.23549197580764114,0.2380096071064444,0.23365527722258742,0.23189109978918132,0.23478407291722128,0.23630370845738327,0.23735081528830196,0.23286643015503009,0.23393368047788837,0.23436435707480294,0.23622625842200046,0.2337716388514876,0.23606659720943157,0.23446645761819263
0.2332997191871289,0.23541973394560342,0.23811401564527865,0.23363026254559735,0.2320774835584519,0.23470178778135492,0.2362385929375014,0.23729503052792478,0.23262041749891837,0.2341233226170889,0.23459906307680237,0.2362964952596361,0.23380074120267014,0.23629110324812466,0.23459278012178464
0.23322527702828683,0.23523093638620782,0.23809245952534422,0.23360659278768975,0.232139640792467,0.2348255748947476,0.23627372206094932,0.23736128887134877,0.23274688763154236,0.23401496388818374,0.2343865560702976,0.23613891863810157,0.2338483580472314,0.23619632187402784,0.23470470683238948
0.2329719342368378,0.2352479729511528,0.23803465109905075,0.2334553077570495,0.2323257666671758,0.23466981608515297,0.23634610134042647,0.23741328476154092,0.23284679860442328,0.23408361680683654,0.23434272123783956,0.23606089474145803,0.23411594215614037,0.23625240681641815,0.2347602741154938
0.23299159151544802,0.23522365943113233,0.2378985305278668,0.23349067368327361,0.23209418577960558,0.23474198327385395,0.2363352604535176,0.2373843309525578,0.232896966556606,0.2342327602576674,0.234392952891749,0.2358793766067745,0.23421343964286215,0.23615378837814097,0.2347753294279164
0.23287599146970803,0.235053923466742,0.23793382037774286,0.23358823442816048,0.23196934067752967,0.23476020528079258,0.23638240331596272,0.23740668578685606,0.23299370223451088,0.23429148218939086,0.23420758791788884,0.2358777357185405,0.23433317020564942,0.23602615105082156,0.23478710045474901
0.23269116055976688,0.2350935123109633,0.23814541912537518,0.23352919021896634,0.2318076856312768,0.23478958153320564,0.2364416620217521,0.23743238436630484,0.23311709064767708,0.23426634867453397,0.23422501793617112,0.23579051522528813,0.23427606037015605,0.23608467731479343,0.23480539279642926
0.23262715484355986,0.2351066692405337,0.2382053653832282,0.2336164606896698,0.23178303255470087,0.23458855990553384,0.23633440582051962,0.23747850458000122,0.23307514590305017,0.23433424280291187,0.23415676293946838,0.23573959720076196,0.23438777993643722,0.2361520923969719,0.23464110647034092
0.23261455506046372,0.2351464343461501,0.23817277620988564,0.23370799825000513,0.23180498054493517,0.2344659657871431,0.23615090584191648,0.23763241972149096,0.23316438320625837,0.23431248994708526,0.23409623429712043,0.23573786232983238,0.2344174630588908,0.236173308842081,0.23462029124189887
0.23256036723488852,0.23515043243508987,0.2381286223712357,0.23370591751304917,0.23187025290836213,0.23461294016668602,0.23606291297103757,0.23751809287322215,0.23319521553041836,0.23433188479279124,0.23411325885083553,0.23569274498381626,0.23425862697473576,0.23594979396720497,0.23470240627542488
0.23240465713413155,0.23521626060639303,0.2379311227045805,0.23363872959122908,0.23193034334866205,0.23478610488013396,0.23616693799774457,0.23751485334675163,0.23284972949373958,0.2343475017158367,0.2341429542880019,0.23547716522054163,0.2341289253083662,0.23607370066646888,0.2346686475157257
0.23234205078612102,0.23531773747428236,0.23795471893652378,0.23367975169075653,0.23201682560399245,0.23479741986828964,0.2361875035974949,0.23746319349608988,0.23281479728097912,0.2344354802636421,0.23432751955954922,0.2353399894041681,0.23409752131319544,0.23619823720991803,0.23457230266937568
0.23243994712961455,0.23509280107533942,0.23791551363148444,0.23351345969527837,0.23213048120302998,0.2349318662822088,0.23599316000909198,0.23747180482802502,0.23271302637850774,0.234503641286483,0.23427762453531956,0.2352911644426028,0.2342039144056762,0.23606188916269985,0.23454448933948852
0.23238493552568473,0.23507588474309613,0.23787259547553447,0.23350230767943653,0.23212302626285589,0.2349072487457078,0.23609806397582594,0.23765446881157956,0.23271464562156846,0.23441104962225504,0.23435163427595618,0.2352486415891131,0.2342202688964013,0.23600645275446952,0.23444781456539387
0.23240247645836934,0.2352411037203965,0.23791591102302556,0.23339746625756952,0.23215670429630722,0.23486816291928853,0.2360927288672053,0.2374922978289628,0.23288433958565194,0.23456035382543378,0.23451021570563857,0.23521269472701312,0.2343114147093381,0.2358268345668518,0.2345244034519827
0.23250794505602432,0.2353077824781247,0.23789531084556179,0.23339068889320772,0.2320303148096058,0.23468043114780887,0.23593688258601234,0.23739430353479113,0.23299305851569074,0.2345956788479785,0.23453220219588813,0.2355336004067608,0.23417413808933454,0.23598754965490867,0.23457219809918353
0.2324337615503639,0.23555482934870556,0.2378129540529162,0.23350108564199712,0.23219390217541988,0.23482011280762577,0.23591038601529205,0.2373530228624925,0.23300380265983975,0.23447040921247078,0.23468398248773076,0.23560550002421837,0.23401013520357275,0.23608493455947044,0.2347221108456402
0.23228800353084977,0.23570552051300045,0.23775384020007675,0.23332798591131182,0.23222599467295024,0.2350364815058642,0.23575806997069998,0.23744013344065287,0.23296449513230255,0.23443782503533878,0.23484703628584985,0.2356507015725303,0.23396623689474944,0.2360273554982243,0.2346385844211401
0.23219953048763337,0.23589728329188572,0.23776857304283017,0.23345312511388228,0.23217079917368305,0.23509306473443334,0.23576382926060496,0.2376183816208292,0.2330501836513078,0.23445082103202758,0.23486669334624627,0.23562631809693094,0.23388543806435155,0.23603006233479792,0.23469809386418858
0.23211767999660873,0.23581389079456244,0.237749646579602,0.23357668932671252,0.23212110320630797,0.23497110781792657,0.23581769609351255,0.23771038766625877,0.23306068747012837,0.2345293390315832,0.2350003235676992,0.23551519219894584,0.2339092587817359,0.23591307273683007,0.2348200101442951
0.23196653672349987,0.23609541340760914,0.23767419487152874,0.23369969158176132,0.23224073757950833,0.2349930717296996,0.23585444322504553,0.23776015159725553,0.2331333368514975,0.23462195740122171,0.2350081924628805,0.23557202474728037,0.23378192898585912,0.23581839219149842,0.23464907122777942
0.23187040417110502,0.23612742465892553,0.2377216866368492,0.23369655933027575,0.2322439926479916,0.2349598694971175,0.2360137899742882,0.23780450457458166,0.23324250074022043,0.2343901555132789,0.2350199802890358,0.2356001824642155,0.23374199076500185,0.2359145108960671,0.23493646576127453
0.23208240316400322,0.23619719339930012,0.23774206554094227,0.23370323473212212,0.23221503991980028,0.23489134688125488,0.23602042780828772,0.23771672360636262,0.23313991552917288,0.23445437706123415,0.23498145293830816,0.23568269359613545,0.23370856669407147,0.23566985626544432,0.23482286816126893
0.23212998003001092,0.2363527286211503,0.23810180051808202,0.23367633667573567,0.2321461674173345,0.23495471924165645,0.2362614822945977,0.23766918914035592,0.23303080217138925,0.2344750001368732,0.23505767640521552,0.23574608031667102,0.2339248877575464,0.23557613731997484,0.234644335377739
0.23240852706487894,0.23642576817721336,0.23816724132976402,0.23358791786776534,0.232103406884048,0.2348654317282864,0.2363582114772505,0.23792586362001839,0.23300783662716792,0.2343468881610288,0.23490007098885718,0.2358475667617007,0.23384416778612066,0.23567775674407063,0.23460081171282887
0.23252196545619774,0.23622152644907454,0.23818286921727908,0.23339326249123868,0.2322640960329503,0.23478086260540953,0.2363169929475899,0.237999582528748,0.23282423133660354,0.23437731981524568,0.23477887195336558,0.23577822057918968,0.2338259916894372,0.23579401400195055,0.23466960414125917
0.23261543654370614,0.23635519772592403,0.23812961456046342,0.233494837091965,0.23216941589813167,0.23484491908692115,0.23628052569269195,0.23802320121887294,0.2328730834782526,0.23440611608214784,0.23485277649835024,0.23594248494143716,0.23381967282307334,0.2358937714322664,0.23453673066018635
0.23260606214854682,0.23623852330229267,0.23815566605411068,0.2333871781872767,0.2322762719568576,0.2350219516184315,0.23617263684834375,0.2380694594554505,0.2326942249791959,0.23439629452361935,0.23478357728665583,0.23586521854418777,0.23380507675496956,0.23590914910379804,0.23448461108407687
0.23246098963005202,0.2361828957849915,0.2381481162409832,0.2334784662571829,0.23211747462968266,0.2349988386642003,0.2362234542950702,0.23807757120178313,0.23275291628951025,0.23427752942901953,0.23466275328657787,0.23581823896743445,0.2339106430199098,0.23579241466858958,0.2345029573923528
0.23246308209224156,0.23616361958206805,0.23809006018486026,0.233602212208379,0.23195706155284546,0.2350729578778281,0.23629063455349825,0.23800928246930583,0.2328047070862512,0.2343021759859496,0.23446341610661559,0.23568355461265877,0.2338489302225457,0.23587443247463513,0.23456494822991295
0.23259114919457627,0.2362833294338983,0.2379477451074664,0.23366787441433,0.2319205027877489,0.23509636287021243,0.2361185072399949,0.23792457035559114,0.23267532822198655,0.23424941187762457,0.23428884170333242,0.23561805783969533,0.23394236443037944,0.23584761115201588,0.23450738842449026
0.23257680222459445,0.23642570743940597,0.2380603057496835,0.23378875631544027,0.23197492288358973,0.2350910863451335,0.23621566550484127,0.23784016980284878,0.2325968005703277,0.2343097553725737,0.23420518066431664,0.2355546028591584,0.23389269150375175,0.23611222483094688,0.2344092113755555
0.23258305145081756,0.23630906912093683,0.2381174365349846,0.2337370371172119,0.23198222512330277,0.2351855812433825,0.2362656779308284,0.23772475437391588,0.23263092035934133,0.23437269546754458,0.23421004757790542,0.2354147229438824,0.23398319137165402,0.23607582150220116,0.23449435892411702
0.23255226944772914,0.23643071748467726,0.23820929964414767,0.23374705912076724,0.23182981911986547,0.2352040194614544,0.23639219965640523,0.23760564484521313,0.2325274743437566,0.23449898819985265,0.23411253643329225,0.23538492228564942,0.2340073302532684,0.23613693368381197,0.2345471872096136
0.23243276969644228,0.23634180825547188,0.238279541292792,0.23360529402013663,0.23184805132561245,0.23524708741316974,0.2364998382804638,0.23739462713070242,0.23247901384718353,0.23456028260710843,0.23416071845444697,0.2352332057916497,0.23403327959280626,0.23612810619551308,0.23455624578336587
0.23238523394245825,0.23617945860717943,0.238269030743873,0.23370069052950568,0.23177195800497122,0.23522895060563406,0.2365295517926327,0.23738951516534845,0.23244713023832872,0.23459756411081237,0.23412563483153911,0.23521600587311628,0.23398284057795052,0.2360798518462631,0.23455653780987443
0.23229989781015944,0.23620675926942336,0.2381928915239446,0.233700017668783,0.23178439698828282,0.2352095046144516,0.2365386017193081,0.23742971317389705,0.2324367477803151,0.2345741439707203,0.23407054456314397,0.23515675403092318,0.23404745907524652,0.23616314782740522,0.23483434114757057
0.23226695424734287,0.2362535805712405,0.2382444734326191,0.23378977573060686,0.23208859103724186,0.2351926355959636,0.23648566706453283,0.23750942392197816,0.23257620394067421,0.2344759902546295,0.2341363311003624,0.2350055457527121,0.23401487949654054,0.23620724540979393,0.23477514426414775
0.23234729117606398,0.23615688342408378,0.2383072812456494,0.2337925022804992,0.23203764990929984,0.23499419176851108,0.23657908423575968,0.23748381334912358,0.23252464747988727,0.2344345826650449,0.23412104337817596,0.23495115420604767,0.2341241101932093,0.2361963375840193,0.23483826070564215
0.23248287908263687,0.23606555057111797,0.2383756704455691,0.23373920517343064,0.2319743100512265,0.2350634298899359,0.23657619364992388,0.23748335364471176,0.23252363841911808,0.2343100877062342,0.2341963718874478,0.2349305502212607,0.23410060266498847,0.23607296592151153,0.2346845733014508
0.2325041203331192,0.23602783535232705,0.23835258755438588,0.2337093416255602,0.2321102325915221,0.23509068609557232,0.23661724591714994,0.23755101959015068,0.23264439868852269,0.23433450868833194,0.23424174683118337,0.2348559591304658,0.23416168348097363,0.23603816970207914,0.23467262878720965
0.23243715425678121,0.2360560642725409,0.238538314933126,0.23350867570163353,0.23188711479276009,0.2350538892808736,0.23661565232285314,0.23757383282463515,0.23264009430502652,0.2341594074405469,0.23441870048667143,0.23484138829551468,0.23438790365462683,0.23595443118500073,0.23468980846658438
0.2322436545710108,0.2359624610864178,0.23838637421917186,0.2335880263715722,0.23197713685654037,0.23504608231311622,0.23645237111094097,0.23756762903326853,0.23268261689052783,0.2342574315718153,0.23429164718502402,0.23501272907709825,0.23452705808276106,0.23585417848888748,0.23459087807179724
0.2321267879080533,0.23591657547325376,0.23840214065592885,0.23343939020013718,0.23202854958064523,0.23503302832994377,0.23638692701340955,0.23760645933888738,0.23263619771155408,0.23407697796115604,0.23438896154786235,0.23497776203673396,0.23450517194916567,0.2358461355131942,0.23452440126868856
0.2321184186576605,0.23608484339193403,0.23846140177943675,0.23353404643652936,0.23207714221289655,0.2350438365271821,0.2363291869860852,0.23754968505683863,0.2324132371543317,0.2340232474902283,0.23449876047415386,0.23478812189296788,0.234493037214991,0.23575402899883824,0.23457547561064046
0.23210608463123533,0.2360322959180577,0.2384673076310599,0.23346776261401908,0.23196626417541963,0.2349766810219635,0.23633121386219416,0.23784858877498646,0.23246096049639917,0.23405969337448754,0.2347334972994094,0.23490141264075148,0.23435023563366947,0.23568693540744412,0.2345356500981936
0.23214306741120588,0.2361723292984653,0.23866446720091367,0.23336625568612418,0.23190386554812728,0.2348833244087815,0.23636597304990897,0.2377286789149478,0.2325296427450173,0.23419792487172125,0.23475794566867572,0.23476600030611877,0.23423998293905401,0.23564651308743914,0.23454217456363222
0.23232672294309376,0.23615531444762694,0.23864120660459584,0.23344018782583031,0.23199121981844115,0.2349264395960573,0.23652645206328282,0.23766428292346092,0.23254077193477582,0.23422413071934348,0.2347652693187171,0.23491102768524522,0.2343282391308914,0.23543200063958206,0.23445067514022858
0.2322418603192189,0.2363543458901236,0.2385655623841346,0.23328779153499649,0.23189142913671976,0.2348524741382461,0.2364415807167233,0.23772038617137348,0.23270503721387012,0.23429288516939206,0.2345829988876321,0.23505483635393826,0.2344216167409551,0.2354308767228098,0.23440681420818402
0.23230891521482896,0.23636525538838998,0.2385439454009201,0.23340934479237122,0.23204687060921084,0.23483352145447484,0.2363679168457875,0.23780249297080897,0.23264892551423522,0.23426612109351905,0.234634080166877,0.23526910137853002,0.23434729877692337,0.23543636032685425,0.2344073060966664
0.23231724728777173,0.2361503515861548,0.23858690747449177,0.2335415456000425,0.23201507310119168,0.2349116570916852,0.23632634906255792,0.23781294264503414,0.23270921222558497,0.2342619767182735,0.23460414593862025,0.23528337730142937,0.23440675528911983,0.23557027861569976,0.23449619230315902
0.23223788926478675,0.2361338440245513,0.2385710209276213,0.23361114535093264,0.23213192431452717,0.23493436696957826,0.23622200748339908,0.23792427161123625,0.2327771175330705,0.23438863417479977,0.23470410143599996,0.23527857584259226,0.2345226052600858,0.23547851656811244,0.23443572545760621
0.23225304416385056,0.2361441323997687,0.23860264823171265,0.23366672824131685,0.23216330013088346,0.2347078585535515,0.23612353434399974,0.2379992783964203,0.2329158398956693,0.2344271894678966,0.23457316278505067,0.23530840765360087,0.23442416417381967,0.23547531139793718,0.23436238202288576
0.2323199089283346,0.23603540293878236,0.23846595986110294,0.2337970930314018,0.232269011842517,0.2347704925945004,0.23634477556803565,0.23788008668601893,0.23302416991767555,0.23447366937930925,0.23447170049075408,0.23537502475827823,0.2344644472153343,0.23555553268615673,0.23423054338528285
0.23233530654175444,0.23598748927043317,0.23849521239226829,0.23376913199443608,0.23213748508460433,0.23468181679449157,0.23636198334892095,0.23784164575320774,0.23302333743077078,0.23462468799960223,0.23461565907496318,0.23530891541822305,0.2345144444088312,0.23542915240939744,0.2341085200583022
0.2322710996561002,0.23599855183178012,0.23839027254218054,0.23379860917896456,0.2321691126268602,0.2344641295702538,0.23633145587125762,0.23798149737713722,0.2330365828716518,0.2345869333342079,0.2346674145945952,0.2354112552576205,0.23442789124255517,0.2355063677374165,0.23406993816830204
0.23227853384481256,0.23613908157793936,0.23837018226037016,0.23376028360492826,0.23199476415224246,0.2345993465960396,0.23629297355384143,0.23806785123838506,0.23300923187599362,0.2345683280045449,0.23473414433002573,0.23565532321181917,0.23456534098995366,0.23573028139822708,0.23399403391614
0.23230702172188755,0.2361149666773671,0.23840279339631984,0.23370531159565958,0.2320465117619887,0.23449576381247922,0.23639654843250638,0.23821629399078986,0.23299912192777048,0.23457566086241952,0.23473856783261698,0.2355283760782807,0.23448610784638418,0.2356708384989684,0.23413543517921112
0.23231479120925047,0.23601241360790914,0.23859326522838975,0.23371971459245533,0.23227451550290115,0.2344924218229028,0.23650170120392908,0.2382333794234661,0.23299255223667958,0.23458658241997768,0.23471802722146481,0.23548423074189195,0.23435150821383444,0.235621753632452,0.23416357235506907
0.23227070507434175,0.23590356569762283,0.23867950978828426,0.23396778727225023,0.2322681695803509,0.2344129625415236,0.2364395768083768,0.23832673295072426,0.23315700392880337,0.23453389482390077,0.23478143160225914,0.23538884634116744,0.23444927587708184,0.23582817855989374,0.23411125559160686
0.23229524723166053,0.23597900811399722,0.2386510427330923,0.23403696118429462,0.23235031720340907,0.234299895221786,0.23655569493636674,0.238391710347198,0.23303017305740759,0.2344494350492033,0.2349889841825671,0.2355772132097963,0.2344862141039293,0.23594913534981685,0.23393511997129401
0.23241241624706532,0.23609905598205602,0.23868405253839295,0.23393275552979012,0.23222264678255305,0.23428482236808823,0.23651489277015897,0.23843341865627007,0.23308838680420318,0.23436547733565818,0.23509839573083194,0.235511186278487,0.23440819002203353,0.2358821101704819,0.23387550772041435
0.2323723540188509,0.23602468180215955,0.23862836212737876,0.23390526150896687,0.23207130726970218,0.2343898339680567,0.23653852824684155,0.23837742170487292,0.23294552703027585,0.23440963746634447,0.23513554640079665,0.23552676782090817,0.2343960186113977,0.23603488837158942,0.23388341331135645
0.23240335088502867,0.2358626769400338,0.23855761992745816,0.2339695199356078,0.23201001478571143,0.2345354366109243,0.2364434640113602,0.23831797586019907,0.23291552108814956,0.23447480648157923,0.23533949546541527,0.2354559263517788,0.23448072284962193,0.2360256438935805,0.23388509715384798
0.23258212582563031,0.23587943946677267,0.23866034847545983,0.2340540389896411,0.23195328691256759,0.23427968538495722,0.23642200176967368,0.23821374059867917,0.23289195920555186,0.2344751550592224,0.2352499187213806,0.23556622279261075,0.23451239347321234,0.2359835325286195,0.23378366782210316
0.2325607090984185,0.23571760908705885,0.2385981869297657,0.2339309464505074,0.23195441321446061,0.23424386900539956,0.2364780370569484,0.238073433688683,0.23292568523070756,0.23429878881453728,0.23535915016933773,0.23552982282282212,0.2344433766241727,0.23588621945052446,0.2337454092262477
0.23243166728393458,0.23573860531402208,0.2387350716618863,0.23385817978179713,0.23186995853158635,0.2343258739809119,0.2366491498859072,0.23811662849405854,0.23283503363039246,0.23432676267126656,0.2354125513780774,0.2355645372154969,0.234436219480342,0.23589996596870022,0.23379295965286492
0.2324975017745777,0.23574259901859182,0.2388794929840812,0.2337455591311552,0.2317356987543099,0.23430341701522925,0.23661170897935643,0.23800963015244012,0.23289170108750323,0.2343903669178785,0.23531985479506337,0.23558014622221005,0.23440432897600413,0.2358418607423486,0.23368230651297703
0.23254743710021894,0.23567802329795257,0.2387806527763705,0.23369376003708908,0.23172404826947202,0.23418068070966952,0.2367043215085882,0.23798961820300485,0.2328827896572488,0.23445462181950774,0.23533562210840805,0.235614853703288,0.23445457363877825,0.23584001682354153,0.23373032168615127
0.23261082211164086,0.23554460792392867,0.23883267837611397,0.23370564925866114,0.23160919801426702,0.23429523854482254,0.23680181877226963,0.23794090926064068,0.23281766493018347,0.23450468505428015,0.23538388491234052,0.23554087212057823,0.23442308859532376,0.2358744809475964,0.2337983754636091
0.23274020947319893,0.2356098715492897,0.23877598596325766,0.23364781317199193,0.23160192539247504,0.2341804367820304,0.23688202160208835,0.23805269818383712,0.2327896391221273,0.23447853039562436,0.23534610605366327,0.23560814928845042,0.23439411958062714,0.23585129080450393,0.2338413215136534
0.23288932461431927,0.23564974881759634,0.23867261705968632,0.23359116065370114,0.23169011651644555,0.23412381901714988,0.23689148662264312,0.23810619577785216,0.23284178577047285,0.234325073998858,0.23527002610183578,0.23562254451030723,0.2344802353895942,0.23599050025754223,0.2339234799009886
0.23275048181581365,0.23577721165670507,0.23867078186423699,0.23340875666482178,0.2316935729566857,0.23413436650763686,0.23694190366804038,0.2381088557916539,0.23287183608789822,0.2342028601081514,0.23521430050129266,0.23567595600665192,0.23453185446467195,0.2360024468196734,0.23399421011224356
0.23263288341159094,0.23587087583794578,0.23870351598126635,0.23343903340262978,0.23164251626617552,0.23412128887233705,0.23693522391512983,0.23810727373490592,0.23276108731913234,0.23421353308055082,0.2352247654425352,0.23563146880357544,0.2345892909219628,0.23603266069475276,0.23394898195650687
0.23259030886964877,0.23582345071098046,0.23878458130872707,0.23348495747481127,0.23161051442294145,0.2340547159695213,0.23677454211052856,0.2381852135521903,0.23271554737623154,0.23425271401241127,0.23515775434983957,0.23565983592769563,0.2346058937588818,0.23606549881491226,0.23399523893000623
0.23256452094153793,0.23596646297274834,0.2386847881019466,0.23342790316579254,0.23161030444902292,0.2340784298356132,0.23677653558611456,0.23811366420302219,0.23292753457412282,0.23429629249359585,0.23509880366348132,0.23566282351518833,0.23452988551525525,0.23596052565782252,0.2339770460193282
0.23260635885177464,0.2358714973632704,0.2386148744422281,0.23353981425060838,0.23165347864451225,0.23415859291955443,0.23685993352924936,0.23812840118490428,0.233027304011711,0.23426172514207258,0.23502305484167732,0.23578863718804197,0.23442364630962187,0.23594659085088956,0.23400463508582026
0.23260335153752984,0.2358672286575317,0.23854185750871632,0.23348679962529797,0.2317236100341475,0.234059504276451,0.23675127962116105,0.23824851023125318,0.23294645227153626,0.23430631010600364,0.23494712777782614,0.23586221185150438,0.23433255888310475,0.23575628808826346,0.23418883439518642
0.23270361590300548,0.23586142545701536,0.23853800168693312,0.23343963090103284,0.23181611487426215,0.23416181676410272,0.23670940482013908,0.23817574634060742,0.23285685647719695,0.23445754583709702,0.23489963370568762,0.23588243404368087,0.23433094904736634,0.23570827727842947,0.2342420738055427
0.23273463429626684,0.23588801597521225,0.23841367078878,0.2334457051730115,0.23169177565237775,0.23411976313596652,0.2367138403524853,0.2383257517557053,0.23276169940338404,0.23438623277149293,0.23483779452946382,0.23587657615382443,0.23428488488130153,0.2358265066313188,0.23431516499043123
0.23274667148357917,0.23602011303421794,0.2385556680231211,0.23346979352725564,0.23167420765174107,0.2341134803063501,0.23674875661146613,0.23834244373921956,0.23283325575355615,0.23453210762508306,0.23495853419681217,0.23593775751050447,0.23440609197907838,0.23592411228215435,0.23429094492177183
0.23275259710328047,0.23592932250110699,0.23850328537874266,0.23348189184351484,0.23171382845510285,0.23403693369770875,0.23679868657138975,0.23843198550841224,0.23275353755536277,0.23452175855840968,0.23480427994877792,0.23599133054592297,0.2344590212560522,0.23604063949242415,0.2342136249640047
0.23269264660160896,0.23609056122242542,0.23840254607975475,0.23350062695258816,0.23156674014734763,0.2339258894346131,0.23672050230664424,0.23837246261071307,0.2328091123781122,0.23433338560502728,0.23484978781321367,0.23597185533657822,0.23445530501806477,0.23600198561097402,0.23414483163551317
0.23270819693620315,0.23603594877837952,0.23838496660637604,0.2334644452444737,0.23151177093843403,0.23384068241977987,0.2367320700160297,0.238461464839452,0.23265131268919373,0.2343584579076306,0.2348083279435099,0.23595655717887246,0.2345699946265266,0.23606971692515505,0.23420931158715316
0.2328431016108304,0.2360480725911368,0.23833071658680832,0.2335039639910298,0.23154213927851813,0.2338669719122043,0.23675714788708535,0.238512323931305,0.23281358837937235,0.23413907848805898,0.23477150395915283,0.23598342688130253,0.23473279430651184,0.23597654088431208,0.23421095031360636
0.23281399093840305,0.23610745185599458,0.23825564837156035,0.23360401504236794,0.2314619583432418,0.23393271868013266,0.2366569788384441,0.23854435713718822,0.23285541698840104,0.23414886397071855,0.2347375200026071,0.23589013559304034,0.2347701115165524,0.23593124373647872,0.23424396122591915
0.23284811451349235,0.23606415967588298,0.23815796792707028,0.23367186478624605,0.23142900349752016,0.23387601987915388,0.23664192887417754,0.23865996540724313,0.23280577575457329,0.2340821310460138,0.23480411527106515,0.23587650221142892,0.23485539426589794,0.23587856726220763,0.23430682626988972
0.23275473796031046,0.23605169880356613,0.23822480413269195,0.2336757734917815,0.23149031791667818,0.23415485521155352,0.2366824316128799,0.2385686461197997,0.23274808284159418,0.23413859291083655,0.2348678101295244,0.23601467915922403,0.23479319718437172,0.23601591874471725,0.23435214568638205
0.2328058885693507,0.23608198221123433,0.2382457993814406,0.23355052605569945,0.23146261959921013,0.23413853307190077,0.23658285373778382,0.23851288015380506,0.232700238795324,0.2339798023473061,0.23502413982649675,0.23604452714012664,0.2349080995702307,0.23599667851724843,0.23433231627126
0.23274510560707584,0.23620660752059358,0.2381850138120775,0.23356096917268565,0.23148488481947196,0.2342638054786457,0.23650377863001937,0.23860768631385218,0.23267865382123984,0.2339036104917898,0.23501192851267014,0.23607547402624554,0.23487624846995026,0.23593683625174652,0.2341253337556592
0.23285974933730125,0.23616536398914337,0.23821091416104098,0.23362817068479183,0.23147865789199018,0.23421679095370782,0.2365646174541247,0.2385363036094391,0.23263779479051994,0.2338869067877277,0.23507494579885663,0.23615122536750555,0.234985747928966,0.2358157274701167,0.23433351891844917
0.23289593834884392,0.23617741640122505,0.23830305172539307,0.23369264333166528,0.2316052835904096,0.2341210938469858,0.23649105182139699,0.23862342907067785,0.23265503687603636,0.2338277912503532,0.23504786097694583,0.23597077226270047,0.23499113714998457,0.23574379988633257,0.2342844902101068
0.23278172012094858,0.2363111639397523,0.23833874292693252,0.23361157470334504,0.2315936253199415,0.23416389334828108,0.2364373990634448,0.2386403020340937,0.23262588421589914,0.23387136289222712,0.23516146842569416,0.23598563454225693,0.23503111220486017,0.23571010708091386,0.23424498106709785
0.2328576435269332,0.23630896281163347,0.23820408268358137,0.23362135253752575,0.23135977135788632,0.23441959603861445,0.23649435623575824,0.23869248273841456,0.23246354954703286,0.23384120259971905,0.23522231823822481,0.23597323850098179,0.23519441859759516,0.23562038186981638,0.23425971648902186
0.23286161960212517,0.2363313600409622,0.2380929695298085,0.23363261059965298,0.23130609745310038,0.23451566851615457,0.23652506435685552,0.23862317999291377,0.23240510245775023,0.23389080284962085,0.23514887302541115,0.23611145521230184,0.23537319062968384,0.23567178124690438,0.23434336373140913
0.23300611868948223,0.23633431869706076,0.23824185418345098,0.23364680391804893,0.23144079294385983,0.2345396600211137,0.23632760224041374,0.23866379057675768,0.23252679804916074,0.23390544118496415,0.23511073012184586,0.23619736609559047,0.235373143470333,0.23559836914402224,0.23443064959721088
0.23302587371424302,0.23625713378122576,0.23814648611870484,0.2337384250240331,0.23126739562728213,0.23442696455637235,0.23629098155652362,0.2386842631697194,0.23252806077432844,0.23369603612715828,0.23524272074459288,0.236316001514151,0.23531065760188785,0.23562409035923126,0.23442628853717032
