1,6,11,16,21,27,32,37,42,47,53,58,63,68,73,79,84,89,94,100
0.6483903578426253,0.40768335906923764,0.29411897547055027,0.2796779310677984,0.2698414901659891,0.2693730949064735,0.2633574864045913,0.2641924071125678,0.26349486214354906,0.2621635824227508,0.26321575281181364,0.264738253628325,0.2652199724838864,0.2661288781388383,0.2674308628136176,0.26771122440593315,0.26793004494343325,0.2687898704663886,0.26929249775436154,0.26979526285739247
0.6290829040797696,0.395901242069778,0.2891140905541954,0.27572163290778456,0.26671256123797965,0.26671913469299685,0.2613607996704005,0.26250698461421385,0.262061145716163,0.26093940549145794,0.26209886253436976,0.26362322380064646,0.26401311031503727,0.26487673014373825,0.26655115666938983,0.2666290070650067,0.2667026678107454,0.2678042441238625,0.2681840437485036,0.2689913169166789
0.6119562278444808,0.3858008440595437,0.2845712706901083,0.2726128881072974,0.2644089879233286,0.2643115230389737,0.25940213926972144,0.2611367386791461,0.26047331388696,0.25970963045359136,0.2608452791835807,0.2627187679415253,0.26323719597573075,0.26384737220073345,0.2652892862949311,0.2659570375902873,0.2656209023091338,0.26699865374443776,0.26742671356237835,0.2681337787363237
0.596784170709538,0.37676830194429745,0.28089970189853414,0.2697190068865303,0.2619211030659572,0.2621634650709367,0.2578273829516673,0.259843830914446,0.25891402031225547,0.2587669244468423,0.2602121053166876,0.26210477027683055,0.262422644219524,0.26316228672071285,0.2642475557350463,0.2653235669878537,0.2647527436199456,0.266215161920554,0.2665908214064229,0.2674735122830943
0.5837963712810175,0.36910712462217915,0.27716072423059923,0.2674652879642117,0.2596657853326452,0.2605295048241037,0.25618658930915583,0.25864491432638315,0.2577152297930105,0.2578316507538199,0.25918933672011285,0.26092360796622366,0.2614117143322045,0.2624764163947927,0.26359662603493683,0.2647540371445508,0.2640919433696052,0.2656929666655522,0.26607583709287014,0.2668151020953554
0.5723985102222335,0.36268119473499305,0.27425851857746897,0.2652471691953916,0.2576074366403337,0.25885534596890647,0.2549783531804203,0.2574903804459712,0.25662164553576267,0.25709904912661097,0.25853875123130987,0.26017710457709503,0.26067045411517503,0.2616732934940933,0.26308078790682715,0.2637051888579875,0.2634201839369296,0.26510178684103114,0.26535382715446504,0.26636394709527694
0.5619448465932402,0.3568382671394361,0.2715393532828354,0.2632253153851677,0.2560494836684435,0.25732441116337096,0.25395058157423417,0.2566498920640902,0.25584988358155303,0.2564554002971192,0.25806887744297136,0.25947944765787256,0.25997758229902557,0.2609796086992111,0.2623525424266447,0.2631921417865869,0.26292814280498344,0.2643323454293434,0.26477361443383546,0.26548182472917786
0.5521624278745394,0.35138898469655483,0.26943412163534736,0.2612700918663872,0.2547296567874246,0.2559367262648247,0.2530126899018892,0.2560341758839822,0.25472197444999306,0.25607870258126386,0.25732868815712967,0.25906396298052103,0.25925860105748777,0.26032264582304376,0.2618653079504928,0.2626986809426046,0.26251441247296836,0.26369494778714153,0.2640829177446827,0.26508144323228233
0.543760143675911,0.3466926569872268,0.2674993639015299,0.259824692454028,0.2534042428123532,0.2548107264695954,0.25176444390072444,0.25555682639977517,0.25408710666370293,0.2552960693392353,0.2567110971949583,0.258774791203379,0.2588595045343177,0.2598395230338957,0.26142615261976054,0.2620436279133491,0.2621021283009047,0.2632153318752037,0.26368546874828325,0.2644924033477081
0.5355473590028845,0.34259836349318495,0.2657663556528006,0.25848252036066627,0.25254640259815886,0.25381052320181996,0.25069672381363384,0.2548228463908345,0.25333778586976635,0.25464900465401463,0.2559188607215993,0.2583089175796246,0.2581738000563074,0.2593206567285877,0.26094344731284413,0.26178018721477136,0.2617799270742519,0.26264677847392404,0.2634306062772444,0.26395785002807354
0.5285037994918272,0.3388328166221259,0.2639740082512465,0.2572649656730974,0.2512546888001157,0.25285347294218696,0.249967038879417,0.25427147470419453,0.25302974843921655,0.25403457275959096,0.2555438835033811,0.25796584366538633,0.25786324938900573,0.25875857189059404,0.2604267161162868,0.26113119119917394,0.2613623537814109,0.2621245853387561,0.26304090950684184,0.2635724956612321
0.5218411837029092,0.33551404285692404,0.2626681159137713,0.25610085776067454,0.25026406036553495,0.2518476126126249,0.24938169440112973,0.2534809330408551,0.2525977033492444,0.25332059625909203,0.2550060619788104,0.25751901851195724,0.2574497880555377,0.2583439253971607,0.2597197540139614,0.260623829793912,0.26102934982437687,0.26178529351759844,0.26256144426883715,0.2629476900304851
0.5156420538175708,0.3322507450128954,0.26117096393274236,0.2548786000474214,0.2494636792748566,0.25119962351237285,0.24879659378697028,0.2527722719446609,0.2521596543292928,0.25269768612603966,0.254441615388243,0.257424539245569,0.2568822758583708,0.25802439059225835,0.25932494602813466,0.2604604401958035,0.2608481802144073,0.26153409001913347,0.26223420620729343,0.26272871704192213
0.5099510475294097,0.32957235922469313,0.25968648491793334,0.25402968770581025,0.24885222900659063,0.25047686495889593,0.24825702468828456,0.25218127944191554,0.2516331437751871,0.25222140370398705,0.2541276056040833,0.25703422825359235,0.2565156861305817,0.2577092855746893,0.2589698489031288,0.2599323385411018,0.2604927724035764,0.26117408238759104,0.2622067180125294,0.2623526454814094
0.5048058624585512,0.32703736961428365,0.25871935947663094,0.2531150774705049,0.24799194015015816,0.24992251284944286,0.24766003484290958,0.25157688999685845,0.2512025883712339,0.25181047295932285,0.25396236353954443,0.2567236115018967,0.2564843960465863,0.25723568711763184,0.25847814624060295,0.2595530762525858,0.26025793874731834,0.26105852800864066,0.26218757412222893,0.26202670338112355
0.49963394160974867,0.32474538815320897,0.25754504110286236,0.25224565671452054,0.24743186995732736,0.2491222618692044,0.2474185669131522,0.2511084897270824,0.25096202923490024,0.2515949736874166,0.25362993076597834,0.2568381487141757,0.2559970445510535,0.2567485564188013,0.25808155233499197,0.25928142627669043,0.2601773205432661,0.2609413683283073,0.26205257556321604,0.2616502823342677
0.4946835178187858,0.3224824204425737,0.25636841973613383,0.25148644657092445,0.2467094991465621,0.24849711065833346,0.24683025926510913,0.25069868641558424,0.25065970481051153,0.2512295353840357,0.2536762169123357,0.25646490485827417,0.2557574545678193,0.2563636576153051,0.2575467830953203,0.25879663876242565,0.25996305507346096,0.26100972600449074,0.2619614985336274,0.2615604973617368
0.4904118784464635,0.3201197658353921,0.25553659261009687,0.25054897085390254,0.2461358912934058,0.2478747566958754,0.24632023565786454,0.25023411427570125,0.2502713127667003,0.25089036434049194,0.253608270543257,0.25618519356759517,0.25544871722017043,0.2562007818623318,0.25739003885253653,0.25884486188572103,0.25951219193856423,0.2607284187030061,0.2618195793353642,0.2614634940599993
0.4864956598485802,0.31817516722901046,0.2546826151773456,0.25005321343010845,0.2455038090243595,0.24731441921670916,0.24593155833813382,0.2498505996460239,0.24971720914904486,0.2506035152114424,0.253424404522313,0.2558544048098606,0.25506250569874567,0.2560403536247475,0.2570977716616583,0.25848319591346386,0.259110352215189,0.2608492200456663,0.26170759832638674,0.2611639465925367
0.48275922294151374,0.3163353335388697,0.2538386066164645,0.2493450712323104,0.2449760249771253,0.24703129200048873,0.24549042594026155,0.24951157616387556,0.2494225027909677,0.2501629908504028,0.252944204366498,0.2555991933306765,0.25494442375077486,0.2557964342722453,0.2569550916900263,0.2582860437573609,0.2590443123856175,0.26070043404454535,0.2615129738670798,0.26094021044664295
0.4789953338613946,0.31460769366971353,0.25318492978724094,0.24865458640783078,0.244182529871374,0.24643567788657975,0.2450823948784242,0.24927506847019337,0.24922195747163345,0.2497037689959115,0.2528243775710452,0.25530753259402444,0.25477542668597614,0.25561478917619274,0.25655016725248275,0.2580288973545489,0.258817091070971,0.26031776004356033,0.26128546651027773,0.2608881336243709
0.47575133402069114,0.313094721456047,0.2523587486249909,0.24828249520666457,0.24364789663536462,0.2460669373375062,0.2447078833883643,0.2491324410537666,0.24903972973922175,0.24953274776949103,0.2524623214572067,0.25526348534464266,0.2545472415357203,0.2555166850337123,0.2565610773657202,0.2577419409386331,0.2587011364099025,0.26008350258602564,0.26101373627947794,0.2607785420772141
0.4726059923898098,0.3116558673546929,0.2516681170060243,0.24769686703744476,0.24325857129446982,0.2457748566590324,0.24439163267314767,0.24869444288923878,0.24862942480356726,0.24916800633102676,0.25217040111722167,0.2549126384740438,0.2543256918860818,0.25552298680178775,0.2563349856558581,0.257503251040033,0.2587579922384141,0.25982088986908614,0.2608918674444485,0.260359742709849
0.4693977475644231,0.31024734937122034,0.25090309237324154,0.24727623083869998,0.2428800664723163,0.24546893021236452,0.2440989111140402,0.24842802429548233,0.24819323231085683,0.24894771778329236,0.25205924034066124,0.25461151969493356,0.25398895772617125,0.25550108286402323,0.2561419045662038,0.25710845456753195,0.258362440520304,0.25968846948123175,0.26065961572022783,0.26015908407576954
0.4663655816838411,0.3088723354085094,0.25030496100961186,0.2466400329320833,0.2426051003149996,0.2451984683847066,0.24391709416126228,0.24824391442820545,0.24785454053656095,0.2486159441255295,0.2518409704995453,0.25450348975291215,0.2536418525207843,0.2554186966446444,0.2558938411558405,0.25674115360528915,0.25820702353172476,0.2592570398617531,0.260474452325675,0.25995379122848694
0.46342145519342737,0.3076075760897028,0.24974848663938823,0.24600875816025702,0.24239954137130584,0.24486857000093104,0.24383873274458334,0.2480150601644675,0.2477315930673358,0.24845683463511425,0.25172394091668643,0.25448069918696503,0.2535262252997399,0.2552189394118494,0.2554730674464071,0.25652092699108237,0.2580048521577556,0.25916383073650956,0.260254543879682,0.25987539393421377
0.4608129536321687,0.3063478669111871,0.249386952484761,0.2454859408501387,0.24209912276270426,0.24466286339513812,0.24356324446443356,0.24760908677764182,0.24752993512973154,0.24821154710452925,0.2514318011030256,0.2542730806846675,0.2534199992442885,0.2549425786319232,0.25512075882519014,0.25623496400783907,0.2578442599458402,0.25898317241363417,0.260085966793845,0.2596410480461101
0.45818937150541994,0.30515891382185334,0.2488775986637708,0.24500957514918692,0.24195934335578656,0.2442348051794673,0.2431979057166517,0.24750824583018216,0.24722266771752935,0.24791709548623364,0.25136411165134087,0.25394416828623206,0.2533317184881793,0.2548264950938663,0.25485502584142095,0.25606484114953754,0.257726783131166,0.25890952571088816,0.26031206052619843,0.25955056590471304
0.4559172055854741,0.30418658934970316,0.2484228529763937,0.2445282888952606,0.24163276447550758,0.24412650269181532,0.24284685464829947,0.24732240779280168,0.2470284997721839,0.24785972739205892,0.251190077772543,0.25358931243966537,0.25317657136695154,0.25470546972846897,0.2544979701706281,0.2558725225340648,0.25764645342804493,0.2588627550999898,0.2603312741422346,0.25938068567394096
0.4535474078175562,0.3030115579203652,0.24795527427913416,0.24433700195820102,0.24139963787394195,0.2437204961121911,0.2426604025635593,0.24701323125252356,0.24696797299146833,0.24764782182468206,0.2509533702913714,0.2535955797365194,0.25297970257923974,0.25457861576201113,0.25425942194684115,0.2557866787875477,0.2575963790259786,0.25863710300747417,0.26018128874873964,0.2591920377076882
0.4512442485520053,0.3019649921168222,0.2473696445158224,0.2440007124965764,0.2412699167478017,0.24342188477557036,0.24238596066997103,0.24665383022267048,0.24679583911629221,0.24735794640470965,0.2507267053792657,0.25359351766411403,0.2527341286159346,0.25432065913705254,0.25426554843435484,0.2555573780195265,0.2574212366251887,0.25849163357176164,0.26015219203941026,0.2593172105655336
0.4491187573991222,0.3009132444857564,0.24701731737200114,0.24378818530806112,0.24107259802573267,0.24323171679495212,0.24213895073121613,0.2465108784442274,0.24660330984431184,0.24712650668441574,0.25041190685259596,0.25314228201286704,0.2525357294273252,0.2543335349349926,0.2540993848642268,0.2553585822194243,0.25727416424859295,0.2582953174359252,0.2600102847538309,0.25924839361891233
0.44699870311618367,0.30000359007706384,0.24664521061202405,0.24349457981402656,0.24082063338100465,0.2428216087339162,0.24204561376609282,0.24632536946331565,0.24622255424208067,0.24686713586977813,0.25030802195055957,0.2530938071771934,0.25258403501167387,0.2540650906444483,0.2539688173515075,0.2551855491864579,0.25707028418171535,0.25837182321948726,0.2596759593347292,0.2591380642489133
0.4448985116889094,0.29907181008647454,0.2460624936411941,0.243149203367904,0.2405391565541399,0.24255731218438895,0.2420436206849014,0.24609484824013803,0.24615335276648748,0.24688020790422407,0.2500296374858895,0.25296663437917766,0.25235317321462153,0.2538572298210749,0.253720362850136,0.2552830712210985,0.25709075281919147,0.25823224150341906,0.2595400275766634,0.25896276724434164
0.44296158353084597,0.2982757448183197,0.24576779583805544,0.24282693725981735,0.2401548032437448,0.24218716066930096,0.24181530386061428,0.24611749948980732,0.24607038068513679,0.24678637216478047,0.2498194973206731,0.252899745249324,0.2522652811190162,0.2536744451279141,0.2535614787619319,0.25503907916946783,0.25690535021738936,0.25806819621400023,0.2595866132949465,0.25906100512163105
0.44119142527372057,0.29738972258350305,0.2454308178198542,0.24253503819982486,0.2397822746603694,0.24186713148365752,0.24167277250069943,0.24600153807793115,0.24585979580279316,0.24654101537558978,0.24968258251843092,0.2529552310168358,0.2520933248307514,0.2535773036951266,0.2535743530846517,0.2549524071972605,0.25679045087517277,0.25794595265668396,0.25938569550270496,0.2590627844632048
0.43962452776968164,0.29674157073255547,0.24505905326588773,0.24223351581907143,0.23951674867330922,0.24152234587299948,0.24164672129356055,0.2457823830180201,0.2455468556011604,0.24643322631482076,0.2496292900503439,0.2527479501218057,0.2518925532909617,0.2535193462255473,0.25346939509587635,0.25502756399457593,0.2567432766107847,0.25785375498416613,0.2592566491919008,0.2589758119608371
0.43785475113846983,0.2958779780280447,0.2447680359805357,0.2419410098353302,0.2393104120654566,0.24139389985304363,0.24147252830078492,0.24567764360012456,0.24541529518680233,0.24618381152111912,0.2495350955378024,0.25273127992300337,0.25159868349285164,0.2535055406986984,0.25346676889903524,0.25494204654970487,0.2566775021677851,0.25770439670379175,0.2591998100586054,0.2587696474837686
0.43598026615159663,0.29501962939163295,0.24446984219371629,0.24180619392626077,0.23915623970200764,0.24132901860577136,0.24144008659792077,0.24551057514700242,0.2452039428614696,0.24607354326537761,0.2493727235709359,0.25258723801626193,0.25140597339069504,0.2535124526430375,0.25327033732566645,0.2548473003714681,0.25650845824951773,0.2574974145165211,0.2591082692848822,0.2586473867965479
0.4345442993998283,0.29435111171827033,0.24411729285420225,0.2416289775940637,0.23904294907786044,0.24109035611581744,0.24126029322373765,0.24530895943051256,0.24500841781759403,0.2459305602683194,0.24934163237799228,0.25254341047821166,0.2513623365025098,0.2535729918073603,0.2532457147288639,0.2546340639588482,0.2564557708606897,0.25749221932103644,0.2590817009409105,0.25852459115070797
0.4331197317717189,0.29357906560855496,0.2438367258550649,0.2413482895985296,0.23880655781819762,0.24084759242324144,0.24101851447410744,0.2450956492086972,0.2448434856307861,0.24590163094467052,0.24938923374550107,0.2524313459098394,0.2513140706233302,0.2535646944872227,0.2531644878182992,0.2546151787745225,0.2564231672297056,0.25749353201195063,0.2590436581305829,0.2585949361533049
0.43166444289078554,0.29287170662155576,0.2436338723411377,0.24108917264795643,0.23850686200622828,0.24063589564917406,0.24093003415905914,0.2449000717272942,0.24468221289085693,0.24575621297363548,0.24930192573842075,0.2522833506141786,0.25127724246728017,0.25330691776328645,0.2529577868341475,0.2545072843333092,0.25632519035815066,0.2573741910825877,0.2590076538748596,0.25856995422252266
0.43013663017261305,0.29232155147073374,0.24335728253373742,0.24078921882886245,0.2383793728081451,0.24043946454023676,0.24078755764392015,0.24457906360503434,0.2446407663639722,0.24578463443821538,0.2493532601945526,0.2520884914291859,0.2511995059845228,0.2533640999406369,0.2528662978273062,0.2543293954707196,0.256264385250046,0.25745768362451166,0.25895799304307593,0.2584303258781308
0.42886306069963437,0.2915789062561643,0.24310447562569987,0.2405162264203101,0.23833077273004477,0.24039557263977232,0.2408216108773183,0.24449641266208105,0.24451094751871277,0.2456043304339102,0.24935276668451636,0.2519855422887012,0.25122325677469054,0.2532635847254068,0.25294226560463157,0.25418449023738415,0.2561622352432418,0.2574329901226922,0.258877001896337,0.2582325158130396
0.42756498382724895,0.2907542092372749,0.2427917941862694,0.24040529036344566,0.23813570418165006,0.24016652658803372,0.2407080163039439,0.24441202002777793,0.24446860887712157,0.2456661641309329,0.2491501557414677,0.25189822812504975,0.25110598313726973,0.2532086080128676,0.25275031841696327,0.2542217277238327,0.25611904138162045,0.25732164836921756,0.25901619574733725,0.25804439864945505
0.42615779717490976,0.2902350888230114,0.24239078850519183,0.2402767386930824,0.2381199420246109,0.24007556307836347,0.2404970563097842,0.24420624741270347,0.2442934426306131,0.24560939780547397,0.24911936506241433,0.2518712240817181,0.25095966365330097,0.2532473776594615,0.2526799972899367,0.2541962135918483,0.2560671603801397,0.25714557748847067,0.2590468353884263,0.25801245296213327
0.42488936576027686,0.2896230182129535,0.24204905998698595,0.24008110702444288,0.23799417717807092,0.2399281173470824,0.24024780242602775,0.2440580385700352,0.2441530227943823,0.24548803639781094,0.2489609693819763,0.2518940781492509,0.2510473309307619,0.2531038852580301,0.25257064033896265,0.2540870255874719,0.2561465853948523,0.2568860851836494,0.2589987134430645,0.2578359575425837
0.42374188966424087,0.28901466165332285,0.2419161268706306,0.23990136614517768,0.23794050316012835,0.2398974223885611,0.24012088786898736,0.24408698263322406,0.2440155394369199,0.2454000320882961,0.24890742215418826,0.25196626144289047,0.25093844620499006,0.25312985571062974,0.2524105143582835,0.25400345273636893,0.25632723474192703,0.2569518074981301,0.25897302817595325,0.2577560258902413
0.42265986655881477,0.28847734335063274,0.241759609439896,0.23966792443193086,0.23779267757795033,0.23977936281885026,0.24004392376132402,0.2441063919423018,0.24395225956072888,0.24541337186338974,0.24888184448499237,0.251799240796697,0.25085781542473934,0.25315114917149406,0.2523215040119605,0.25397289583965676,0.2561971104730445,0.25689797689974103,0.2589805895880182,0.2576921357905567
0.4214403467157448,0.2880098925036628,0.24150427210895362,0.23962082442327776,0.23769375131819728,0.23969309929025778,0.24002459815101246,0.24404255287961799,0.24381192948151972,0.24534724857187773,0.24879114813015546,0.2517463782372409,0.25062724167829775,0.2531827096866356,0.25227660939486024,0.2538650231574836,0.2561683090604536,0.2567888862177032,0.2590370044095957,0.25769463092097017
0.42028278598371893,0.287665801740825,0.24125962555811067,0.23949551739937286,0.23757174510501386,0.23948809297962773,0.24016178825718607,0.24381039663264095,0.24364580921208412,0.24530853949401743,0.24886023756639647,0.25170699361526566,0.2505535473781498,0.2530463087650969,0.2522304630945819,0.253760778615794,0.25606210802331236,0.2568370039854426,0.25908512387249316,0.2577180282131679
0.4190910036977279,0.28731692214629,0.24101391635772176,0.23951855516442574,0.23737684394735092,0.23934311670958905,0.24009184895334387,0.24369484066934513,0.24363333747810206,0.24522487164565715,0.24885874236996114,0.25170515183842446,0.2504150433142597,0.2530866472087781,0.252106278053884,0.25362673085372756,0.2559842107977476,0.2567828486817937,0.25913659075000045,0.2577234229612812
0.41810438735917194,0.28688025873997514,0.24078090461041732,0.23928775540198682,0.2372464445352651,0.2392049323562209,0.24001567219842979,0.24359482443135264,0.2434714930656063,0.24516574481859463,0.2488564074780643,0.25159116365871503,0.25045900937979304,0.253107513819832,0.2521773624020218,0.2536373227516792,0.2559740917465853,0.2566077031927146,0.2590445623938193,0.25757383328547867
0.417081620914751,0.2865464098607695,0.24048566340138222,0.23923340598405227,0.2371779604304289,0.2390234695984019,0.239941154593708,0.24358748512824205,0.2434351087841566,0.24503036522786792,0.24881151475983487,0.2514661089733178,0.2504263475990446,0.253061457710282,0.2521811955749319,0.25356403058114063,0.2558754058616982,0.2565936791036797,0.25895985704950686,0.25748625191590335
0.41610031040201173,0.28635135832823644,0.2402309845970983,0.23904292761542928,0.23700185547032754,0.23884910121068367,0.23983678997207494,0.24366937393069132,0.2432651238266486,0.24511301788203999,0.2487460369912289,0.2513705171020442,0.25037325034328983,0.25304009593940757,0.25204547160753027,0.2537410251319918,0.25593213430703093,0.2564390485901175,0.2589358335821088,0.25752846500597065
0.4150622211630512,0.28594715252465736,0.2398997137971911,0.23884097678141725,0.2369332889375051,0.23873741089404663,0.2397508049396866,0.24357952118478993,0.24332482901213334,0.24497315780042297,0.24870535444621356,0.2513013721366439,0.25018674718802075,0.25295899480779754,0.25209255572505523,0.2535407592189979,0.2557875768821943,0.2562980157430745,0.25889245255620474,0.25751630131602515
0.4140842340079725,0.28543383045036874,0.23967629008788324,0.23878655137965776,0.2368382944755711,0.23869262818232603,0.23969299168584757,0.24354318093558458,0.24328484545427972,0.24493687744798484,0.24867630010626735,0.2512570031998364,0.2501149845526256,0.25285089996394755,0.2519236157646864,0.2536692642636636,0.2557858967837996,0.2562209359678145,0.2588642458447292,0.2573750760228099
0.4132712560910049,0.28514923001646764,0.23948393838272342,0.2386054911207865,0.23675506884554343,0.2385725986845894,0.23959340565340936,0.24339917823694335,0.24319110107344277,0.24476361031802268,0.24871114067238223,0.25118409368777467,0.2500286328126889,0.252773636110243,0.251815459527151,0.2535262495477508,0.2556101338599762,0.25621156541274426,0.25889199636373644,0.25727898387848613
0.4124078297802083,0.2848215478316092,0.23930221610799174,0.23855613734376008,0.23658648584855585,0.2385834424425434,0.23952764423553616,0.24333831686844998,0.24303483137632645,0.24463963558744659,0.24866973969176312,0.2511862982325435,0.25005009429311437,0.2526492182675983,0.2516987322622155,0.2535167998923501,0.2555524470540968,0.25628515685505715,0.25889112003122283,0.25725983985099843
0.4116847076434109,0.2844201936836269,0.23915829957915408,0.23836297237393514,0.23651991444070022,0.23853706354106324,0.2395011583859401,0.2433294148117545,0.24295840889712125,0.24459297784816808,0.24854935969981123,0.2511214551510058,0.24990026847293353,0.2525234826943925,0.2515875874684982,0.2534709034786753,0.2554205890236489,0.25629344079452004,0.2589081764742682,0.25721373482920173
0.4107645801016947,0.2841515564906897,0.23899197794718574,0.2383283408819918,0.23643527074684922,0.23839096196141613,0.2394208609749034,0.24332876898826866,0.24291326181044204,0.2444462085484814,0.24846196345959834,0.2511015756401759,0.24978432224257074,0.2523568336466838,0.25158214655131045,0.2533171097914769,0.2553616202735188,0.2562402700974684,0.25886079624654823,0.25717910416888323
0.4098098864243531,0.2837414383985246,0.23886164561862538,0.23829445474511776,0.23622775038698715,0.23841244942111461,0.23937872628171922,0.24323364248825918,0.24299231304155028,0.24428826557462857,0.24832931099117056,0.2510314230366721,0.24968337043037997,0.2522867129404374,0.25156521251633446,0.25324119315996635,0.25535292797884185,0.2560883674322838,0.2588808544290786,0.2571005033150167
0.40905874195336867,0.28353060942804276,0.23874557635405436,0.23820900036110726,0.2361281477025832,0.2384205079001414,0.23922882929635572,0.2432757377083002,0.24293428794610494,0.24421620456301188,0.24828157910702836,0.25093680965463244,0.24958372215353886,0.25220528769667055,0.2514860683004471,0.2532588748147175,0.2553088932614616,0.25598777274773166,0.2589247908986588,0.2570966571427309
0.40826671277906595,0.2831049743829674,0.2386238620872618,0.23814734330717569,0.23603454695280002,0.23830261453006665,0.23918940554453333,0.2432653140381387,0.24286117147206424,0.24411189755143195,0.24833105579888645,0.2507899635520704,0.24969911143241924,0.252236829330949,0.25150953108072543,0.253316703451759,0.2553096263621425,0.25591268033493814,0.25889086150370144,0.2572007454048714
0.4075033665817337,0.28278802837499006,0.2384971336623302,0.23803563241059872,0.23592275984047797,0.2382511319446256,0.23911154348790326,0.24314705259130096,0.24282144585793497,0.24403035983260146,0.24828233952423562,0.250711521364383,0.24956198313749792,0.2521634755929719,0.25140453846159877,0.25321140507623685,0.2552686669950911,0.255864284568224,0.2588594687562077,0.25716424310696356
0.406772857322532,0.282453657453937,0.2383747210597254,0.23798955680606712,0.23584901018969498,0.23813185228220912,0.23910493581445788,0.24311306120017845,0.24268538202228407,0.24400787180721337,0.2482021844712142,0.2506735144524147,0.24955822354529913,0.2521363891304828,0.25133896237996717,0.25317322373232937,0.25515155129452777,0.2557588009959132,0.25879855359350434,0.2570300753901021
0.4060363624753114,0.28219071935878987,0.238224171079831,0.23801450939314409,0.23578915766799136,0.23815035393974104,0.2390058614972315,0.24311262742241488,0.2427004241412795,0.24400538711665834,0.24823309489086473,0.2505801393798627,0.24948735207573802,0.2522612149687492,0.25135240096855493,0.2531824371138689,0.2551280238482592,0.25571039314074945,0.25875980522245423,0.25690939034696514
0.4053475712046234,0.2818832529782825,0.23813447907435054,0.23785742104643717,0.23560650521946663,0.2380389641977529,0.23897044895833655,0.24305356086029162,0.24272501845783287,0.24387988963990476,0.24826859267009443,0.2506022921644355,0.24942068907635273,0.2522856638584664,0.25132305886819223,0.2532835170381062,0.25506757509789035,0.25569605685071434,0.25874672231966744,0.2569191246246267
0.4046456587373063,0.28165906456135487,0.23811045922945692,0.23769511826694412,0.23553254368635473,0.23791456853073037,0.23897191354067324,0.24296756485368118,0.24284997631962543,0.24390106460011507,0.2481673415777315,0.2506266154349336,0.24940638066207937,0.2522806592553227,0.2513126696558451,0.253222535786351,0.2550206689805804,0.255659930252021,0.25856974004685335,0.25685468298482067
0.40405417840522434,0.28139474627671257,0.23802811327302342,0.23760396053212085,0.235514515407406,0.23782447434158072,0.23890942313356425,0.24296488862248997,0.24269269228900966,0.2437969685657596,0.2480810512140407,0.25054443136927745,0.24942739124167887,0.25220786551695223,0.25129629014529764,0.2532358018985896,0.25490560323170447,0.2556737464229083,0.25848429596827877,0.256813542523491
0.4032762719128261,0.2812106699492645,0.2377419976767976,0.23758896834493076,0.23547649374252932,0.23776890042045257,0.23882560117630658,0.24294629917115995,0.2426994780625393,0.24384320122815506,0.24809539756825333,0.2504669117951067,0.24936928779410142,0.2522161838843152,0.2513403793266326,0.25323443629515396,0.25487645919683477,0.25553612301281975,0.25846340717470684,0.2567338777991409
0.40263403163764305,0.28105231871885245,0.23756640239085597,0.23755641390257895,0.23534503327652528,0.23778046788318621,0.2387195531679293,0.24294004661383592,0.24265944321242772,0.243729373141621,0.24811012674012367,0.2503348157841875,0.24933610841296866,0.2521374990784495,0.2514197037164094,0.25302379971212413,0.2548675453307123,0.25570513764886726,0.25861451504695443,0.2567319837091024
0.4018614533614206,0.280833481562386,0.2375028998589999,0.23749390237018694,0.23531684730112348,0.23768138848770426,0.23864519798154663,0.24288960024625383,0.24265572679403333,0.24383226795725518,0.24807527565539617,0.2503324679986959,0.24925376984116246,0.2521689487323334,0.2514490684911862,0.2528734417388671,0.2548708772600391,0.2556938278794081,0.25846411996275087,0.25666320099148277
0.40105988747313553,0.28059434062991706,0.237462750004637,0.23745174047768866,0.23517320421366641,0.23757846233295937,0.23860100111509414,0.2428137422604525,0.24264678166173903,0.2437753018528717,0.24802341329930994,0.2501139141533426,0.24930376682533684,0.2522590623799121,0.251465457679532,0.25285059589629966,0.25493445579234575,0.25566936148731245,0.25850607483355104,0.25665362768786193
0.40049172945250283,0.2803439180368474,0.237343349334218,0.23737200806960862,0.23514724559873254,0.2374223512952161,0.23855758135927022,0.24267687171534957,0.24253398241468005,0.2437455741187111,0.2479794304190495,0.2500826594701292,0.24921947195057925,0.25222104466596706,0.2515389368420198,0.2527660119545471,0.254981166190892,0.2556477139598088,0.25850150170671915,0.25659929754753835
0.3999608308278065,0.280140105269789,0.23725251621953566,0.23719902020181316,0.23516699794408974,0.23737652741847295,0.23852731361989926,0.24263542429490828,0.24244160609952442,0.2437157405841587,0.24798965751566793,0.25006959498790726,0.24925940820649353,0.25225183816314256,0.25166662684182006,0.2527137570374253,0.2550229227667969,0.2556513092887686,0.25838802817052126,0.25657020498372524
0.39939631807242737,0.2798443529682516,0.2371210060901275,0.23716861624029398,0.23512874887063712,0.23724651285448006,0.23851385219749766,0.24272682188360725,0.24239767013014732,0.24371197157214353,0.2478616438210837,0.2500195677651978,0.2493203639653888,0.2523131968089062,0.25157215943544514,0.2527352222840145,0.2549069467284034,0.2556588160976301,0.258338731448149,0.25656269050966374
0.3987930118839362,0.2796583387912215,0.2371039247477662,0.2371172579770368,0.23508588397674435,0.23703359281128472,0.23851851171755903,0.24265900791255177,0.2423149213021945,0.2436775992340297,0.24782572125606186,0.24996150134552006,0.24925726416923938,0.25223351047791104,0.2515177572188603,0.2526459899083688,0.25492202819388876,0.2556358356303171,0.2583786719604735,0.25650405580620084
0.3982695753040889,0.27951624606603004,0.23688302682410123,0.2371335784211084,0.235024590111117,0.2370160659381224,0.23852459111806043,0.24263340423728885,0.24222874363703484,0.24372924079442201,0.24774628093812795,0.25000235261250287,0.24927320608781892,0.2522455366700964,0.2514420753972765,0.2527471464300768,0.2549799833629232,0.2555708815247735,0.25836295411445837,0.2564616981800633
0.39789515433598754,0.2793652638191021,0.23669364923064007,0.237015363530916,0.23494598364835315,0.23705245759639224,0.238459624215945,0.24259644873902014,0.24213393808133188,0.24363000210942104,0.2476829943376753,0.249961405857087,0.24924989014113602,0.2522208478163972,0.25132375619557223,0.2527705443121306,0.25499014294771344,0.2555369870357997,0.25825690843773735,0.25654464081538675
0.3972893319592633,0.2790971296124525,0.23664897562309867,0.23701483117927702,0.23483563125214962,0.23702517702900083,0.2384091209161348,0.2424272065144359,0.24215313445547135,0.24356700191369712,0.24761416460352675,0.24986009382289495,0.2492805956764728,0.25234061650323736,0.2513330281940514,0.25272829374185934,0.2549627044933178,0.25552282789858827,0.2582535660758137,0.2566374917444267
0.3968348677524015,0.27889182424559034,0.23657675670478556,0.2370387781455675,0.23477196640621278,0.23698192968202847,0.23841939288798786,0.2425350636756352,0.2420118764584977,0.24363183282104373,0.24769144758330547,0.24987151794509416,0.24931271717896195,0.25236566048118136,0.2512395543208933,0.2526532201947682,0.25495956177206097,0.2554778223815453,0.25830306186940394,0.25665035879820625
0.3962559939152977,0.27869687450129166,0.2364696807990179,0.23689756935592626,0.23470771688645237,0.23697539775630522,0.23833725003812636,0.2423721923010101,0.24198922105865825,0.24354625850632497,0.24761262303359,0.2499294279267835,0.24925935946345232,0.25224282243328505,0.25123379481337416,0.2525818503514724,0.2548857167224363,0.2554470260523858,0.2582735408938872,0.25674078555690394
0.39576526564215636,0.27851787247859233,0.2364252649976872,0.23676267770863835,0.23466125757364403,0.2369542399322317,0.23832641705375807,0.24227707858250483,0.24183022851511005,0.2436734050169821,0.24753978083132164,0.24995793759257978,0.24914083964266348,0.25219105036251965,0.2512494067068143,0.25256293889582515,0.25486032288081134,0.2554907373613263,0.2581586782817919,0.256607588995326
0.39535916679168015,0.27837358140198387,0.23639818517801783,0.23677362449701314,0.23462331342152892,0.2369330639988168,0.23827865100680043,0.24225650361104356,0.24180967277638196,0.24358892851130126,0.24750909324999865,0.24999121586273548,0.24903098988433436,0.25212215639306995,0.25111936548345776,0.2524959932236149,0.254822136836374,0.2554286003564698,0.25823464532652,0.25650172227573487
0.39473645778952204,0.2782624873393228,0.23631800908049688,0.2366510269223634,0.23472442765322948,0.23688312899417766,0.2382499956113835,0.2421593636882845,0.24169242048731648,0.2435445087456541,0.24759068637321377,0.25003605899133485,0.24897098250635397,0.25206757753476183,0.2510642712552016,0.2523895253986789,0.25480004749420265,0.2553421994289909,0.2581953446760675,0.2563766443497966
0.3942280544192438,0.2780481407148346,0.23616257491030584,0.2366114989961582,0.23468899418330164,0.23685937506325694,0.23822504424952348,0.242166789148577,0.24164437511847264,0.24344581215232305,0.2474111140555784,0.24993982852775345,0.2488985127354056,0.2521307713425268,0.25099947841272147,0.25228162059752895,0.25475701552606045,0.2553735621180526,0.2581246105092235,0.25639088196467924
0.3936967406514163,0.2778823191984541,0.23612352314829738,0.23652771985634743,0.23472569954246592,0.23669906743532884,0.2381695964273121,0.24215797007451567,0.24152234973065506,0.2435039789787565,0.2473458484056042,0.2500381633196097,0.24887426128630663,0.2520755080853583,0.25093397608327916,0.25234210277336966,0.25477997484541165,0.2553877515993958,0.2580669410615088,0.256342853017382
0.3932566531164141,0.2776961253451359,0.23601694723969063,0.23647645661830594,0.23464936466184827,0.23661433674675553,0.2381455266235575,0.24212820367176235,0.24149744084558192,0.24342505497970696,0.24736606209143921,0.2500436486174317,0.24883065056280168,0.2519829258580927,0.2508526381407886,0.2523127070805087,0.25483138550909445,0.255465483979741,0.2580208158726579,0.2562774114228495
0.39267977687308536,0.27741615956496585,0.23595950593662718,0.236364333863385,0.23466278564010504,0.23647683195850216,0.2381443984551954,0.24216789078938666,0.24154913882259368,0.2434009029524965,0.24741731906559916,0.25009910102888655,0.24881145006509425,0.2520832793471074,0.25075812019650545,0.25230762742756035,0.2548642937904013,0.25546743738342564,0.2578799226612055,0.2562171998133063
0.3921978313762532,0.27727258017875334,0.23591307148810056,0.23621688126729265,0.23458572733104321,0.2364158318681201,0.23810728527741193,0.24216084650096775,0.24154830943399896,0.24342840855876421,0.24746000536247595,0.2501752092379409,0.24883615689252414,0.252131402785224,0.25071448155135845,0.25220285677940707,0.2549140331954121,0.25547735163863067,0.25793081241271004,0.2562115033891829
0.3917978448444759,0.2771765319919849,0.23573827528052105,0.2360546753177939,0.23459096945831442,0.23634880816653403,0.23810785684574823,0.24220224429092008,0.24162189059708045,0.24347122498303642,0.24743680565603618,0.2502501147755159,0.24883038779111633,0.2521014140265281,0.2506824233829806,0.25218232594310347,0.2548633785371494,0.25546231182615065,0.2578610379246002,0.2561460311277426
0.39139103401690306,0.27697611867930977,0.23570322220097623,0.23589459937310953,0.2345173393152841,0.23624881306274004,0.23814341407157472,0.24222954944877073,0.2415734101409605,0.24347864508276243,0.24743866716860652,0.2501938687266402,0.24878718036091454,0.25204772326659897,0.2506514723329036,0.25219091579964137,0.254742831224298,0.2554293640073361,0.25781161384000995,0.25617053375400045
0.39092402815666677,0.2767049036504802,0.23561106087146702,0.23578412276988792,0.23445938784624448,0.2361688343609271,0.23820578599851822,0.24211241674893275,0.2415439165578212,0.2434560387593299,0.24750864961273564,0.2500430897636881,0.24877100815583109,0.25197576218570505,0.2506418348926813,0.25228518506720704,0.25475110757332387,0.2554294793721407,0.25784649741924787,0.2561883639450169
0.3905394801111217,0.2766263417185633,0.2355761651482275,0.23571921552919173,0.23443042996361171,0.23613002359075286,0.2380944266458065,0.24207730647781384,0.24150143577071165,0.24335937350548875,0.24757919115134555,0.2500269321967576,0.24873770387126018,0.25198385907794413,0.2505964863817678,0.25229852305515305,0.25473848724909215,0.2554134842370162,0.25777034521861303,0.2561464638884941
0.39013095144755827,0.27658158369963126,0.23549461002625724,0.2356811717722461,0.23438825584480946,0.2361356578735829,0.2380854626237208,0.24200343351788556,0.24143443623644012,0.24331285745877815,0.24742160792412274,0.25002122291695295,0.24868044131156317,0.25198928890214395,0.2506172651924947,0.2522834729544531,0.2546611735333121,0.2554710886281793,0.2578152106055123,0.2561592947417054
0.38973123219440714,0.2763764086562988,0.2354576654635162,0.23568503455038822,0.2342550223985306,0.23595138917410372,0.2381232902036733,0.24198582916637537,0.24145436109156743,0.2432975658770304,0.24741268712732725,0.24995063193765907,0.2486948329455929,0.25200154657064056,0.2505043139512167,0.2522573995947336,0.2546002681651199,0.2555061455619171,0.2577825498430118,0.2560404568303563
0.3893525197707709,0.27627034674538287,0.23534944840875374,0.23575808622692426,0.23419815762262275,0.23594719176739326,0.2380558013699456,0.2420392028308804,0.2414919783928396,0.24326538933468483,0.24728619239961425,0.24997151940351747,0.248687722860765,0.2519561005613442,0.2503533435734684,0.2522224154014697,0.2545194647155732,0.25547655086437937,0.2578328646932229,0.25607882536254506
0.38894619179573386,0.2760649912489732,0.23527371296511765,0.23569982172491108,0.2340688626693218,0.23583326923740472,0.23800147328598853,0.24208792572268717,0.24143648348567373,0.24323409818865713,0.24730606501620128,0.2499257627037103,0.24872845406962077,0.25191323362473145,0.25037811405379634,0.25217297365310903,0.2544651594417514,0.2555850164778884,0.2577458986322177,0.2560947746114556
0.3885101454528752,0.2759762673445798,0.23527145169420802,0.23564245110941412,0.23401161995791914,0.23582705367878815,0.23796991472068285,0.24200849201868996,0.2413126324755032,0.24321115216092482,0.2473179603900389,0.2498934302145434,0.24868490516651792,0.251871870470119,0.2503850002034847,0.25215388897286917,0.2545457106561443,0.25556955990593894,0.2577198074733986,0.256143814016882
0.3881623145986683,0.275846831086548,0.2351941748616154,0.23544518913199425,0.23394840556786578,0.23581128046599684,0.23793651696239593,0.24194978679809476,0.24128294492555064,0.24316144100270526,0.24731169339207196,0.24984006123237817,0.2485636344813914,0.251868378737634,0.25038849360737364,0.2520344268892543,0.2545331835602261,0.25557415126541594,0.25778505937910295,0.2561435312920719
0.3877295867559522,0.2757232390416304,0.2351088857199674,0.23538772581246137,0.23387884969779488,0.23579563597689535,0.23791087284294143,0.24193903131242822,0.2411764502789564,0.24309914052642645,0.24727794112064488,0.24984972564476263,0.2486089794966858,0.2519172581926172,0.25042463574079166,0.2519376259845212,0.2546200450741924,0.2555152658356751,0.25772559120882305,0.2561074963161838
0.38743318239079966,0.2755959096569096,0.23509862502875978,0.23537639079623845,0.23383572122816954,0.23581324913437607,0.23793033929344382,0.24184217747312994,0.2412007671574884,0.243067303206884,0.24725790649137297,0.24982826017927054,0.24862701753925523,0.25181754482587787,0.25040663177485695,0.25197441970049533,0.25463041713951984,0.2555254177158668,0.2577558468877903,0.2559646269814664
0.38719096244178286,0.27547397834226456,0.2350249282200433,0.23530141488347128,0.2337413484192356,0.23579456666086826,0.2378976954824077,0.24189597643777055,0.24115598723992238,0.24309646503084134,0.24724746308155107,0.24979767758311439,0.24860244398174547,0.2517516906221415,0.250402408442453,0.2519305469887931,0.2545625805696819,0.25546968533602754,0.2577961639120927,0.25592240087797646
0.3868147386487718,0.2753913477057158,0.23495135300532602,0.23534551449715824,0.233676133901514,0.2357240596448447,0.23796756374788422,0.24182644327053684,0.24109132576313463,0.24300326147476284,0.2473246131081629,0.24975125225548173,0.2485661979327471,0.25174388601593567,0.2503417299632979,0.25186998486338547,0.2545227983816853,0.2555053121293155,0.2577604649031429,0.25591198531889015
0.38637834002059646,0.2752450372571332,0.23497750976851473,0.2353482918679422,0.23365912264570166,0.23568825062018472,0.23790071732147083,0.24181419819227162,0.24108224664284317,0.24304050570272462,0.24726697282971694,0.24966793566083803,0.2485028595900511,0.2516832521555145,0.2503096597080956,0.2518636890257105,0.25456394517606457,0.25554626080350074,0.2578171788627623,0.25589643715191673
0.38611623133261214,0.275149407863871,0.23487917651593068,0.2353020604972008,0.2336248924980417,0.2356284407921504,0.2378192546006716,0.24175489570799877,0.24103717934209387,0.24294365871141846,0.24719882552646913,0.24962896261659256,0.24850973664451043,0.25169525460625153,0.2503028279884468,0.25181245277656805,0.2545705786051873,0.2556078645905017,0.25774400454732,0.25591847233322507
0.3857995020830595,0.2749439822775453,0.23477904008949455,0.23521439829963364,0.23353735218538463,0.2357011211855271,0.23786614477549967,0.24174871750871074,0.24112784397618042,0.24294840058310183,0.24716739798455126,0.24956975557027633,0.2484760454587535,0.25171218670781065,0.25037993676498854,0.2517550592670465,0.25458086766874916,0.2556287042463306,0.2577364823553014,0.2559593535555046
0.38552779423644096,0.2748351308009956,0.23473934894153758,0.23511526673549404,0.23349150204873625,0.23564438995523163,0.23781479554200494,0.24175798513407631,0.2411017068358593,0.24293097955414278,0.24712514796881913,0.24957090915478686,0.24853296680943715,0.2517086979598709,0.25034897225520675,0.25181919347947057,0.2546276546340183,0.2555718213418927,0.25778435722472715,0.2559435764684093
0.3852356426556353,0.2746581677331576,0.23467975176877012,0.2350992298085937,0.233432935900775,0.23561709089388763,0.23768523910760406,0.24179596168016346,0.24118484478916807,0.2429745632932972,0.24712039362288862,0.24959755628277858,0.24841735838145174,0.25167610052945055,0.2503272328561188,0.25186377331920073,0.2546065705379421,0.2555680590795665,0.2577334004298668,0.2558432367889257
0.3848825506134532,0.2745099765791567,0.23458952497861915,0.23509389426764848,0.23343880571781722,0.23568881316490894,0.23767977268265,0.24172469130737748,0.2411353318247314,0.2429837507999935,0.24714300306597742,0.2496022948288658,0.24837901665249124,0.2516638107135858,0.25027582243830004,0.2517840328753372,0.25463675543743,0.25553737431605394,0.2577348727498187,0.25584107454455474
0.384571341999966,0.27445782800121615,0.23445277549968696,0.23501343873620364,0.23336773743904832,0.23563872950885636,0.23758859292767953,0.24165416704106937,0.2411042203004142,0.2429506028759943,0.2471127533106045,0.24966151332087733,0.24835226712309735,0.2516194994164463,0.2501982913275512,0.25168484180955947,0.2545415985005113,0.25557688163763337,0.2576977272643948,0.2558435881749662
0.3842917760803055,0.27433971902865795,0.23434959420932822,0.2349632230897784,0.23325559310433241,0.23559307406276672,0.2376170651222302,0.24154678526112297,0.24117577320886277,0.24296756076579237,0.24706284240914694,0.249624212560069,0.24831607962136365,0.25164825332392826,0.25018306156280823,0.251669915606298,0.2545664249662525,0.25559495950241934,0.25774898256987655,0.255793383186337
0.38389982315921,0.2742724049085227,0.2343035984270009,0.2348668880529935,0.23319427402356097,0.23566427509645999,0.23765698823590847,0.24158085224479517,0.24115425692369058,0.2429023773184178,0.24711239692479164,0.24973865248997293,0.24830358093036564,0.25170388599532545,0.2501517439128049,0.25174270390856707,0.2545628333766092,0.25562930956418684,0.2576899908134411,0.25585160158834536
0.38357662271487347,0.27413966848919924,0.2343111933799232,0.2348780989850141,0.23318316630757085,0.23567369135429106,0.2376551695283312,0.2416007748225436,0.24112074333589487,0.24292680255301657,0.24709807401941758,0.24973208839838376,0.24829549452230332,0.25172627898475064,0.25006745061173896,0.2516882876027066,0.25450360823120094,0.25565400802379723,0.2576680165253949,0.25583748084164504
0.3832436924262779,0.27399638858623643,0.23424393988381617,0.234806822494651,0.23320416495606516,0.23555844641422619,0.23758149054730962,0.2416452015572269,0.24109319615684338,0.2429585101354792,0.2470701650088203,0.24974132670591775,0.24823690936653559,0.2517480952350846,0.25017261589843137,0.2516724701007101,0.25457614019528074,0.2555359403290338,0.2575900458204111,0.2558205869107647
0.382993514005999,0.2739061773554274,0.23430593521751705,0.23478896261849108,0.23323366033818355,0.2354556294794444,0.23758418275035353,0.24155760920469396,0.24103085387833123,0.24295045071579668,0.247053786700215,0.24966855188395612,0.24817282441457844,0.25166122988160466,0.25019777070815274,0.2517386835143557,0.25460665464940707,0.25554250783107646,0.2575346319828845,0.2558525772633108
0.3826647540471292,0.27377016985265173,0.2342635911173747,0.23474794210118818,0.2332018916020166,0.23535380073830084,0.2375154753746747,0.24148709312946037,0.2409928629643675,0.2429604984826153,0.24709920451988457,0.24957313578962514,0.2480362228955169,0.25160486769281876,0.25024110782515147,0.25169930658427536,0.25466743816133125,0.2555553658050411,0.25747328746812076,0.25583710421043704
0.3824336226269638,0.2736470438374349,0.23418038666314991,0.23475900303059383,0.23320291424414186,0.23530746612242015,0.23754155685358216,0.2414359415174148,0.2409112400399854,0.24289882900352625,0.24710004552746276,0.24949608998239622,0.24802549196286497,0.251564261958896,0.25021668746801645,0.2516779350162611,0.25469983387468564,0.25552093283194993,0.2574412258935946,0.25581349261852554
0.3821158991685392,0.2735454908516467,0.23407921696844128,0.23467515441312245,0.2332117726465411,0.23524320389389197,0.237526087659201,0.24139757303438977,0.2409756825250217,0.24294782772379273,0.2471374336657942,0.24943961226455622,0.24800879601345113,0.25155099020746496,0.25024058756486334,0.2515924743145842,0.2546579683119936,0.255533794577694,0.2574730289681587,0.25579607506644125
0.3817403030934045,0.27345983031921073,0.23405363858482398,0.23462977029069415,0.23312966009062547,0.23522195696295878,0.2375043987326549,0.24138634846922094,0.2410062482476707,0.2429332585072414,0.2471051943534039,0.2494724900628037,0.24801331471165938,0.2515529309895299,0.25020305888416183,0.25158281511285524,0.25466477104830243,0.255486891740054,0.25754187288890396,0.2557636539805381
0.38142845185695967,0.27332739897084357,0.23401027190123214,0.2345573807235363,0.23303842532412625,0.2352043114209405,0.23758815871508307,0.2413656120558725,0.2410183692729167,0.24295929232481006,0.24710357334002675,0.2494732719628059,0.24800403037403362,0.25158552079053786,0.2502509279486809,0.2515490246045559,0.2546154516111592,0.2554861581916626,0.2575594928260628,0.25577929160667423
0.3811662587910159,0.273218764159888,0.2338972287644067,0.2345264743774007,0.23303773841207692,0.23519142171272886,0.2375760170498299,0.2414018622246396,0.24105556945199957,0.24298492209335007,0.24709030282680164,0.24943706141668287,0.24802253309422845,0.2515993310669635,0.25021739389195446,0.2515492142642735,0.25455041885509755,0.25542413875058645,0.257582075243746,0.25573792654652383
0.3808759168604077,0.273109824638853,0.23385711753748067,0.23449173930462985,0.2329884402211284,0.23506069403194244,0.23753763387319518,0.2413662709671494,0.2410168749942548,0.24306412127672672,0.24708616145077178,0.2493530303997874,0.24799339739122056,0.2515804323979344,0.250149321332965,0.25160665919909236,0.2545735652790096,0.2554020002615989,0.2575735595589739,0.2556653514911853
0.3805856795362853,0.27299592205413814,0.2338301090142254,0.23441910089441226,0.23293961409757258,0.23507729241032557,0.23749753691038875,0.2412516493549291,0.2409806729689892,0.24303823586874362,0.24710946149828866,0.24934877564811608,0.24803558983291962,0.2515625180460613,0.25012868483052875,0.2516421882355625,0.2545130247131939,0.2554832328756829,0.25753165333803363,0.25563332423873547
0.3804173905862681,0.2728168824483474,0.23375009838942395,0.23442630357136113,0.23275816087370074,0.23504755800472524,0.23746700606147095,0.24123907915421383,0.24098960755987875,0.24301884151746567,0.2470798687659433,0.24932462331749808,0.24797354345251668,0.2515856472353023,0.2500462457907406,0.25163565238062907,0.2544703735571527,0.2554141032527415,0.25751631539679765,0.2555689099876545
0.3801580076715141,0.2728037063060613,0.23375718221085642,0.23441846649165943,0.23273266523153527,0.2350161971822578,0.2374452031942173,0.24126789977450286,0.24098592497162508,0.24303946062913065,0.2470808112353307,0.24937427933106035,0.24801196559585698,0.25150360846943903,0.2500697368881452,0.25163782589643435,0.25447089654881233,0.25536346512700114,0.2575088819263743,0.25559204699846755
0.37986929019781435,0.27269912555449327,0.23376920580899543,0.23440031845813297,0.23277707676228132,0.23493656662368048,0.23730606869286702,0.2412440163645054,0.2410017098906964,0.2430680228214683,0.24711782612726488,0.24949442819043233,0.247991980405058,0.25149501130792157,0.25004989979995756,0.2515766773860598,0.25443502922062095,0.2553527648799135,0.25748209125163024,0.25554706401812965
0.3796646516237263,0.27266376602790077,0.23372905966923355,0.23437675673336644,0.232865551474811,0.2349290928619328,0.23729722967131972,0.24125079077216896,0.2409655773361713,0.24302797105889787,0.2471469645976147,0.24945468741407578,0.24797504935846357,0.25150351751879707,0.2500041048296495,0.2515314841434909,0.2544216633173752,0.2553621064840374,0.2574123331273037,0.255516773818131
0.37940976910851437,0.2726353006241666,0.233659397316028,0.23430569365421408,0.2328448981478797,0.23490551786204864,0.2372838428078522,0.24122851318541752,0.24092175022840792,0.2430252389936691,0.2471667170606089,0.249497515871442,0.24798786456209038,0.25151399326009194,0.24999767593530192,0.25152984434045395,0.2544484584795062,0.2553150235725499,0.2574120225326471,0.25553341050959133
0.3790374555921636,0.2726070332756214,0.23359997117717973,0.23433255530751407,0.2328002596892868,0.23488451218127543,0.23726850036025415,0.24126829588440235,0.24103060268338003,0.24303880326612293,0.24711154082290232,0.249404164141047,0.24803024233361892,0.2514491729181409,0.25005116431639124,0.2514895705883472,0.25440756887811566,0.25527271349332326,0.25736594742676827,0.2555010030806342
0.3788651981445363,0.27254720707370145,0.23354410526617775,0.2343651236520653,0.23276497609239769,0.23493252065146453,0.2372376124683554,0.24129366018901072,0.24104231066688203,0.24310520113001385,0.247106385912912,0.2494068938328124,0.24801520534221158,0.2514177576374324,0.25011592945730976,0.2515058755798762,0.2543992429628438,0.25521587602049134,0.25735725713630175,0.2554829973713977
0.37865371840188655,0.2724852214861987,0.23350051177152806,0.23431751812953078,0.23274303464720866,0.23480115325478917,0.23727623490276478,0.24130433266892642,0.2410335924121177,0.24309715227877782,0.2470766865144885,0.24939391246175008,0.24797175099064972,0.25146655096561066,0.25010581782804253,0.2514975390544506,0.2544544016685625,0.25525253857024655,0.2573468229953211,0.2554396078841682
0.3783454331310457,0.27236432534599037,0.2334309901571289,0.23427384027283624,0.2326965893725867,0.2347798234548094,0.23723852939873324,0.24131415626638716,0.24106483171016996,0.24311713067427076,0.24705087634356246,0.24936729484492515,0.24800426592679364,0.2514222100096836,0.25013588174492335,0.25147364096903146,0.25452694407879983,0.2552072387177125,0.25740516768167615,0.25541634819622566
0.37813218798506465,0.27229146592043285,0.2334352943815623,0.23418665536014419,0.2326770190036333,0.23473044275281885,0.23719546445955253,0.2413499380573782,0.24104309511785532,0.2430631397792767,0.24704071211042447,0.24939204500381912,0.24796776798525114,0.25136342281932245,0.2501879818299687,0.2515316258354199,0.2544686426481377,0.2552092177473643,0.25735897095834587,0.25533969638341836
0.37782312238892546,0.27213440386680254,0.23336463803180468,0.23417669146023584,0.23269950794582814,0.2346871148174462,0.23714989287079058,0.24124572108149656,0.24108434074286555,0.2430059690439913,0.24711094697076327,0.2493209576688792,0.24801628730643271,0.25135022724568434,0.25018747611181696,0.2515015853773474,0.25450874705944254,0.255223002923696,0.2573044623991017,0.25531767491541885
0.37759548647354363,0.27200981193017343,0.23327769362582168,0.23414521025546686,0.2327310722636422,0.23469205248897282,0.23706789452736396,0.24115190118082558,0.24105919215628713,0.24296319358951063,0.24706508134860844,0.24927230592379707,0.24807132873222015,0.2513496747979267,0.2501730171642385,0.25152997098622404,0.25444434766134044,0.2552223313194192,0.25730323554128953,0.2553345197854024
0.3773768269798842,0.27203525202050205,0.2331519121769512,0.2341295194428724,0.23271774856226216,0.2346791945507652,0.23705980957194014,0.24119940938061935,0.24106626227834194,0.24291538053141387,0.24710061609394404,0.24924909152942085,0.2480460303190108,0.2513004694038633,0.2501834380048613,0.25150457092152356,0.254514162716068,0.2551708821085066,0.25727333952238224,0.2553647212863734
0.3770873272626738,0.2719805553507828,0.2331447884499043,0.2341032395127204,0.23269647761071888,0.23473024969103135,0.23706612243038644,0.2411848415807275,0.24101950820965157,0.24284074077648243,0.24703523369619307,0.2492204116755269,0.247999893359847,0.2513605703201053,0.2501096469318077,0.25154427659101375,0.254552454236315,0.25521207468637214,0.2572134219955617,0.2552931214847858
0.376946031868166,0.2719187856424154,0.23312698593231884,0.23417708093821288,0.2326837069796727,0.2346687212677665,0.23710000923273225,0.2411885808115132,0.24097818658753065,0.2428261376709981,0.24702655841170532,0.24924349155979483,0.2480467154666266,0.25135818682128386,0.2501672446360954,0.25155685339125605,0.25451220586808737,0.25518561903787745,0.2570983828507586,0.2553120646274316
0.37669176136773996,0.27182564954779354,0.23302842265304333,0.23410446765560355,0.23265902610154157,0.2346482786831918,0.23700623646234936,0.24116009059364152,0.24099795219011302,0.24283960462005955,0.247076591239129,0.24919919338006344,0.24810318160821968,0.25133763479309373,0.25011595207049203,0.2515029204387601,0.25449834535603943,0.25516196249860007,0.2570406322924315,0.25525399791824993
0.3764922545215858,0.27171843202232127,0.23300335675849806,0.23406613350352934,0.23263556641993055,0.2346190448967704,0.23696708929782992,0.24110194542773655,0.24101684213454694,0.24285313842829503,0.2470720512989001,0.2491461437276916,0.24806429520848003,0.2513555163762869,0.2501408006782383,0.2515123341818041,0.25444444462104926,0.2552151829807917,0.2570426720235761,0.25525344338285416
0.37627615485294374,0.27167646277693785,0.23296188324462472,0.2340320738786713,0.23250986567670498,0.23466922942375903,0.23692228717404484,0.24107444001176975,0.24102562145264328,0.2427638562629088,0.24711164636575425,0.2491621568048738,0.2481599358402214,0.2513178478886813,0.2501373088805687,0.25145477259190646,0.2544092641058783,0.2552364151780747,0.25716638502375233,0.25521046501073674
0.3760536451311163,0.27159654398312094,0.2329602722231337,0.23396745580253564,0.2325326254746924,0.23461545971262177,0.23689840499780693,0.2410842145648024,0.24103577416728883,0.24269058682826056,0.24710598205235035,0.24916835759820782,0.2481415605001855,0.2512978157704079,0.2500988321580675,0.2513803652771896,0.25440080865129655,0.2552406654862717,0.25711728205005246,0.2551965651889053
0.3759555141070102,0.2715149240999536,0.23292927914574776,0.23401051713708212,0.23258315291975032,0.234629491671772,0.23682945875474132,0.24107589100920898,0.24103982467659713,0.2426472050783598,0.24712793974471384,0.24914091748725242,0.24813739647046068,0.25132256059200575,0.2501144422752502,0.2513859230039507,0.2544114568804509,0.2551980334512452,0.25711116426463587,0.25511359778768755
0.3757891220029739,0.27143171638405234,0.23288384356354278,0.23387499342365584,0.2325746646518196,0.2346223255032235,0.23679023373492958,0.24106934227135246,0.24101967398351637,0.24261468222823268,0.24718231306789812,0.24911391366364588,0.2481107181510006,0.2513034861563095,0.25003290221650204,0.2513115513687873,0.2543622077335158,0.2552174668275294,0.2570919460842401,0.25506799658907414
0.3755651872410334,0.27131140890878297,0.2328566594087367,0.23381752294899422,0.23263400653405986,0.23469947573644345,0.2367438812494081,0.2410865783675808,0.24090555728587495,0.24254612437399037,0.24718814010714774,0.24912739238961612,0.24809319545329156,0.25129878648712783,0.2500012844826197,0.25136068607677176,0.25430780445944895,0.2552174692877446,0.2571206876911023,0.25513934069925537
0.3753578755100549,0.271231954398563,0.2328147266172824,0.2337963202621601,0.232600187530903,0.2346859330195903,0.2367022521126962,0.24112519008906885,0.24089347316842574,0.24259375978652245,0.24715700509020894,0.24911059093278964,0.24815266617461007,0.2513363787395007,0.25001730877631106,0.2513719804646902,0.254370943283821,0.25522002273517513,0.25712287474877477,0.25513459685447226
0.3751363760221333,0.2711390305090617,0.23275371607017004,0.23370204325111485,0.23258929610326123,0.23463300651998337,0.2366788357786566,0.2411420286890206,0.24090302366489588,0.24256328208476619,0.2471335525830575,0.24912789279712422,0.2481490414243509,0.251324662479847,0.24999536787785465,0.2513792497572194,0.25434249540354115,0.2552124604520008,0.2570954954061962,0.25514715835577406
0.3749743151166922,0.27103926550246094,0.2327321058647101,0.23362176481767022,0.2326025367909177,0.2345788643223447,0.236656258289843,0.24114851332751092,0.24093589199682736,0.24257218735372932,0.24713221258154605,0.2491757193330251,0.24807423285327634,0.2513987518112297,0.25002769455524043,0.2513860339688117,0.2543392135302318,0.2551817150756774,0.25713999945832544,0.2551977107322282
0.3747820131050445,0.2709736586617431,0.23269765126839698,0.23357615015909058,0.2325807198666332,0.23453620717719192,0.23667428886389108,0.2411441308608747,0.24093667294469995,0.24253901541929415,0.24713260808624787,0.24919199250248242,0.2481097578473691,0.251334063191255,0.25000102192583323,0.25133540961960676,0.25435754239013497,0.2551088580092473,0.25715776226964315,0.25521622316813325
0.3746303787352028,0.270932215987019,0.23266233482515658,0.23358127514775015,0.23258997641409127,0.23455287646493567,0.23660975824617586,0.24111848908708475,0.24094501323799067,0.24256908112546013,0.24715420641804683,0.24924989981721032,0.2480189889548125,0.2513392761826516,0.25003091881110173,0.2512844526045825,0.25433698329505927,0.25510739847552855,0.2570995587026337,0.25525627710664317
0.37446113206366016,0.27091600462314147,0.2326208907097666,0.23350804447431808,0.23258153226926473,0.23458395137739307,0.23667234321938518,0.24112981950665707,0.2409191869640488,0.24257142681358623,0.24714312250659115,0.24923202317142634,0.24801239616267362,0.2512636565363998,0.2500103295026009,0.25126856471851755,0.25433624115911974,0.25506120888257916,0.2570874108340699,0.2552488219862802
0.3743690902459614,0.27077938915532473,0.23258435690528662,0.23348834185655382,0.23258762630835364,0.23458095089231878,0.23668393091189735,0.24111988219446062,0.24090599788017608,0.24261031550384368,0.24711826725228347,0.24916560821570324,0.24796263606675734,0.25131206660455324,0.25000237759916355,0.2513571417967983,0.25427242137243705,0.25509851396049094,0.2571689552441859,0.25523575706246765
0.37415530022440124,0.2706493004733444,0.2325745141984455,0.23350294515341735,0.23252018467260463,0.23460783591997225,0.23663911642336566,0.2410983552838566,0.24087814175656158,0.2425567396018485,0.24710541569077285,0.24918175864733333,0.2478786647379839,0.25124451527313896,0.24998707365137207,0.25129198788582974,0.25421575694372145,0.2551662168926477,0.25722887018574314,0.2551747540702385
0.3740271294332194,0.2705781229623277,0.23257829481451545,0.23348993928090445,0.2325116873427775,0.2345656928117805,0.2365880451554451,0.24109583262539136,0.24082264194165515,0.24260696428544093,0.24705466679807103,0.24917873038408442,0.24783616940184738,0.2512562139880494,0.25000706845694687,0.25133835647887637,0.2542794643313516,0.25517960352518054,0.25719237999634303,0.25519811774041534
0.37392685158574074,0.2705409853448367,0.23252462082757439,0.23347626632178564,0.23255836937463079,0.23448250178346897,0.23655789878973602,0.24117153902246546,0.2408483073912942,0.2426214725400329,0.24701872717898413,0.24915141753760323,0.24783107495511453,0.2512942314857163,0.250020309894885,0.2512645139600658,0.2543066049558455,0.25524004933089856,0.2572048876429724,0.25523795807544597
0.3737769971397858,0.2704178673542428,0.23250951987483798,0.23349134190322524,0.2324823351672984,0.23445728168820196,0.23654612492506877,0.2411593864364468,0.24080179326466963,0.2426424221534672,0.24698041373194457,0.2490522751703672,0.24785378706309732,0.2511732996725671,0.25000648408614545,0.25125370422353405,0.25431274101986107,0.2552356913275711,0.2571716242613384,0.25527441855731065
0.3735393738388033,0.27038548453468975,0.23246424897432627,0.2335026135218659,0.2324484192941507,0.23442169276737035,0.23649404117912248,0.24111415099890737,0.24086294709189623,0.24257821634760218,0.24692303850159253,0.24908142886560672,0.24781463370160078,0.2511236858221019,0.24997682273980773,0.2512284885036727,0.254336885180502,0.2552678363474947,0.2571678678333423,0.2553303161854781
0.3733759341469868,0.2704053575119095,0.23239766472563209,0.23349610097461324,0.23242692269398493,0.23443936748200805,0.23652312702982148,0.2411066517587809,0.2408516438674888,0.2425573389210638,0.2469435799027172,0.24907963277212095,0.2478111278086014,0.25117286372617104,0.2500471091521707,0.25126948904215984,0.2543717230129866,0.25530065108885336,0.25717853525300094,0.25532496779885233
0.3732111438530692,0.2703662881095541,0.23237423003734647,0.2334669313958295,0.23243434637532434,0.23450189209331582,0.23648445443547675,0.24109373503724782,0.24082722433899356,0.24256551331718249,0.24700435473508692,0.24903813784300913,0.2477953707254531,0.25114788859142295,0.25000335850411604,0.25128779610374763,0.2543211494782343,0.2552880341222842,0.2570912760912877,0.255322850544929
0.37308502932133614,0.2702808207228104,0.2323417619488462,0.23340454367990776,0.23243506983625822,0.234500284683997,0.23646816010453647,0.24111684877158548,0.2407948893319666,0.2425408059711827,0.2469990564307308,0.24902656017061844,0.24777845471125215,0.2511745446323681,0.24999987398705276,0.25124600778063294,0.2542918752119146,0.25527083562778813,0.25710130054349606,0.2553114464785842
0.372939929387079,0.2702121974653659,0.23236223150632088,0.23341219375239644,0.23235845044140216,0.2344581653751066,0.2364724368467594,0.2410398867122656,0.24080461673772824,0.24250578307349638,0.24703402075570569,0.24905006503833638,0.24777992953952244,0.25111176042822214,0.2500148554411848,0.2512610236448606,0.2543230380332502,0.255242725353045,0.25715841374373005,0.2552408341928757
0.372816311631814,0.27017195381432346,0.23240082686831778,0.23343733505687775,0.2323351565928088,0.2344508559750016,0.23647087682140241,0.24108149538902385,0.24079403969105342,0.24245886865248917,0.2469950034002742,0.24900328407310934,0.24775381907769564,0.2511874483628555,0.24996862341641551,0.2512455195124189,0.2542822386229429,0.2552062114076575,0.2571055963923181,0.25524107258619366
0.372653911308942,0.27008201274539057,0.2323589906462884,0.23340189427392333,0.23231212021699568,0.23442019675307338,0.23645892739970514,0.24108783923476207,0.24076719293989096,0.24243356904445854,0.24698644964172173,0.24894878590065528,0.24771348666875156,0.25117738982779875,0.2499553136447389,0.25127123377629235,0.25427817305948036,0.255157734993633,0.2570508984386412,0.25524330932147465
0.3725410535177321,0.27006290962871565,0.2323356321400036,0.23341897531014452,0.23227535416410788,0.23445102792950256,0.23643930114137718,0.2410863729289465,0.24077042228683632,0.24246483837311145,0.24701691989868793,0.24898101087620997,0.2477163060371675,0.2511939603901876,0.2500090416617333,0.2512511959343153,0.25428180929029365,0.255146002875071,0.2569948392079407,0.2552148414012951
0.37237943742203194,0.2699787862006696,0.23231204255818197,0.23341187612214523,0.23232175501442154,0.23444744760140362,0.23642513095013085,0.24103323636157906,0.24072108606283193,0.2424368228266379,0.24709030865888051,0.24897251672615733,0.2476658641607834,0.25117104670102436,0.2500325510986657,0.25120456903235633,0.25430224836967363,0.255090698532656,0.2570244305833671,0.2551806395767233
0.372194821153666,0.2698805160082164,0.2322861458225818,0.2333832743828594,0.23225241258918372,0.23443875803237416,0.2364368307744176,0.2410146704617226,0.2406660955895777,0.24240718582488968,0.24709513299571662,0.2489730609780953,0.24762286503928155,0.2511423099417225,0.2500499544213594,0.2511727501667726,0.25429617443330416,0.2550162750426816,0.2570072599841557,0.2551518997122989
0.3721012011147083,0.26981604935045783,0.23226642550443555,0.2333442730341036,0.23223007104423404,0.23438930013721376,0.23644615833341354,0.24102390687217579,0.24064503125856104,0.24245184920200233,0.24709362489364758,0.24900489977854376,0.24761650462237567,0.25110571665792236,0.25009952188615664,0.2511816622683103,0.25428814260927035,0.2550006048893812,0.2570375014063257,0.2551740605134158
0.371916847700091,0.26980861130665607,0.23225666573033396,0.2333402656096409,0.23224704095152177,0.23438452798091072,0.23654008827978265,0.24102322093557826,0.2406485176025212,0.24247639634602852,0.24710394589410267,0.24900475506127978,0.2476429407628286,0.25104971198896886,0.25000163644733125,0.25121901977284933,0.25426719764513783,0.2549927632869495,0.2570344561302177,0.25514002546263387
0.3717460390255727,0.26981245766104955,0.2323140071826714,0.2333381973338552,0.23224420569238435,0.2343475182343056,0.23649990523320483,0.24105714107592385,0.240639331284714,0.24243783937394298,0.24706127585725113,0.2489488053383665,0.24769165958449568,0.25105334444544153,0.24991593456199385,0.2512224379483742,0.25424901865785265,0.2549550793587089,0.25706893073939596,0.2551128150315532
0.37161226894579213,0.26973404988939076,0.23221624891744563,0.23334464936182409,0.23228943382057865,0.23435768079534414,0.236449988877026,0.24102334129267663,0.2406211645678198,0.24247347025871757,0.24703977666801247,0.24889609220285955,0.24770497893251076,0.25109869451822725,0.24985803599181314,0.2512459487219393,0.2542416493076768,0.2549738243589214,0.2571594164758526,0.2551605796645524
0.3714925828266834,0.2696408135161069,0.23217010749426742,0.2333153374421984,0.23228402394803524,0.23430372125591872,0.23645847339574189,0.24100459024942048,0.24064667344098228,0.2424911970154118,0.24703961087560425,0.24888975364849397,0.24764492820570413,0.2510909498061651,0.2498175355308181,0.2511856615715984,0.25419579749066235,0.25502423289326287,0.2571408127020167,0.25516718756800794
0.37131343669729266,0.26956440188464786,0.23216665115812773,0.23336029220090948,0.2322624231090059,0.23432937309516366,0.2364464455483498,0.2410108082137426,0.24065874997461237,0.24242779546714216,0.24699559603375343,0.24887418309215184,0.24761829060198007,0.25114198878895055,0.24980659091200236,0.25121543682077857,0.25430624534500174,0.2549889069001307,0.2570912430822713,0.2551965395826804
0.37122462683580926,0.2694309647993632,0.2321081800458013,0.23331469302419552,0.23223973507519058,0.234321674581774,0.23645006177838435,0.2409623041423207,0.24064630907126175,0.24248703389822096,0.24699857294202815,0.24886688211609237,0.24763637447499098,0.2511304013070592,0.2498282903668134,0.2511318319163869,0.25426312879409646,0.2549915515673048,0.2570530161822239,0.25515741286596705
0.37110351759144555,0.2693362539392789,0.23207567879843655,0.2333415892254866,0.23222001245948448,0.2342380188601356,0.23644021085233444,0.24091495909705535,0.24061960354151776,0.24256694759276087,0.2469558153975561,0.2488718487463391,0.24759525136841637,0.251105650414285,0.2498182535665075,0.2511403369385229,0.25423465636523424,0.2550425863743322,0.2570168948270432,0.25514860627720054
0.37092650728476206,0.26928936101610945,0.23205037314834842,0.23329225627893665,0.2321557162373063,0.234215058634482,0.2364007247498091,0.24085793499851982,0.24059293984404756,0.24253579347623094,0.2469774878173784,0.2488625622181598,0.2475666971597062,0.2511471417225601,0.24985335120955265,0.2512043054979638,0.2543201896650276,0.25508590683814825,0.2569162245501782,0.2551657387216032
0.3708449675942529,0.2692199307891724,0.23201517791791967,0.23323716220294544,0.23209592318718783,0.23424462213733446,0.2363651736827901,0.24083364551627998,0.24055390407335714,0.24250774043943427,0.24695921130880735,0.24887439714112147,0.2475456166679309,0.25113571330539947,0.2498583193324697,0.25118453627826387,0.2543297417694858,0.25509536332243177,0.25689822166810455,0.25520516251079817
0.3707292078006005,0.26917722564987784,0.2319978483228644,0.23323657457415797,0.23202781468812783,0.23426351539582685,0.2363353269506846,0.24078484790291022,0.24057144068751912,0.24249558184538034,0.2469906038150908,0.2488860113333081,0.24758277392466482,0.25114568774883633,0.24985903497378345,0.2511640837100899,0.25428581969064756,0.25507054133467283,0.25686580974087275,0.2551865484146149
0.3706343934356047,0.2691375337053045,0.23197157191184023,0.23320172048754717,0.23197937585158418,0.23423435670921572,0.23630270985494398,0.24073554983652,0.2405597782818661,0.2425159184169694,0.24696126598287277,0.24887341766459156,0.24760020735124222,0.251130188903227,0.249948488402127,0.2511286146729617,0.25423325351542864,0.2550508775471021,0.2569350298746432,0.25520653086283573
0.37056436331763565,0.26912707412991316,0.23195377063436498,0.23317950914608876,0.23194319267650093,0.23419838758374845,0.23628101043908148,0.24072100137376853,0.24050496319406683,0.24246254122077587,0.24693550807559572,0.2488314124000978,0.24758546856816402,0.2510720529172106,0.2499360484218515,0.2510940884448091,0.2542644933239047,0.2550328633874644,0.2569475434256515,0.2552010482063625
0.370447586119101,0.2690650391579815,0.23192294275774003,0.23315696430337715,0.2319146535413467,0.23412007482445715,0.23627388029212268,0.24072410451254778,0.24046494655179543,0.24249255337848397,0.24694220665836555,0.24883374865902258,0.24757526779211675,0.25108384881558854,0.24992559775013404,0.25106792851386084,0.2542475833483276,0.2550053014304148,0.2569373622385714,0.25520928854706487
0.3703011242579347,0.26903274536001814,0.23187494123630098,0.23310873195881088,0.23191161432179688,0.23412556645219734,0.23629334647017738,0.24072917999518864,0.24045711712589685,0.24248271962071352,0.2468942411156191,0.24884726350866126,0.24756941188414955,0.25105476169530594,0.24989080456469284,0.2510406789033518,0.2542325475286777,0.25497854735054765,0.25696913006004235,0.25516092240749627
0.3701968819210952,0.2690010913595799,0.2318586990749256,0.23312580254502294,0.23190144718225258,0.2341306597793437,0.23629412863479055,0.24072308390888317,0.24040564508645834,0.24245993085095088,0.24688752428317015,0.24882828065911014,0.24755784537982817,0.25105959036382386,0.24989536491222689,0.25105753535784703,0.2541997322968972,0.2550278156275611,0.2569660964066382,0.2551814574911347
0.3700514204565126,0.26897032499256435,0.23182648058085994,0.23309591913999145,0.23194351671759522,0.23407015426657046,0.23626187687824965,0.24077148922012367,0.24044728643340746,0.2424868892377644,0.24691317385964803,0.2487889669583877,0.24758467397609576,0.2510442574772569,0.24989473428505965,0.2510856557697359,0.254188935619341,0.2549887234821225,0.25697838840917553,0.25512963012224
0.36997679994487753,0.2689342216406334,0.231825756683009,0.23301794361862363,0.23194812108305018,0.23405172031936194,0.23626335300356574,0.24075582100618043,0.24042236383640067,0.24250401228081678,0.24694179023892998,0.24878891695574143,0.24757458126619508,0.25099662949001444,0.24986058307307918,0.25110368642240166,0.25420536049425185,0.2549643114979621,0.25699242294598207,0.2550964009637397
0.3698199738070506,0.26885401484504995,0.231812685616196,0.23296873783490998,0.2319574373787458,0.23401458660475655,0.23625438119990522,0.24072386119592828,0.24040407589395213,0.24252071942343317,0.24695529020558712,0.24884340145804504,0.24756841807426147,0.25096735349878047,0.24984493345998005,0.25109567670841304,0.2541986022055059,0.25495923079940014,0.25699691319340834,0.25507152073927464
0.36969507802543955,0.2687902812715711,0.23173469989473977,0.23296107686026568,0.23193113124585527,0.23406431622383225,0.23626316040551731,0.24069725747373674,0.24033700499279811,0.24256181190043577,0.2469162612541705,0.2487801005841771,0.24751595782875666,0.2509481904554432,0.24985962315541824,0.25100393824713957,0.2542188680900653,0.25499851853331224,0.25705839018740984,0.2550198077455468
0.3695889312938608,0.2687799145601122,0.23176365743446065,0.2329746047131468,0.23195077796889452,0.23403310773580047,0.2362637682937498,0.2407108859432048,0.24043253889058383,0.24251687727289184,0.24692421073766818,0.24873232197459696,0.24756186063791674,0.2509590089642081,0.2498640309978805,0.25096913889087935,0.2542175077520134,0.25502218710820185,0.25703050493217017,0.25499377884426594
0.36950136530155697,0.26870920291527867,0.2317149752801269,0.2329515248450125,0.2319363869937507,0.2340312843425879,0.23623139280108682,0.24074614629971103,0.24039289001779812,0.24245961757279452,0.24685634700547213,0.24874115068679437,0.24758971700208804,0.25096533945281263,0.24987023461911032,0.2509565549764573,0.2541799169697864,0.2550625746541205,0.25693595427288646,0.2549460558508884
0.36934455884564316,0.2686780573787992,0.23173329424089517,0.23295404329000918,0.23193829559044993,0.2339942370788427,0.23620150092787986,0.24079302851423942,0.2403746664273942,0.2424816202425608,0.2468708604104301,0.2487069476034495,0.2475048872547819,0.2509668416688481,0.24984773123645268,0.25090468823239104,0.2541976502592948,0.25505881494614435,0.25694614957373596,0.254940823907864
0.36924054357005054,0.26865345966195414,0.2316693814764515,0.23296498435893198,0.2319293840572269,0.23400243524627296,0.23616344014047708,0.24084957822317357,0.24033045935414576,0.24248979620923541,0.2468657211497785,0.24869978281899807,0.2474971881616876,0.25098326788469905,0.2498693227283878,0.25089288516866926,0.2542243300555861,0.25506446445016795,0.25691839689043855,0.2549459769370536
0.36919771374093124,0.2686163838455696,0.23159886514073788,0.23291073661223044,0.23193910870524467,0.23398038033530852,0.23621434934465668,0.2409091739665506,0.24035254632263062,0.24247565844628258,0.24684921537383872,0.2487176370625693,0.2475002653048562,0.25097367931932985,0.24985595460558835,0.25090542088362,0.25426917692163403,0.25506622513972976,0.2568485620985542,0.25489640217092435
0.36906548896919605,0.2685927008252771,0.23157877032533106,0.23291614093246626,0.23192970561236687,0.23395407620629005,0.23623020797532218,0.24095557353176947,0.24035446919996292,0.24247855518849995,0.24688442030373003,0.24871915370884085,0.24748536292079984,0.2509653462380041,0.24983632070240347,0.25087949651666885,0.25422696315718746,0.2550489839206601,0.25676177744571926,0.2550113854820795
0.368862760675421,0.26856991000456226,0.23151860140255742,0.23290447438485834,0.23195726093654917,0.23397028517716792,0.23625805278869755,0.24091819817664462,0.24033643584162284,0.24248299462315182,0.2468131045018264,0.24871394280321435,0.24747529877413257,0.25091929985531736,0.2497997014685696,0.25087715116706244,0.254230627510391,0.25510030354198776,0.2567044702117702,0.25500948173377896
0.36881058412596524,0.26854230766798726,0.2314768275085602,0.2328614775766849,0.23195842692465898,0.233913602883277,0.23627594927956583,0.24091890496578391,0.24030804657476865,0.24244593697679437,0.24682313369486894,0.24875393880274932,0.2475074239105692,0.25088772690984157,0.24970335546817268,0.2508363628848552,0.25422107590284104,0.2550811427890241,0.2567564705158398,0.25503235233285354
0.3687650234664854,0.2685424987158075,0.23143957302184645,0.23280984839195693,0.23197709518533952,0.2339036788655071,0.2362104783825239,0.2409072002584061,0.24027512090216255,0.2424680794291659,0.24681535644906538,0.24876014577545194,0.24749387069648793,0.250900611763766,0.24972866716842335,0.250819498041792,0.25420052945478255,0.25513078079891877,0.25667658925093595,0.2550318563947153
0.3686281583693437,0.26852554542354473,0.23143575615737846,0.23277214314399028,0.23196789905192164,0.23389776286131173,0.2362293776433271,0.24087986834490832,0.24023445804510038,0.24240681761111882,0.24676417731716369,0.2487378044945773,0.2474247879451318,0.25087293165036156,0.24975993683545064,0.25082994584603546,0.2541673595306048,0.25511506608105566,0.2566799339647272,0.25504945607996565
0.36846169113403837,0.26847730747485,0.23141298242015323,0.2327214721760247,0.23196925493386228,0.23392550284606808,0.23620756916717714,0.24082130246173838,0.24019665534558932,0.24245522684368775,0.24674268002123387,0.24875924106545513,0.24737859107893567,0.2508506177174191,0.24976009390204143,0.2508785205951179,0.2541546787708105,0.2551077876316087,0.2566085860220482,0.2549759903300913
0.3682946104117963,0.26842866572202234,0.23143268107499565,0.23270111604429045,0.23193864951581067,0.23390984475870738,0.23622547596257387,0.24082056352295245,0.2402047119929375,0.2424564732237501,0.24675449325209897,0.24878965029549727,0.24729972765905997,0.2508191657945667,0.24971270546176377,0.250901614497178,0.2541224570700946,0.2551113749756074,0.25659389889427825,0.2550254559577999
0.3682313329429445,0.2683815676961236,0.23145392889860372,0.2327203687795401,0.23191593343416034,0.23391464179928123,0.23622514466657482,0.2408058385917416,0.2401912846621799,0.24240370410373546,0.2467397308516331,0.248822716239118,0.24726700934090393,0.2507610398027703,0.24973013629695942,0.2508910542656299,0.25406661602096914,0.25509245896158095,0.2566032456455394,0.2549726524718464
0.36810125792427933,0.268375384713025,0.23145102755725389,0.23268863858991204,0.2318614832963669,0.2338665173356358,0.23622381423047153,0.24085579380783073,0.24013260736520142,0.2424089313457056,0.24668890704227886,0.24883977883487335,0.24722529067016832,0.2507645758576565,0.2497722509435229,0.2509031351384594,0.25406196818446647,0.25509140431142624,0.2566179662808699,0.2549640982670874
0.3680016477984216,0.2683701357766438,0.23139596286431052,0.2326485360762186,0.23188950597929914,0.233823374021932,0.236265909189285,0.24086470738604687,0.24008951164612866,0.2423953270771443,0.24669302027495146,0.24885406762078985,0.24725208573186858,0.25072687521828085,0.24975269979670722,0.2509588803365601,0.2540618890434141,0.25509926234818614,0.2565941564479181,0.2549356772578472
0.3679108170835703,0.2683229332697956,0.23137786092223306,0.23261873986746182,0.23183976212359858,0.23375441721851692,0.23626559884497844,0.24087069932217792,0.24007490897161854,0.24240217417448404,0.24665902503795228,0.2488537257217018,0.24719144941279536,0.2506820071306169,0.24971470180350547,0.2510584723141044,0.2540613118580257,0.25509484765064583,0.2565397036083225,0.2548711922737692
0.3678108089450789,0.2683225747801834,0.2313955800938184,0.23263778585185857,0.23177360406283065,0.23374434642635505,0.23626701120136157,0.24084788616818573,0.24006290382145645,0.24235466359714683,0.24661770812837278,0.24881618188894306,0.24715518280803572,0.2507053805394474,0.24973005692514552,0.25106569752546354,0.2541286019693263,0.25511049968897076,0.2565239211741183,0.2548409376124263
0.3676929098611177,0.2682708232652199,0.23141108088580128,0.23261025922549222,0.2317652610353387,0.23369845807293918,0.2362470359005969,0.2408629416961624,0.24007710582159583,0.242395846092397,0.24658453044885717,0.24874589732517266,0.24711949774094003,0.25065688474121245,0.24973178064508433,0.2509943886189819,0.25407032021168074,0.2550871773161237,0.2565717752306079,0.25483952240655516
0.3675824393293702,0.2682396633393684,0.23137087353166996,0.23260741613639108,0.2317502444626893,0.23368797169378028,0.23622365424651315,0.24085574498058646,0.24012406692782073,0.24236243201250038,0.24658997853296155,0.24876982882679888,0.24708966228989873,0.2506596483386153,0.24973189584425534,0.2509390664107603,0.2540721162510196,0.25511901784608454,0.25655449880566156,0.2548385044243029
0.3675181908591952,0.26822963115531223,0.2313332231520224,0.2325622586806054,0.23172202184290733,0.23367994691937177,0.23625915371978765,0.24080341306491654,0.24005533329048234,0.24230663421100673,0.24659024431989068,0.24878030849894855,0.24711181305603344,0.25064796523893007,0.2497360607018308,0.25088620885265595,0.25407909296520426,0.2551511994905469,0.2565315629883656,0.2547975176393707
0.36739828691375187,0.268205597636458,0.231268653116344,0.23255875908635587,0.2317024978893592,0.23366998801468436,0.23625655466359663,0.24079252148882577,0.24002572537345895,0.2422980900092282,0.24659657242616048,0.24878122931657815,0.2470453842222647,0.25062600477440816,0.24969099432915076,0.25087856387885266,0.25409851640875436,0.2551573345785889,0.2565546083109429,0.25475644565983685
0.36730323498002765,0.2681576730367615,0.23121299390057842,0.23256696271814317,0.23166290467151027,0.23366190600541956,0.23627100753079672,0.24080041878161806,0.24000697198259635,0.24226438883866525,0.24653140487372455,0.2487245169002545,0.2470189819007277,0.2506455196216444,0.2496872843826983,0.25087474960769807,0.2540922835047045,0.2551260084821619,0.2565443131900618,0.25474084664736757
0.3671819973079032,0.26807897108314477,0.23118342807903458,0.23254929147989073,0.23168154140460642,0.23364398838141265,0.23620172162060754,0.24076539488087112,0.23999709786075313,0.24222871624730588,0.24651693935380048,0.24867252960364333,0.24704462252430423,0.250624611940502,0.24968348541472243,0.25085307453228306,0.2540947425786937,0.2551036609293704,0.256519702279307,0.25473949973639154
0.3670114300780862,0.2679983942292884,0.23110350283292894,0.23253681587757552,0.2316309151928707,0.23365175503489677,0.23617057820257475,0.24076520564954582,0.23998772987181693,0.24222805283851678,0.246504985374484,0.24862593205980038,0.24703277225209763,0.25064113821222495,0.24968539906142484,0.2508345346038275,0.25410700540466424,0.25508424755942194,0.2565128821909848,0.2547698341862881
0.3669090285430999,0.2679644784417693,0.23116111676429216,0.23252579718040026,0.23160708252195333,0.23364054402165696,0.23617146015820656,0.24075280174238836,0.23995011837760927,0.24223222727896085,0.2464951054122514,0.24861216794035101,0.2470610452167313,0.25065359158554,0.24964350726651932,0.25082973152885224,0.2541243277927173,0.2551216782317707,0.2564971874696159,0.2547524936487282
0.36685046332716886,0.26787647707912987,0.23114854706472873,0.23252951248696932,0.23160144693117007,0.233625047402452,0.23610640407097605,0.2408158588263178,0.23994884523940077,0.24227451917038256,0.24644822716194142,0.24861312735963725,0.2470207041289408,0.250663700377314,0.24962121679615426,0.2508250161579091,0.2541240804898325,0.25515265507379437,0.2565307239971724,0.2547707454001767
0.36679511574435786,0.26781072612479806,0.2311620946492395,0.23249334886321565,0.23162600433633235,0.2335966398407921,0.23614897568832197,0.24081499037291948,0.23999919666826847,0.24228010418104767,0.24641947009794943,0.24859825867026253,0.24698907277827875,0.25062456480475953,0.24964286536577324,0.25081021333426223,0.25414692771399655,0.2551378598142949,0.25657788527046405,0.25474737432412753
0.3667118251849987,0.2678005158466022,0.2311197199223403,0.2324626467791724,0.23155084699586345,0.23354473954744992,0.2361985868647055,0.24077462879262662,0.23993806488851163,0.24221457162511156,0.2463797591537356,0.24861882431623028,0.24700404730013747,0.2506052170205983,0.2496746455769587,0.25079014732299393,0.2541373485384679,0.2551263560730234,0.2565703883063457,0.25472360013877404
0.3666178981369707,0.2677421752639383,0.23113001336384334,0.23244926224155618,0.23155775125396777,0.23353510208301784,0.23619649252299557,0.24076859761158637,0.2399502853247697,0.24218188662688045,0.24637888859315804,0.2486041661376283,0.2470055891558861,0.2506209229925633,0.24964183708857265,0.25072033475831623,0.2541526982591599,0.25512435024149477,0.25658249139816436,0.2546895733542414
0.3665195445373164,0.2677556946823063,0.23111874602386312,0.23246461806646088,0.2315279666076641,0.23351969743137907,0.23620797803944937,0.24072958675266837,0.23994344512953766,0.2421618705728483,0.24635601879931984,0.24856008804062257,0.24704104545134664,0.2506181421493258,0.24968454448893007,0.2507259219074785,0.2541861621320108,0.2550994409045624,0.2565969790368463,0.2547094754713708
0.3664111522828488,0.2677014748515534,0.23111872037195233,0.23243127971561686,0.23149150113123557,0.2335075179872348,0.2362234125595195,0.2406930491244422,0.23996431163522408,0.2421489922927929,0.2463566096543705,0.24861790704044173,0.24705487361364717,0.25064471458167503,0.2496880887479934,0.2507626602654211,0.25418012960179787,0.25511555946283276,0.25659469109325855,0.2547062915885341
0.3662985766495174,0.2676611607502782,0.23107702558230245,0.23240228635709326,0.23150726326431675,0.2334895054079822,0.23623240116481398,0.24068649467804834,0.23997934546026684,0.2421720107384301,0.24632040263979982,0.24855734375604585,0.24703104208522852,0.25063848617327344,0.24970847701558474,0.2507917817551145,0.25416083421587293,0.25506715650054773,0.25660608793934436,0.2546835048102422
0.3662368378294928,0.26759186033532983,0.23105408386632784,0.23241844183912772,0.23150173829386228,0.23350834892180805,0.2362349517527759,0.2406254248273466,0.23996800372639265,0.24213447085175677,0.24634406235436623,0.24850165664353302,0.2470552486795796,0.25065095394758413,0.24971098148866272,0.2507846252519391,0.25416801650949916,0.2550070085377009,0.2566288843543572,0.2546569951237394
0.3661241455088727,0.26755525490086873,0.2310803421098055,0.23244537025533052,0.2314505414749641,0.2334793074347049,0.23626463831462088,0.24059616849606902,0.23998534291025048,0.24214404756012584,0.24635971937035633,0.24851899946066225,0.2470025924500451,0.25065771857430513,0.249689976015194,0.25081307461685276,0.25410728073556105,0.2550067027886733,0.25662427337757454,0.2546263671042345
0.36604557032904306,0.2675491501170909,0.231084866345341,0.23245506264964094,0.23141928136916365,0.2334553627273762,0.23627102355827262,0.24060442823122333,0.2399696240556627,0.24213097871184436,0.24631717764778263,0.24851730364563135,0.2469826494408622,0.25061570731196,0.24968473119469442,0.2507987252175834,0.2540661896636991,0.2549383769274308,0.25658976235039743,0.2546147546263023
0.3659571260455118,0.26749192534675426,0.2311055957306632,0.2324564220369724,0.2314059558991106,0.23344422853000385,0.23629362654174002,0.24063630742959838,0.2399051838499836,0.24210334412406131,0.24633226784985604,0.2485268891038578,0.2469674315393267,0.2505854154365502,0.2496882750845017,0.2507341390759112,0.254079662391409,0.2549080418417236,0.2566286786640264,0.254574839840666
0.3658465451084887,0.26744280572139356,0.23106157103456573,0.23242114387330925,0.23136273695037002,0.23341908231064998,0.2362811349442034,0.24060973099541316,0.2399580176822481,0.24207860604823453,0.2463478413600237,0.2485563652604565,0.24691239104565577,0.250598112780653,0.24972687944969957,0.2507300407247244,0.25409381307035644,0.25494319052354386,0.25663896662315583,0.2546343711764624
0.3657605329791845,0.26738842921108735,0.2310692988203994,0.23239742492537963,0.23133007848353432,0.23342477974551354,0.2362928236871228,0.24060323357751884,0.23992608505908147,0.24206316268072775,0.24630545951803234,0.24857785961196657,0.24693841463505367,0.25061444906730956,0.24973300571173243,0.2507846359776295,0.25412728683945557,0.25495529784228116,0.256640944364473,0.2546262678572302
0.36567991415585704,0.26732857864714327,0.2310637519632106,0.23243519271855229,0.23131556322327698,0.2334082587691845,0.23629551721683528,0.24061937056320704,0.23990327756903415,0.242074695866289,0.2462664395776506,0.24855187119026279,0.24691139015820876,0.25059788140767786,0.2496650876616582,0.2508290236184164,0.2541753441796537,0.2549438146486166,0.25663145973389917,0.2546739302185569
0.3656239295920624,0.2673053280955051,0.23104127898351032,0.23242158047824604,0.23122201379732607,0.23339022175976726,0.2362776457250117,0.24060408845472334,0.23991149404003626,0.2420531110777427,0.2462888621415062,0.24856363294825018,0.24691893869971898,0.2506091627287683,0.24970924936926753,0.2508257256903948,0.25416300497648553,0.2549767316438798,0.2566207734507044,0.254675785064879
0.3655337841337908,0.2672591464017221,0.2310451738726506,0.23241018400755475,0.23117281843283075,0.2333765618248501,0.23628130043160614,0.24056978650075644,0.2398931693757037,0.2420800898010749,0.2462772521386326,0.2485422592473085,0.24691588527303882,0.25063356939230624,0.24970717528441042,0.25080907088145504,0.25415933299522336,0.25499202288126,0.25659651607022704,0.25466077032408885
0.36541413518615745,0.267219473864927,0.23097838247162356,0.23247095059749634,0.23114833416029454,0.23333135686448866,0.23622552920786807,0.2406210228502031,0.23989901574064787,0.24210475579703927,0.24628209001188284,0.24850840998588064,0.2468773384380472,0.25063074584950534,0.24972952058694017,0.25078963098933044,0.25413899373562854,0.2550039242884724,0.2565853658921714,0.25469348194541275
0.3653486180580325,0.26715854989191545,0.2309278256504308,0.2324534107642587,0.2311664790146049,0.23336321333225718,0.23621105991671948,0.24061111442666663,0.23991860356649833,0.2420785189154851,0.2462318664004894,0.24850444452412337,0.24686774259672103,0.2506394891134895,0.24970177571137833,0.2508319358070212,0.2541260677101468,0.2550157273692044,0.25659373531817964,0.25465715891415097
0.36530871642362583,0.2670629232889618,0.2309272536871659,0.23248255088763697,0.23113894369424248,0.2333609885883467,0.23621064346847556,0.2405870598369646,0.23989059627685602,0.2420573398426736,0.2461865115042559,0.24851260218830512,0.24687695623716127,0.25064390955456956,0.2496880580609201,0.25081582487266874,0.2541180542684308,0.2549864076993979,0.25661333618555004,0.2546360243696371
0.3652130206069463,0.26701268735867406,0.23091262546214433,0.23249025009245838,0.23117124319211016,0.23331886445080174,0.23625556465630188,0.24059782275907518,0.2399869070206545,0.24206134714969976,0.24621871364453196,0.24847162498738434,0.24687318616000292,0.2507153766126032,0.2497015245066359,0.25080387421174427,0.25407827352333356,0.2549870973954993,0.25667878842817854,0.25460186417038005
0.3652142077364933,0.2669592132216839,0.23091396382162616,0.23251115707396874,0.23119598081000498,0.2332715195657225,0.2362670476827387,0.24058467059530952,0.2399697891844997,0.24205743504567712,0.2461696361513392,0.24848290944502285,0.24685599379980017,0.25073025077142685,0.24971771623972905,0.2508112411060341,0.25404500090369997,0.25497196735028793,0.25669978891599937,0.25461634665081423
0.3651541238367518,0.26693649191813806,0.23090378115242385,0.23248675213712267,0.23119657821105685,0.23324384332880482,0.23626687539524105,0.240625010129762,0.23997257326834795,0.242059756686732,0.24618440269399328,0.248482596730759,0.2468998623753763,0.25073629631350614,0.2497289038193024,0.2508446321864544,0.2540995752416222,0.25497371873698765,0.2566796011314202,0.2546154340176645
0.36506064387234444,0.26688992146084767,0.2309134807411258,0.23243705947137314,0.23119339215442616,0.2332278796719935,0.23625626288706886,0.2406644857316675,0.23997443474478852,0.24207908393553879,0.24617839023736124,0.24851112630765693,0.24690968221474213,0.25069216918572584,0.2497367993748967,0.25082100601635776,0.25409268254926975,0.2549679504317552,0.25671843383286885,0.2546028732535085
0.3650133654083188,0.26684053917789097,0.2309075927188577,0.23239754311364166,0.23114915922291374,0.23323499941303322,0.23621546427655551,0.24065173005487905,0.23996955739667442,0.2420900366596465,0.2461613549477676,0.24848790801282875,0.24693920099834604,0.25069931901998804,0.24973942255429976,0.2507886581395415,0.2541690628930171,0.25494788324586015,0.2567392018157357,0.25461432096230074
0.36492416485478496,0.2667795865164789,0.23090369850090853,0.23239224440911385,0.2311880912835462,0.23322988555941446,0.23622842003509348,0.24064331207756312,0.23997561001805073,0.24211183513176643,0.2461568479303532,0.24849939076618277,0.2468820223071746,0.2507250801806194,0.24971870150676284,0.2508203505442763,0.25414332968231895,0.25495374489399325,0.25674383371759907,0.25457304938384273
0.3648221287942447,0.26676638619813575,0.23091771012169088,0.23234434370623153,0.2311357469727447,0.23320040683608145,0.23619586328293074,0.2406566825112778,0.23998480314713444,0.24209077992325037,0.2461235408458618,0.24844367998931094,0.24688503409974324,0.25072501496726407,0.2497355049278502,0.2508661987784757,0.2542023157178749,0.2549249412145691,0.2567689530803209,0.25455571494311957
0.3647724293936294,0.26678125582811846,0.23089432381696015,0.2323433910027335,0.23112855319553632,0.2331879600348449,0.23620598050199504,0.2406595876293219,0.23994194292306142,0.2420796462690662,0.24613944566346763,0.24849899177934673,0.2469027751677571,0.2507443389227652,0.24971413450917343,0.25086427676504175,0.25414778069691946,0.25494708337263094,0.25678236779312574,0.2545507674288481
0.36466334915872683,0.2667877568941875,0.2309035207079958,0.2322965219728373,0.23112115342549033,0.23315790765833716,0.23616581793091573,0.2406534240518553,0.2399174064041108,0.24209090928823285,0.24615335410154396,0.2485053201237075,0.24692539749285222,0.2507631925763263,0.2497459729053165,0.25083136564250474,0.25422822211773877,0.2549806730626256,0.25678170588358185,0.2545341712237671
0.36459287068535473,0.266786299348463,0.23088013850586736,0.23228099791458734,0.23113896431887995,0.2331541460365214,0.23614253296624826,0.24069068782476466,0.2399595432607794,0.24210242232384163,0.24616151743099662,0.2485037465990632,0.24691668709231437,0.25080876014875053,0.24974915709944231,0.25081978329252996,0.25422479540100645,0.2549791516455314,0.25680205885361324,0.2545671034292496
0.3645244063580792,0.2667819611257298,0.23090790351250523,0.23228463658604026,0.23107558334151138,0.23312251429830058,0.23613659253771938,0.2406878777291384,0.23995400887483426,0.2420687107938123,0.24614346277451965,0.2485056531164818,0.24693414448830953,0.2508106757672799,0.24972456848559016,0.2508257014966844,0.2542348980970158,0.25495913368513023,0.25678680330133924,0.2545755048353621
0.3644510856990815,0.2667629683839544,0.23091114879137356,0.23230417332102885,0.23107012329370727,0.23313714215198378,0.23613207044989032,0.24067680867358984,0.2399261305472403,0.242011759235147,0.24612158465468797,0.2484777815958012,0.24687022251051166,0.250816176428564,0.2496999835261718,0.2507961093610589,0.2542590589863335,0.25495862265021485,0.2567258204753694,0.2545841780092153
0.3643974334374152,0.2667572359748256,0.2308488584901332,0.2323101659409588,0.23103738525263062,0.2331164001636131,0.236141269810881,0.24066098467112645,0.2399238028224106,0.24197257767168437,0.24611887152298903,0.24849034678887938,0.24688563402445032,0.25080921943849843,0.24965334221236304,0.2508040841853263,0.254226693725848,0.2549588530846201,0.256752994686222,0.25463046522852584
0.36431928998919927,0.26672481549300797,0.23085376637340962,0.23231519697239084,0.23100900668781357,0.2330851453339703,0.23613102312523485,0.24063856110784515,0.23991562969741811,0.24191344413312654,0.24609044980216996,0.2484533598378082,0.24685301732295833,0.25080177128928466,0.24967382314329128,0.25083311735006786,0.25419171858422707,0.2549758829891259,0.2567325725440671,0.2546469549331057
0.36423376449214245,0.26674108161286314,0.23086218254820678,0.2323187027100167,0.2309605542776291,0.23313533253006435,0.23605495994776945,0.24064353686190645,0.23991463283089465,0.24193910318573708,0.24601454024646544,0.24842829362452645,0.24683985845843098,0.2507204943350951,0.24968680991909747,0.250824911209783,0.2542459612974209,0.2549847060654194,0.25674420516391283,0.254642067852511
0.3641603066465915,0.26673758458936864,0.230806093081526,0.23230480023067143,0.2309474833140485,0.23312951598884762,0.23605134583638687,0.240655950156916,0.23989355768246687,0.24196726991642162,0.24599657188548954,0.2484395432095792,0.2468523382730231,0.2506697470147615,0.24969330216666105,0.25079662023060983,0.25423054634604275,0.2549188601369531,0.25674985694143343,0.2545671353808073
0.3641270436771391,0.26676116093821184,0.23077794189699405,0.2323305958846747,0.23094549359986505,0.23310887314818718,0.23605197627329433,0.24067873979936777,0.2398878963753882,0.24193636707539376,0.24600584014280683,0.24841771806823965,0.24681151043338784,0.25066190777346053,0.2496859578627622,0.25075260044492353,0.2542240199573996,0.25487203462365493,0.25677433901875535,0.2546099903713368
0.36405853137650396,0.2667298305136369,0.2307430904135754,0.2323341672581314,0.23093196485021486,0.23311404833532498,0.23601634989637088,0.24067902744623978,0.2398856927556879,0.24191457434542066,0.2459684019695302,0.24840701630545764,0.24680505857382268,0.2506279532820104,0.24967818125151628,0.25070462291369605,0.2542238818814525,0.2548027748355821,0.2567759968352645,0.2546048996002469
0.3639863075679297,0.2667134205345353,0.23073918760608092,0.2323231972906064,0.23091543416558818,0.2330970958124525,0.23598415179462365,0.2406554157447388,0.23989775043910624,0.24193741316410228,0.24598835039313288,0.24838838552342712,0.24681421257691058,0.2506132610244117,0.24964587468327218,0.2506917995842365,0.2542449832123532,0.2548247565789413,0.25673637202726457,0.2546007835691849
