0.2778026165159079,0.2778026165159079,0.2778026165159079,0.2778026165159079,0.2778026165159079,0.2778026165159079,0.2778026165159079,0.2778026165159079,0.2778026165159079,0.2778026165159079
0.27741130326191604,0.276665106152897,0.2761024039555994,0.27712025958588754,0.276593862896418,0.2768827347119477,0.27686179127617927,0.27690324242795367,0.27777320923879517,0.2765280908180934
0.27770626053127995,0.2758458250787032,0.2758471910267095,0.27673023654158296,0.27473422925648644,0.27620222375257514,0.2763222145638532,0.2772755091820825,0.27677653540852637,0.2759949402968503
0.27721201093195014,0.2749268152557385,0.27606438772397246,0.27654524045018014,0.2739161279832209,0.27607702254364963,0.2761824306554979,0.275501055784943,0.275805940240065,0.27441673482804435
0.2768420102347684,0.27507447965866755,0.2761246044007049,0.2767332944136929,0.27296997468255707,0.27691367726588273,0.27556500098166337,0.27486789179769405,0.27600794845149323,0.2737070709440834
0.2763924885373392,0.27541197335808143,0.27567927055895597,0.27628107159687565,0.2726612148309904,0.2770913905679252,0.27490211861546643,0.27440487535575414,0.27569483172079573,0.2732569963345844
0.27508840872350543,0.2749788553506423,0.2750938547390727,0.2750939852002781,0.272816648792641,0.27598596929317487,0.27433352089941865,0.27377096967180586,0.2754767028114081,0.2739091847151225
0.27519197225772396,0.2749251020508471,0.2740285237984167,0.2739091331658401,0.2720356356188797,0.27611569840085676,0.2742336938447562,0.27366756067347026,0.27492643503299646,0.27384567937086857
0.27421964381575126,0.27491590618926737,0.27446105677643906,0.274464366086964,0.2707409110481087,0.27466234891679003,0.2738216929136421,0.2733931943265484,0.2758710132590255,0.27276314393303625
0.27421460161699773,0.2750193622578622,0.27400141759889735,0.2737985502708551,0.27040236229342446,0.27451453302334977,0.2728795586925447,0.2726647916733231,0.27438107544230544,0.27266847512862225
0.2744461853240088,0.27470115303257137,0.2735708219617934,0.2730917031964025,0.2695262855299907,0.27477319467525174,0.2726375652573379,0.2722506187874568,0.27353829451250167,0.2732312167488445
0.27358701136897096,0.27484851763584817,0.2725540002995456,0.27276898405750855,0.270308015823962,0.2746494177528268,0.271713586192806,0.2718186263906485,0.27379072766878254,0.2714269987480711
0.27293134077644415,0.27402586254519407,0.27201431851732216,0.2724366042868131,0.2702724744797181,0.2738522589614992,0.27149586367484857,0.27159384595459396,0.27358778413829726,0.27128803201706136
0.2727619892202457,0.27350910489896274,0.2710154252631262,0.2724305717331191,0.2697321693866481,0.27316382576992737,0.2717152018059642,0.27120943876124737,0.2738843469610814,0.2708008883338782
0.2733767018753009,0.273029302687776,0.2703355718768903,0.272264777466353,0.26915546507417626,0.2732093802074891,0.2716704936830622,0.2710670155620577,0.2729321386299102,0.2702949006417123
0.2731507160540819,0.2722547254785166,0.27034811248515156,0.27169039833022884,0.2683424251164591,0.2729207792371942,0.27163489490044823,0.27066883133883934,0.27299687814137175,0.27032091266795066
0.2723286345005689,0.27154269638300327,0.2702392375057426,0.272332644504619,0.26847923287273556,0.27209295950905416,0.27194882720217106,0.27006040902813827,0.27263102060160693,0.27011950489813513
0.2728033043483847,0.2721454583625912,0.27003904387617317,0.2717638327760837,0.2681387343514461,0.2725925331053651,0.27126594079030786,0.27010691595478187,0.2731221632102271,0.2700322985486358
0.2730223153090094,0.27230999685070106,0.2695917693085417,0.2708099726773398,0.26784922475923345,0.27347475296726603,0.27141651454914656,0.27007970044091195,0.27264986247892453,0.2693374095268411
0.27323773827382014,0.2730033121420602,0.268804891222994,0.27069607610184093,0.2666967565420921,0.2730828530774431,0.27083880056204124,0.2697858874420503,0.27265694020076797,0.2692460351599094
0.27276109664387876,0.27280800165404134,0.26930300940847385,0.27057388644615793,0.26654890109274765,0.2734526503898238,0.2705354182152215,0.2695648739162273,0.2728878897823834,0.2685915620778008
0.2721733176928007,0.27270136250722965,0.26889536018835747,0.2707224798612086,0.2665316963942031,0.2736178489998405,0.2697499385336357,0.26989647568567804,0.27320201226277335,0.26860884131963303
0.2723096247263061,0.27276145820406783,0.2696413417868502,0.27144618402677356,0.26640309110705707,0.2737401141993682,0.2695571385813733,0.27027592698614517,0.2724708010087355,0.2683946607352881
0.2726099631541139,0.2729061947335005,0.26953897463307996,0.2711239216432494,0.2667109487542909,0.2733217057335569,0.26891155093696006,0.2700306034201662,0.2722237974804849,0.2683388746098619
0.27197400694454094,0.272846777475307,0.2698275392300051,0.2715593764728661,0.2661767660749536,0.27330859531166857,0.2692508759459196,0.2696814027788655,0.27195406056104116,0.26841751036159744
0.27234069594798405,0.2725165980531251,0.2690917687689065,0.27205623827355324,0.2668477856565447,0.27279334647516446,0.2689060523756905,0.26911663415266296,0.27204247708737606,0.2683860233165669
0.2727885075057967,0.2728908275203096,0.26900307497167897,0.27139750114945016,0.26651211878126185,0.27225526827876795,0.2690027949858561,0.2692658347829668,0.27157243744281934,0.26832898200323085
0.27253291034892346,0.27325947633547754,0.2687635991031929,0.2708041985810918,0.26709761695924417,0.2722794852460681,0.26926457474503457,0.2688173094571521,0.27169344003058005,0.2686055281513403
0.27203463052484333,0.2726032947665855,0.268819608511453,0.27040632314052027,0.26742610447852533,0.2722511979585769,0.2691910783378561,0.26916474341359037,0.2720305610383586,0.2687661785306576
0.2718138320870324,0.27227577402499015,0.26897097817818455,0.2705768125434572,0.2672056741549187,0.27203650588024086,0.26965292876067837,0.26842884318051796,0.2720164485064785,0.2688515529924547
0.2717389698873901,0.2724634227955821,0.2692071327649486,0.27109775802239344,0.266439745745103,0.2723528496237152,0.2700104318801419,0.2687760798499003,0.2721200556758313,0.26889010139451
0.2713255944229365,0.2723289141781179,0.26930983957202853,0.27031278483171706,0.26667488020119035,0.27158380675413274,0.27016848747256667,0.26830806597071444,0.2726539574103299,0.26903344473754376
0.2710123662072931,0.27232156359698223,0.2689921154988444,0.27047332542998725,0.26651410910250206,0.2714766326716067,0.27007106910893836,0.2681571286043794,0.27262236077955015,0.26981297840967905
0.270749937060441,0.27248208062570156,0.26872164633473405,0.2702364419778876,0.26657811586960933,0.2719936316335434,0.2695608766652165,0.2686714184345858,0.2727431846192635,0.2699148130182667
0.27038705244952677,0.27227230995277757,0.2690636958801525,0.27025087073830045,0.26671030878533264,0.2713139592432734,0.2694425183147832,0.2684038038041012,0.27281543475905057,0.2696091990413646
0.27005006615069077,0.2720165260112401,0.26866195399935994,0.2700308448961237,0.267093068692408,0.2712659175571649,0.26922415390270954,0.2684275361776444,0.2726136751031511,0.2696321813705445
0.2697772387743634,0.272112164541814,0.26843524185387635,0.2696060681147412,0.2670266694945578,0.27183846947179663,0.26909304992197963,0.2681945437651491,0.2723975311148024,0.27015288523494063
0.27004797784029394,0.27205119621908724,0.2677738211272258,0.26899808145390974,0.2666092734668482,0.2718580570358629,0.2686798625773291,0.267730205080774,0.27287506769838404,0.2703945303515126
0.2699610300697481,0.2723513058265711,0.26717344894425743,0.2688363327190472,0.26621284898733066,0.2717870429757844,0.2689517205743725,0.2674257453423719,0.27243690528434333,0.27062399239138846
0.26943184704793305,0.2722465048843455,0.26673203855799105,0.2684734771829699,0.2660898560104546,0.27174394109328265,0.26912011600303987,0.2672015286177211,0.27274491034418363,0.27025240294938724
0.269495721661106,0.27190348866664943,0.26682716802897105,0.2679141921922176,0.26636967350344126,0.27171227403543946,0.2691278965629922,0.26681177533946016,0.27215671096632016,0.2698551611864133
0.26988112772620704,0.2721979911064413,0.26672887047912747,0.2676833360888637,0.266314749465569,0.27148023919357384,0.2691983309744574,0.2667367315800936,0.2723163787971458,0.2698273768103937
0.27040330966212356,0.27224569472353105,0.2666652372949832,0.2676519488686406,0.2666789645513319,0.27072251666746044,0.2687984304093925,0.266426460341986,0.2724003516228178,0.26953299899381694
0.27004070428140914,0.27219881293543263,0.2668953670436319,0.26747100152035946,0.26675244005858195,0.2705785107995368,0.2690529607533629,0.2664464878570087,0.27215035970588336,0.2697722668610803
0.27036727957797335,0.2721054320507715,0.266614228570484,0.2672597829329053,0.26645536871856085,0.27033524500999806,0.26859209572759823,0.26579824783879563,0.2718546632514159,0.2694164071027717
0.27045604674291057,0.27215841537633556,0.26700358061605517,0.26721339055908233,0.2665687112140961,0.27041465761267175,0.2690069783271059,0.26519115316709146,0.2716982318888236,0.2691794400543766
0.2706046703987549,0.2720736757045143,0.2666779002442944,0.26720510144895593,0.2668464974838279,0.26992996735112446,0.2688882484614915,0.2651792692380758,0.27161091763231765,0.2688290784588151
0.2709759312291168,0.27275512025470644,0.26628295062387847,0.2672400026883461,0.2667315932955053,0.2701602071328042,0.2687359149680322,0.26501123530702275,0.27138102206220593,0.2682286508193617
0.2709745353787615,0.2726406335951258,0.2660115582350735,0.26669858101943544,0.2666314478579151,0.26995928658509893,0.2685771780596895,0.26504822472796147,0.27115602714835796,0.2682915609146214
0.27089487990492145,0.2726908164338433,0.26612251490696565,0.2667277663874826,0.26660782362891394,0.27004011367289477,0.26837470892843784,0.26457996685545243,0.2705844424216696,0.26857073874215587
0.27013712221645975,0.2726615925550144,0.2659083901808119,0.26645200399635327,0.2665727654554277,0.27000061810788284,0.26859296094458707,0.264560008466706,0.27064821020774493,0.2685956459989139
0.26971998971785033,0.2724982138142031,0.26577841095256893,0.26603860695404585,0.2665493963921625,0.26994779829608045,0.2683723932637773,0.26471394354612793,0.2702175988097565,0.26873854552621707
0.2698254785900387,0.272419093267136,0.2653869273791124,0.26625938020227535,0.26668868109280097,0.27011211372989485,0.26822457307331166,0.26428290270197063,0.26972087120223864,0.2685935188451768
0.2696393481576746,0.27250929247460076,0.2655303360539116,0.26668381793966506,0.26669200168822194,0.26999874000050283,0.26834963147953605,0.2643129811838614,0.26930080324760014,0.26814682311792165
0.2692997248026086,0.2726931466375501,0.2651243402669974,0.2669090970222644,0.2670580718951617,0.27013272106033187,0.2686963074401753,0.2647194937472764,0.2691922836034064,0.26840708650973727
0.2688910147983395,0.27276701122556934,0.26532624257173393,0.26682149209868306,0.2672198475808106,0.26985062894580997,0.2682740476000724,0.26459323295552784,0.26962397375581304,0.26846897397691727
0.2693423347172042,0.2727635920847997,0.2650279335499912,0.2667665448933086,0.2673266090600479,0.2696667979301083,0.26808721417312165,0.26458206137743806,0.26968596436601583,0.2683291440793753
0.26943395675025156,0.2731632037698573,0.2647108453594949,0.2667372189729703,0.2674084920652026,0.26963723786821775,0.2678643449684386,0.26470667820650634,0.26960293076333075,0.26807272957974576
0.26984157396204167,0.2729743037822546,0.2645714295903916,0.2669230575373587,0.2674824070023851,0.2701066204977811,0.26807298972773597,0.26496779692137795,0.26967444022891707,0.26793101174603884
0.2699445518942034,0.27247864436899283,0.2646794279485043,0.2667540411083161,0.2672006699160429,0.270204640004291,0.2680347716734603,0.2649719653119191,0.2697485269084828,0.2679347618597797
0.2701007536671997,0.27301239706228897,0.2645941841529509,0.2668601482271982,0.26727518708492404,0.26987831661276546,0.2678596554584809,0.2652442258505184,0.2697654530655981,0.2679694015613867
0.27033534668255643,0.27305329023350217,0.2648675443882618,0.26704493704336485,0.2670584437876977,0.2701684803925447,0.268120289162198,0.26527478184354936,0.2700819813781818,0.2675355885348826
0.2703622958707771,0.27313233364676215,0.264728100423012,0.2669387159109333,0.26716334210408166,0.27065662082325864,0.26804084703985254,0.26502816740859575,0.27000307612534796,0.2677152519855902
0.2702337750392494,0.2735804896206029,0.26437640279987773,0.2667044209916781,0.2667504324743104,0.2708496817175054,0.2681157756831496,0.26477575575904505,0.2699318867320837,0.26739239363327555
0.2702871156286825,0.2737321157870294,0.263905727514963,0.26634929253331846,0.2670195910028747,0.2709285854142794,0.26808596297406667,0.2645021038073116,0.27000878823036223,0.26753010614295303
0.27015804686021616,0.2730346905795631,0.2639564737861758,0.2665947338952888,0.26658957426145174,0.2705051609124332,0.26792660762401477,0.26430427900127756,0.26965531929168285,0.267378426754846
0.2699741699686271,0.27295554414383216,0.2639084563645832,0.2666520157602915,0.26651587316735553,0.27075192834437084,0.26802822770164586,0.26420245111881613,0.270105587696235,0.26712034840812987
0.2696587050516995,0.2726227844735793,0.2638012310373202,0.26652215088523085,0.2665764888267074,0.2706985885825154,0.26805666212621043,0.2643223356819129,0.2703775141436272,0.2671475685713786
0.26977613079522983,0.2727335683666895,0.2633696851811541,0.2662257027745985,0.26661584867760235,0.27075599460084004,0.26810931576718533,0.26441626968096843,0.27050402964207604,0.267098391039549
0.26994296507189897,0.27254673232199683,0.2633174093688883,0.2660935612375885,0.26658213624656363,0.2707764925868086,0.26822061552012383,0.26433461736725894,0.270390455703385,0.26663589396603665
0.2699113439079349,0.2730565278897691,0.2633981439568024,0.26635124989994446,0.26671123145386877,0.2706643133174517,0.2681866140744612,0.2640539592270327,0.27006070136486615,0.266565421083596
0.26982469766571093,0.2733621762919638,0.2632173322161229,0.2662421265129928,0.2663189813390671,0.2706160600296542,0.26818162810508434,0.26415551831509304,0.27033428589400466,0.26650277727435434
0.2701330539396868,0.2735213590895435,0.2633056781242949,0.26612584336790995,0.26602293823976775,0.2703758910441256,0.26798990212259904,0.26427771289393787,0.27061724338187176,0.2666978308461929
0.2698355368378921,0.27327576438508233,0.2633897592903976,0.26569399944790256,0.2657097847586175,0.2703786010076842,0.26840925737098825,0.26436324102061654,0.2702225820739191,0.2667175882907384
0.2699538476202664,0.2732773154590616,0.2633808077665333,0.26570008687962804,0.26574221192999437,0.27056592120508965,0.26848908125023857,0.26432348090257335,0.2697718760144319,0.26655438442453383
0.2699935076684601,0.27318031888334077,0.26334054006050933,0.26538738210537766,0.26574537135029347,0.2704313355884626,0.26850657851212567,0.26413010991572616,0.26991515039389097,0.2666728679735528
0.26983038076098237,0.27318364993616423,0.26341192655802825,0.26567114515719037,0.26572996140852506,0.27062466148970826,0.26861265428091274,0.2638851764920624,0.2701546649922814,0.2663757978250336
0.27020294556407737,0.27316816534902927,0.26306579386104983,0.2656157502875078,0.2656732866336722,0.2708864632101306,0.26861866466834167,0.2640065064418718,0.2699806577749771,0.266188074350283
0.2705517150196148,0.2730379247478005,0.263122645308378,0.2661335310157605,0.2658239981673321,0.2708589496360663,0.26840585273968204,0.2643740811197435,0.27005489200620614,0.2663852087852562
0.270240453880807,0.27339720846981774,0.26305722633453954,0.2657764319540187,0.26566539785535265,0.27089026579918196,0.2687640093024569,0.2643911256542414,0.26994522384601566,0.26671520580813657
0.27010943011434463,0.273574970294945,0.26280392406426506,0.2659145163256212,0.2655875457999056,0.270863809325943,0.26872805448080955,0.2645407857296869,0.26997513905599924,0.26663719174629763
0.2699416424991217,0.2736385505553029,0.26295481048975433,0.26577844169153503,0.265330757187014,0.2709636070041456,0.2688172604901436,0.2646514891806993,0.27007437213085494,0.26649123296901644
0.26987542544858784,0.2740716810534498,0.2627162643594907,0.26561121791422476,0.265137581794648,0.2708520599081752,0.2688057232974127,0.2648858910321394,0.27015451742814905,0.2665355058426762
0.26963276196396807,0.2744491713569513,0.26283625915494885,0.26560818276499953,0.26530528370207945,0.2710485073059308,0.26908043219542355,0.26472665779360105,0.27022056903961755,0.26617885089617094
0.2694998737651632,0.27478233773297706,0.26295816591937127,0.26564498306627615,0.26522626211399325,0.271115851704273,0.2691773610975639,0.26459471867194495,0.2699446710299489,0.2662663066832488
0.2696403498396851,0.2746989807318726,0.26275741953133563,0.26561096259591443,0.2649461876266694,0.2712319744457118,0.2688300290269315,0.26462895787508606,0.27010293491920473,0.26629826170044707
0.2694259645985118,0.2747047791536804,0.26288392221924417,0.2657604242210857,0.2651425180781498,0.2710697742467203,0.26864710297881017,0.2643245105531954,0.2704226381804797,0.26635571025117577
0.26947440301541775,0.2745723702106448,0.2629041434685643,0.26618162648157184,0.2651730482781123,0.27102610057763227,0.2686750840072059,0.2646384953932493,0.2702540818837854,0.26660677455958454
0.26952409466833877,0.27470725624911396,0.2629580131586706,0.26624756197527777,0.265593253547222,0.2709381502467009,0.2684877561720202,0.26460129360605245,0.2699039404706348,0.2664736479280971
0.269382192518801,0.2749275846728405,0.2627870182703857,0.26619191279443655,0.26543889848718566,0.2707721189728668,0.26860860759326816,0.26450834659590683,0.26985031852365476,0.2665606554287976
0.26962738976258765,0.2748822727196417,0.2624845848509331,0.26602955822006935,0.2653917382434458,0.27056102659188297,0.2687084002475899,0.26453015380005357,0.26929955980230014,0.2663484492367946
0.26976423506642544,0.27475898374773033,0.26236434194406844,0.26594885417613223,0.26570467596497555,0.2704586745699497,0.2687814047871699,0.26485281394054877,0.269298711818701,0.26618050355332806
0.26971378132845236,0.27482705574299454,0.26236201980364343,0.2660028007040994,0.26558284434655266,0.27053387342068597,0.2690837563156752,0.26503851650525806,0.2693130030160611,0.26636394666334945
0.2695293274426626,0.2748682663591533,0.2625686994481061,0.26629576954409695,0.26540228296730844,0.2702256128039606,0.2685030785722127,0.26497888364362177,0.2692892838602956,0.2664671177831513
0.26946747049457587,0.2749197132941559,0.2626395455920868,0.26643294054536004,0.2657206731580581,0.2702651712023642,0.26880665578372814,0.2648772685581308,0.26938675096868675,0.2664127670118711
0.2697047553934072,0.2748924958020284,0.2625672596059237,0.26662845743313174,0.2658450677155172,0.2702209637694965,0.2688434135317362,0.26504175276517655,0.2691080113360615,0.2664375113699208
0.2693313467372019,0.27506678720499667,0.26256596665706977,0.26660674548415,0.2658050474738306,0.27005143695202855,0.2688456942911051,0.26518756855875647,0.26895197284216604,0.26647219256170523
0.26914295431379953,0.2748791728205577,0.2623061974807871,0.26650046900778196,0.2658080430433231,0.27019241189374077,0.2689688720114051,0.26480104189048803,0.2688157904952426,0.26667409168733275
0.26908805280775117,0.2748927592283225,0.26231857373717093,0.2665505914209862,0.2656515984257335,0.27030419000737516,0.2687977771802657,0.26474096398891644,0.2688225934990493,0.2668366922866585
0.2686891596291033,0.27504578402189306,0.2623769031909557,0.2666058573943873,0.2658516559185222,0.27018724225095225,0.2689208451846807,0.26486122605339585,0.26885685364480894,0.2668432918304061
0.2685957037146121,0.274887221242671,0.2626571232620954,0.26671306219090696,0.26587827356010063,0.2703016306009895,0.2687823950727352,0.26464293458095467,0.2689544924004345,0.2669260087371783
0.26836638393290985,0.2746172882146658,0.26256778761909616,0.2669705003767595,0.2660107526856791,0.2704542569171757,0.2688609039800053,0.2644140399886107,0.2689977964637086,0.2668272175910518
0.2682549173191086,0.2746245938935374,0.2624141583279444,0.26704978135309837,0.26598298340913495,0.2702640878779432,0.2690698339039142,0.26439686995220896,0.26903691871657565,0.26680966627399066
0.26815537413728385,0.2746770805158001,0.26243981449063497,0.2671253511775759,0.266168937502253,0.2702929523726489,0.2690578305461844,0.26425733580090344,0.2689172761439043,0.26698252361847713
0.26794053373190396,0.27469482415049634,0.26257442459051206,0.267106882060751,0.2663043918559733,0.27017281722778985,0.26932642345896257,0.26442343273673025,0.2687066925045003,0.2671807366427161
0.267787877385015,0.2746661374419498,0.26246341594245115,0.2668596482600183,0.2664234695552622,0.269949182267508,0.2692421275042567,0.26432697751295114,0.2687805284928779,0.2670154374153717
0.26762392072811486,0.2745793468779114,0.26280645259793667,0.26679676740525965,0.2665745344459335,0.2699569243310305,0.2693547091978934,0.2646475106946801,0.26873720731136813,0.266996207481593
0.26749975255602976,0.27478236561410874,0.26285854004274506,0.2665374589958618,0.26659922695643334,0.2699006980503484,0.26927963507772473,0.2643701833997923,0.2687416275206965,0.2670827829903418
0.2678334410510638,0.27461997875635424,0.26286470231308956,0.2667974667041208,0.26643389592396494,0.2697537625662279,0.26930099368391053,0.2643616325077242,0.26891118010430537,0.2669863447186934
0.26801784202649276,0.27444839778585106,0.2629424548597443,0.2669123581205335,0.2664157123702803,0.26976980792935984,0.26924530596175283,0.2641874479381555,0.26892772518464403,0.26710658140665305
0.26813093421311746,0.27426832780025673,0.26285468474165957,0.2669514540418047,0.266225673750731,0.26987413780075825,0.2689881517971722,0.2641482565959171,0.26864798237752524,0.2670844508785619
0.26812721272434814,0.27426044259499793,0.2628694880681889,0.26703489586372964,0.26636778099145897,0.27009642227690644,0.2691509806693676,0.2642194305609894,0.2683980921767475,0.2669412995917462
0.2681811365700131,0.2744002172788638,0.262671877710523,0.26702904184472026,0.2662815640054514,0.2702091577584437,0.269366607971432,0.2641155087882902,0.2683742947109993,0.2671351708726166
0.26817600033661343,0.2744784215041888,0.26243793261367754,0.26693471368246374,0.2660255205612299,0.26991177024470264,0.2691819675275199,0.26391896229930684,0.2684036285196992,0.26670870011255066
0.2682762419165455,0.27447913799865203,0.2625457602333621,0.26699163897173855,0.26595096780099375,0.270173644907308,0.26924245132461544,0.26398134017530595,0.268278755727785,0.266606608211374
0.2681098632390224,0.2743670612366013,0.26284547689621796,0.2671192235348198,0.2660077597890782,0.2701710666620498,0.26918354695221414,0.26402219412828887,0.26819356218161317,0.2668195842676166
0.2680649076168145,0.2743860176951445,0.2626734527611214,0.2669749828791776,0.2657723319467391,0.2701643213885609,0.26932534569341476,0.2640753864602144,0.2682073038156361,0.26685372553348624
0.268156451531673,0.27417677618196334,0.2623916246126713,0.26696403124722057,0.2660763409099554,0.27000338212973723,0.26931993927946674,0.2640796690371435,0.2678894797638239,0.2670541890747502
0.2682614875570953,0.27398942403334386,0.2622008656363365,0.26705721004315863,0.2660670791713812,0.2698608455175,0.26936864453007103,0.2643712331153163,0.267911403972294,0.26725695748113876
0.2680038136611482,0.2740493203009387,0.262164166463614,0.2672824766076079,0.26590704948332644,0.2698603325068473,0.2691382811392863,0.26433839391700303,0.2679565537533121,0.2672677634024526
0.26771967373559497,0.27409241553782593,0.2621714810056691,0.26705500103638663,0.26592082260746225,0.2699695842010524,0.2689309953898473,0.26416069424755245,0.26789499079934365,0.2674404113081143
0.26759226655345525,0.2739301385616941,0.2620785320253533,0.26672123809578213,0.265853702432096,0.27027122976881046,0.2687960132697343,0.26401752580154697,0.26803283332531486,0.2675588588737293
0.26731241107732867,0.2741251660174486,0.2620021478414012,0.2664808080638967,0.26560113427947935,0.270212819842327,0.26870511842307704,0.26397044702571887,0.26808556304458464,0.26758701440527116
0.2674183393251457,0.274119087924474,0.2620309364823666,0.266647896223552,0.2655728884730908,0.2703481864424908,0.26875367744111034,0.2639747756583962,0.26803076093494954,0.26757032713608997
0.26720941959454814,0.2740590623763246,0.26214472999101274,0.26663321544824364,0.26551690766906644,0.2703541854559147,0.26877975155779094,0.2639309251842276,0.26834142143417455,0.26752383139099345
0.26702610709110036,0.2741705467676733,0.26230596904893394,0.2666734905393007,0.2652020678261176,0.2705226551979439,0.26868123998863663,0.26397139202825154,0.2683694019235541,0.26723505333630326
0.26720963002589576,0.27410170977477355,0.2622968469492321,0.26671805448769115,0.2652702235234578,0.2703716303861273,0.26860630801149105,0.26392032761134077,0.26828810254603935,0.26727743711619156
0.2675443511779813,0.2740800829930613,0.2623791515497893,0.26649791239750825,0.265195500596024,0.2706426783587466,0.2686703290857574,0.2639694466049469,0.2679420876440393,0.267369454483765
0.2674860119790321,0.27406885757769467,0.2621295996520406,0.2665043729292441,0.2651371882281117,0.27047365237495,0.2687070104468358,0.263827977406021,0.26813942468346996,0.26742459841850347
0.26734851256113895,0.27390669519400374,0.2624414103964791,0.26662015340876505,0.2651290716087058,0.2704523767630693,0.2687101657130668,0.2639372327198413,0.2682405098212951,0.2675266844434008
0.2671164234822276,0.2739675874008312,0.26230207668772215,0.2666128204216157,0.2650233584904569,0.27076895706399634,0.2685908874479337,0.2639952815162699,0.2681906582622726,0.26757570243027146
0.26698409841419485,0.27383845608523916,0.2620980789227601,0.26672696548700475,0.26488943384136715,0.271036512378625,0.2686600891718909,0.26419483061568577,0.26804559876684414,0.26760044817873324
0.26722659757886236,0.2738671860976237,0.261947380890241,0.2665814204918078,0.26476577656513023,0.2710925601463333,0.2683319317908833,0.264266452790782,0.2679609807788246,0.26740280878972583
0.2673448169712399,0.27380692760312786,0.2621009536594581,0.26658060313768145,0.2647844809219082,0.27114784878496495,0.26838552065565546,0.2642795437156873,0.26777709747513795,0.2674850951414759
0.26740026901183295,0.2738791239157019,0.26198994262761016,0.2666351624807112,0.2648342376610779,0.2712113687397339,0.2683311671123953,0.2641943389612588,0.2678410289230055,0.2676441015720883
0.2670980890785802,0.2738764272617711,0.26171323100479654,0.26653863540862427,0.2646913222659952,0.2715519233094004,0.268525760635079,0.2639183858289318,0.26815215357957456,0.2676552528992296
0.2669870054362194,0.27356234120878614,0.26162891676318806,0.26673838711554265,0.2649642130214403,0.2716288816600714,0.2685549118933971,0.26402315987447283,0.2682425417606114,0.267528848860959
0.2669754948919681,0.27353229519769356,0.2614711873613855,0.26646529240632033,0.26499520403630805,0.27152511957151226,0.2684593454573393,0.2642231628933915,0.2681756351396657,0.267701380364921
0.26711546614820597,0.273559613274778,0.26123712268700927,0.2665948393247585,0.26513254266650504,0.2714978518188375,0.2683649572045426,0.26427817165528045,0.2681169483492871,0.2677505481652495
0.26726882030448934,0.27371209058903345,0.26112516309015815,0.26680917268330323,0.2652000588347183,0.27139152741431366,0.2683328476338326,0.26442086144768345,0.2680713446871588,0.2678184806011518
0.26728885960459725,0.2736915755039262,0.26117274437559307,0.26672360895201336,0.2653802337391357,0.2714271480741983,0.2684731411264408,0.2643230153837533,0.2680713635619896,0.2678088133309811
0.26714186699237324,0.27374986193988116,0.2611232868878295,0.26663118207958675,0.265227361534893,0.2715785410869428,0.2682870719137035,0.2641271368224582,0.26820461203068796,0.2680726652230001
0.26727263213291624,0.2737066173461757,0.2612475300042544,0.2664823515780974,0.2652488907695472,0.2716256842286035,0.26827879618432826,0.2639133853083055,0.26809782779550506,0.26781714170842147
0.267061337582457,0.2734864098865637,0.26122725827329335,0.2662120652642836,0.26526173921334517,0.2715957973150613,0.268276320932137,0.2638598937492378,0.26813614420284076,0.2677791328081769
0.2671145444700744,0.2735227733353546,0.2613366405034594,0.2664042273052754,0.26530967417044404,0.27150004888774687,0.26831931756311717,0.26400187435348416,0.26806479151697504,0.2676054620797743
0.26711580521945505,0.27338034371694464,0.26147861658082405,0.2662815945382681,0.26521184382687957,0.2714527639961557,0.2680721110420954,0.26383595103072177,0.2681265287410156,0.2674095502242173
0.2671707441080014,0.2732057957161925,0.26151785252739446,0.2662956681840691,0.2649267061670007,0.2715143552188257,0.26789416338134914,0.2638171068954728,0.26810590599440004,0.2673338489763371
0.26699468558102124,0.2732204589733442,0.2616529718565069,0.26619034861538776,0.2650220699027423,0.2713447237103326,0.2680077550485721,0.2636896852070992,0.2681402388369377,0.2673665643296897
0.2668889731863045,0.27308605370126227,0.2618256253911405,0.26617134736886144,0.26513919986401685,0.2710242581179206,0.2679721776402521,0.263703883714472,0.2682310117397121,0.2674505313591578
0.2669110173115047,0.2731765155556477,0.26165031306568937,0.2659798782788503,0.26498394541545817,0.27111258757101003,0.2682013006722277,0.26365945489751136,0.26813220992445996,0.2672981219397725
0.2669389073380265,0.27301441531112675,0.26171763215021454,0.26585385066816364,0.26491589598572113,0.2711820679136419,0.2683181589543649,0.2636992392237712,0.26813170847376727,0.26719795809268326
0.26681415095061733,0.27301009978810376,0.2617637493301604,0.2658645193594634,0.2648635888095142,0.2711706668843992,0.26823909029741866,0.2638971842020324,0.2681295576933583,0.2670587827354698
0.26691883870849076,0.2730112447570623,0.2616236679594125,0.2658742983240426,0.2648731795493516,0.2714510619008463,0.2681152847863889,0.2637118264054858,0.26806680467699723,0.26700806689722195
0.26683319758355195,0.27340687004465464,0.26159559654812753,0.2658394200083925,0.2649573801701204,0.2713917008195256,0.26805834559082464,0.2637722744786507,0.26808536714510456,0.26715417298273897
0.2665791562551107,0.2733143447252842,0.26152077316348243,0.2657358798014326,0.2649841734685392,0.2713824780817768,0.2680901554868826,0.26352116738200937,0.2683133513112448,0.2671539936003495
0.2663708846429211,0.273170406514631,0.26150089816373456,0.26570013703910333,0.26507175651898,0.27152374089257447,0.2678874345539852,0.26336200844548885,0.268401309558695,0.2672376344479929
0.26624885824423095,0.27312044173376965,0.2615547272885368,0.2656929636215034,0.2650906073583012,0.2713364771026842,0.2679446497372305,0.26334223623964953,0.26846992756231214,0.26701551868272183
0.26622189044448175,0.27334257288304165,0.2615298502535701,0.2657889773954563,0.2651283640113187,0.2715787427625734,0.2679146668858471,0.2636051701419252,0.2683589045374447,0.26727750825142677
0.266319865274705,0.2733723004040922,0.2614043294868333,0.2658029883537365,0.2649802759016832,0.27157258400304135,0.26788804950478134,0.26353680875316,0.2681819584993501,0.26715646327272563
0.26637134455656,0.2734827154024248,0.2612173054282832,0.26564678490225707,0.265207288233073,0.2715419892312918,0.26792489728154384,0.26348480889819775,0.2683978493995376,0.2672912570570182
0.2661830016368134,0.27341464483987965,0.2610738504562862,0.26568673136925514,0.2651696235975705,0.2715950359124626,0.2679493400742735,0.2633760869768798,0.2682244168671301,0.26719440457835736
0.26625798636371495,0.2736005001079611,0.26071305630925096,0.26551928669178554,0.2653023757051741,0.27148566736638163,0.2676463031494831,0.2633554702284314,0.26818724394986754,0.2670934797039192
0.26617981419352404,0.2736622886196566,0.2608140279246479,0.2655123797714781,0.26529319410666824,0.2714944974122926,0.26763174287864444,0.26327148320414756,0.2680823770667738,0.26713971149806276
0.2661791048824308,0.2735541385730155,0.2609128004224255,0.26534112120847975,0.2653302736298229,0.2714862603164298,0.2676086734428426,0.26328650937783765,0.2678873469233702,0.2670090337143072
0.2661356602972619,0.27372410888785303,0.2608740711050333,0.26537652519121513,0.2653167709383214,0.27145993451270045,0.2675571438274251,0.26320835576788415,0.2677378804105243,0.26724551699005267
0.26609024814850313,0.2736621976883909,0.2608577108003264,0.26550883681862925,0.26516725023493076,0.27143185882985793,0.26758757161145263,0.2630720803478831,0.2680745772846104,0.2671474194121546
0.2660132296699492,0.273611941446202,0.26092406369567706,0.2657888844360532,0.2650736413385532,0.271610911313325,0.26792811758621793,0.2629686158169179,0.26812330576974014,0.26701370356268445
0.26588142016400995,0.27361805771896425,0.26085925725579306,0.26582039993665535,0.265025384703824,0.2715275477500423,0.26794974360975693,0.2631232841829487,0.2680396756905283,0.2669707671691539
0.2658245215499863,0.2735457186017669,0.26099030670744766,0.2658358626227464,0.26502114482244704,0.27157726913185076,0.26788379742161367,0.2630611026751171,0.26784322358687435,0.26715091929379564
0.2657260043304443,0.2734808855873403,0.26102325981789376,0.2659651549552838,0.2647889576149092,0.27137418505449673,0.26777273216817604,0.2628752509644338,0.26771835354638074,0.2672485350128753
0.26561533847171065,0.2735949231500096,0.2609653936316962,0.26588197219386656,0.26468213845821253,0.2715812754036945,0.26758861568046616,0.26281437814292913,0.26770448768514593,0.2672001976550388
0.2656037928114575,0.27353124992032646,0.26090061176903523,0.26598420093354047,0.2647114567084154,0.2715957145017595,0.26761212578593324,0.26279667900484693,0.26766699804389826,0.2670773135194276
0.2654178502920619,0.27379751721386464,0.26076906168638453,0.2663123765911349,0.2647318548587397,0.271441107553631,0.2676209032008555,0.26270371104134654,0.2674668994228831,0.2670824523574012
0.2654925070579043,0.2736883609911863,0.2606807784850867,0.26632624040873937,0.26486970347201,0.2714642077668409,0.2674876189219305,0.26259279991860324,0.26744752168152874,0.26719719656374025
0.26527939770357056,0.27355663716426354,0.26062103482214477,0.2662547113971162,0.2647952128852467,0.2713924161184935,0.26732093382604166,0.2625287766811647,0.2674136884335197,0.26720772856175107
0.26516398531283025,0.273634706690957,0.2606192861511572,0.26630461752304374,0.2648418227720915,0.271547007140318,0.26722676323077516,0.2625249399771935,0.2675241895522085,0.26724638520543637
0.26525729942232734,0.27369454344805083,0.260606651506442,0.26643698052877335,0.26471258495075783,0.2716268698735157,0.26728935066857823,0.26232874422748864,0.2675310797052307,0.2673450373780861
0.26517555543054006,0.2736264312283964,0.26054296520759396,0.266274834742646,0.2647424563773646,0.27157673290014395,0.26707342980250465,0.26229945859819104,0.26760477353478657,0.26747858866074953
0.2651107119549068,0.2737078221586636,0.2604664134258986,0.26635233905675654,0.2648427623555349,0.27161542891319823,0.2670728896592876,0.26227724238976774,0.26753956384774963,0.26746289212404295
0.2652066961989959,0.27364666261806053,0.26015643387436976,0.26644771866678074,0.2649553657022595,0.2714820976227386,0.26712052810643455,0.2621812609812996,0.2675557569380853,0.26752008224868906
0.2650448556350581,0.2737394792834775,0.26007696714430356,0.26643859347980575,0.26499015445249874,0.27119732475193403,0.2670109088485153,0.2620413243586572,0.2674144746273634,0.2674499278688231
0.2650411511162016,0.2738081266058922,0.26018218597257275,0.26631374744849956,0.2651893832938478,0.27106517528074053,0.2669216877280204,0.26196788546497135,0.26738910915642894,0.26750465468027823
0.2649133453168487,0.27378092334060933,0.26015352321034446,0.26630409970303076,0.2651147470989929,0.271162695382406,0.267023350204277,0.2620007361641216,0.2676042961881826,0.26759962047181923
0.26477262847244876,0.2738777482679351,0.26016151098064144,0.26640667967820675,0.2651864531251104,0.2711809040264455,0.26708510006513375,0.26211983484006435,0.2675523835782451,0.26759230285164887
0.2647674116891119,0.2740923188234532,0.26009097386306723,0.26645852693952166,0.26527972457240967,0.2711291353322779,0.2672033780390762,0.2620800298735205,0.26746496609051307,0.2677165270706672
0.2646534671603501,0.27419224390160796,0.26007456600288914,0.2665728626284473,0.26529841396147513,0.27095999628271866,0.26727047873363385,0.2621189400532435,0.2673717723627564,0.2678475785386419
0.2646509789412776,0.27403749366455965,0.26014169262478215,0.2665909378545706,0.2653361237915101,0.2708787915614405,0.26736391197930653,0.26214245507777667,0.2674058276490366,0.26785684249439634
0.26472924758154515,0.2740150193962441,0.26004357681325485,0.26657992614244475,0.26554741058870895,0.2708460828414939,0.2673774975792244,0.26216364712522544,0.2675424005370884,0.26787530855815
0.2647397234356148,0.2740960731451199,0.26004055734348247,0.2665497957661274,0.26548895878793805,0.2707882913665068,0.2673827169692563,0.2623211637044018,0.2674642364709591,0.26788980301654186
0.2645428798213598,0.2739968764449049,0.2600578482802631,0.2665872074222698,0.2654411072844455,0.27078616287260004,0.2674985118635061,0.26227401270155176,0.26725600191415605,0.26791717799524484
0.2643911098362145,0.2738897485318031,0.26019914924841653,0.2665647075929,0.265356441275036,0.27084896772225103,0.26758668480220604,0.26225345345958156,0.26726694808333545,0.2678917692566982
0.264367478081591,0.2738222956833722,0.2601597132215462,0.2666299968340512,0.26540168704259237,0.27075249319272987,0.26754305034666803,0.26248283290193886,0.26730668435107796,0.26776676465474575
0.26444712763156025,0.27389041582798895,0.2602282495030741,0.26677368248624467,0.26526241704343134,0.27089174575578207,0.2675359526999197,0.2624936279380046,0.2673378884195745,0.2677418477219491
0.2643943038493723,0.27393840969008093,0.2603702649191806,0.2666949180347566,0.26525554825537007,0.27076630868138907,0.2677931305063963,0.2624101908233826,0.26738019060944157,0.26761896303088056
0.26451573320697863,0.2736702323679232,0.260366905979069,0.2666563548171135,0.2651992087144935,0.27066277556941054,0.26776294663089284,0.2624614574258229,0.2672486133487497,0.2675831917797662
0.26456020813418374,0.273925368669205,0.2601961152647303,0.2665942609283099,0.26525844603286086,0.27059969143492263,0.2677399080435743,0.26241614387468803,0.26722979494865967,0.26764646876662024
0.2644864263569742,0.273952926835441,0.26015269304468913,0.2666475292472391,0.265363169844515,0.2704496882193114,0.26774722617070196,0.26242202901013706,0.2672773206164738,0.26768034243727734
0.2646968963880698,0.27395983883625374,0.26020845997610853,0.2665746375988266,0.26541033309662215,0.2704377177685452,0.26755510076919814,0.26228639796858383,0.2671017787848916,0.2676530745592512
0.264874877797064,0.27383201357263864,0.2602147043869614,0.26657418517852033,0.2653805691772638,0.2704145963775279,0.26755167636068894,0.2622128626483609,0.2670825603472199,0.26775117622518296
0.2648852686121355,0.2738043434676504,0.2602297078321661,0.2666038168336069,0.2653902498398083,0.27023853248500007,0.2677011951585224,0.2622720202151951,0.2669834734615434,0.2678626058252635
0.26503172332900077,0.27370579522579647,0.2603426240697611,0.266625226848269,0.2652366852958382,0.2703630635831495,0.26767854971107535,0.2622539833581273,0.2669785926568,0.2678329790713793
0.2651853882776338,0.27359308765389484,0.2602276311214176,0.2666226077668452,0.26531886506559427,0.2703019943907658,0.2676674887724507,0.26220637792587614,0.2669942110615418,0.26777774582735403
0.26520816807162245,0.2735596709501672,0.2601617203448646,0.2667941144350192,0.265325711358293,0.2701781380239797,0.26767058723688886,0.2622671584694559,0.2670326577239822,0.2677173454427742
0.26517333559437556,0.27349104517240025,0.2600146360764685,0.2666836864002383,0.26542900816719656,0.2702057076675798,0.2676315872119327,0.26234155138620985,0.26700823805066987,0.2676226780548727
0.2654116326073611,0.27362685862167857,0.26010601833182156,0.2667129786270191,0.2653235344120492,0.2700295674014318,0.2676880538984002,0.26226219765355097,0.26683544027053313,0.26766163044232333
0.2653934869553809,0.27370537613737195,0.25984853522960755,0.2665958812618559,0.2653326941638519,0.27006651141147087,0.267739734052116,0.2624175437298587,0.266907012255589,0.26763282998506294
0.2652512136648679,0.2736665453859585,0.2597127410462634,0.266558500576921,0.2650508716727319,0.2700008662616769,0.2676419188341962,0.2624188953695724,0.26691848054532485,0.2674064110030024
0.26530355866326805,0.2735675440383171,0.2596387568872216,0.26667790140037606,0.2649641764284218,0.26994972495762964,0.2675322695311036,0.26224148517251195,0.26695524939464305,0.26743280683244924
0.265249003440466,0.27363656841542466,0.25973047671582883,0.2666069471013007,0.2649835243517974,0.2697636366290843,0.2674971416745999,0.2621666063659208,0.2670755774353804,0.2674026410655672
0.2653086623885995,0.2736564341041306,0.259742103855419,0.2665941241238507,0.2650600076534156,0.2695949122700125,0.26767144120955744,0.2624078188177208,0.267045374942569,0.2674670426966611
0.26538545079306586,0.2736713543675592,0.25978231455306094,0.2666864791865737,0.26498510736603853,0.2694477502632685,0.26779343174052544,0.2624284457940214,0.26708520756281406,0.2675982749080831
0.2655267063362038,0.2735419932617477,0.25980943511477894,0.26675583171906997,0.2649020175656715,0.26927937796380363,0.26786257729949264,0.262531714696803,0.26707515247198466,0.2676350837270021
0.2654566962191176,0.2737608175587453,0.259765882169904,0.2668196266711805,0.2649347189813377,0.269300238885071,0.26776444082121237,0.262470189794957,0.266883446635766,0.2675627646037256
0.2654535404671581,0.2738821550087743,0.25980383030687987,0.26683429302837053,0.26482397698574334,0.26925510629376986,0.26782569729339,0.262309366846284,0.2666595293001671,0.2676111177675598
0.2654170145181956,0.2740272535978865,0.2599601075592378,0.266700246673885,0.26468268054651434,0.2692995930917834,0.2678540983446874,0.2622166587658091,0.2667147959258235,0.26756820617800314
0.2654226734729529,0.2739695041567272,0.2599664642849369,0.2666998202504789,0.2646868022641713,0.2693384318043168,0.26783536816176545,0.26231604773540135,0.2666391665525269,0.26743248532083147
0.26545000520319545,0.2739229435337312,0.25990149339983604,0.2666936227528333,0.26469931476131353,0.26930043267360554,0.2678869402430807,0.26236450200393313,0.2666724335243475,0.2675722676538635
0.2654776476101348,0.27393002069641575,0.2597936142590293,0.26664899808510056,0.26470951897159045,0.2692973489434429,0.2678007419672139,0.262277573606036,0.2667099009891259,0.26751251961272793
0.26549144418627857,0.2739906167169006,0.2597041374592491,0.26654393410607624,0.26472318232375847,0.2692792884649713,0.26792980898284735,0.2622235197826235,0.26663858330151174,0.26751277659982764
0.2653719882915168,0.2739665445271552,0.2596159169865806,0.2665030705527719,0.2646529411399298,0.26927418350424787,0.26797029702076225,0.2622889587546199,0.2666743263299653,0.26760002577481873
0.2653037534733612,0.2738119474009917,0.25967792569349735,0.2665080065510629,0.26469826919495837,0.2690889084619247,0.26808081079646345,0.26237028879728885,0.2666386488881268,0.2678143037241595
0.2652398108769133,0.2737645463661136,0.25963124158764217,0.26659145049617666,0.26488257187186487,0.2691461505946833,0.26812949975079015,0.2623067363692319,0.266670615145134,0.2677911648226683
0.2652039001803057,0.27392241826310476,0.2596608566811023,0.2665492750281799,0.26492399093674956,0.2690962632786424,0.26811347602994745,0.262266706076538,0.2666715310250346,0.26777141274541894
0.26526512925562085,0.273989199087208,0.2596673734611574,0.26644586145418614,0.2651198502104742,0.2690004209880644,0.26824801207266696,0.2622109334675192,0.2666128199373483,0.26773194159801716
0.2653046228829828,0.27381965609529785,0.25976255690548167,0.26643114507920995,0.26501216112716247,0.2690521249928862,0.2682273347295118,0.2622744893162416,0.26650556785300505,0.2678345017373938
0.26536642447937425,0.2738614803700146,0.2597207140230073,0.26632277666471016,0.2649496383726205,0.26907251105915847,0.26816522361325007,0.2622852904643939,0.2665849667169488,0.2678917588666237
0.2654941374079061,0.27383838358873813,0.2595315836417738,0.2663251505984114,0.2648983913870818,0.26901999870144844,0.26820413845692265,0.2623749236378544,0.26647754078289176,0.267762828975939
0.26540611184930585,0.27365219181477757,0.2594434694305819,0.26625786870715273,0.2648370641640496,0.26891176257852945,0.26820939767679547,0.2623491863099813,0.2664845685690817,0.2676258781456215
0.26533200322691225,0.27359911401875053,0.25949321190583974,0.2663302448394127,0.26495851496398015,0.2688647778040682,0.26823609730604075,0.26227534483840986,0.266511879173764,0.2676686367474385
0.2654217849561446,0.27380344420771835,0.259411681873411,0.26622387441743567,0.2649151665036238,0.26876440284803005,0.26831602261762394,0.2622407973916461,0.26639940047781147,0.2676722429292025
0.26559081835475673,0.27367748825535815,0.25943652217460184,0.26612014525928396,0.26491405223855563,0.26874852879106825,0.26831347359590363,0.2620925321093506,0.2663975819871135,0.2675164884622753
0.2655210217796671,0.27372443043236766,0.25935581014820525,0.26603393335345893,0.26512923223149026,0.2687253687947331,0.2683801064402659,0.26223806835941127,0.2663167416595507,0.26742173096924843
0.2655116024072972,0.27371778510038053,0.2592932526577074,0.266077422303534,0.2650591113282868,0.26866160459461713,0.26833800671017316,0.2621270285848584,0.266423191983573,0.2673104621468508
0.2653634112503403,0.2737551856855628,0.2592831592734174,0.26608126344851685,0.265022898360486,0.26845455243103467,0.2681469521037276,0.2620842050739196,0.26644096289696617,0.267407902738956
0.2653625064132012,0.27370356539813817,0.2594124983606623,0.2660091192619148,0.2649416797554444,0.26836349911038904,0.26814259625783254,0.2620712316174288,0.26633801748296937,0.26748669581743967
0.26522708821255175,0.27361639356043604,0.2593443958609422,0.26602027792620236,0.2649823250722012,0.2685004718115111,0.2682343080350738,0.2620387332989751,0.26638935352609555,0.2673728547207862
0.26532379855692,0.2735231663697138,0.2592509304968983,0.2659411119028954,0.26501560972294996,0.2687303127894791,0.268033391821233,0.2620024737356568,0.2663301149446271,0.2673230503038233
0.2653028146836434,0.273408081739377,0.25926959834738517,0.2658091851992208,0.2649809007847615,0.26862281778419217,0.26798426392935026,0.2620409413088551,0.2662417385884414,0.2672380089705221
0.26538086866602306,0.27333816158123037,0.25913216191121163,0.26581660955141195,0.26493499090633854,0.2686590147538644,0.2678444641676708,0.26201274130180774,0.26616423294238256,0.26711577182983426
0.26540333611136296,0.2733930614079036,0.2592358298925443,0.26585209662353104,0.26489481884059013,0.26875642130959226,0.26771603245415143,0.2619340854721412,0.26605118446407255,0.2671155185959585
0.2653612254871636,0.2734765621047964,0.25932130836251654,0.26582174736283287,0.26486561959832894,0.268795915295098,0.26769131122875606,0.26203317452841746,0.2660734431865599,0.2671314693941615
0.26539000979013194,0.27349101010587645,0.2591538730163796,0.2658434597781707,0.26478346068298525,0.2690503043204676,0.2676822726237356,0.26214341162767707,0.2659410723540077,0.26704235507644997
0.26533961378275944,0.27347850012111524,0.25929269419708634,0.2658544407135376,0.26481801490836576,0.2691344167653339,0.2676260678282822,0.2621447891655484,0.26592077900486594,0.26699178002395146
0.2653982216424012,0.27346602800888353,0.25921799651085464,0.2657908351481951,0.26460695721795935,0.2690355576469453,0.2675731175630524,0.2623024243083498,0.26578627331206406,0.26698023352406197
0.2652901623041444,0.27346820866778004,0.2591163197726546,0.2658378641273871,0.2647559827069039,0.269030000712703,0.2675236162664958,0.26235356222482126,0.2658590790975925,0.26689889547488954
0.26538651326526813,0.2735747938000098,0.2591146890663308,0.2656878993543352,0.2647503031507252,0.2690530929416519,0.2675182524475592,0.2623251899863678,0.2657270376801775,0.2669376898726365
0.2653019112160117,0.2734881019699003,0.2590887996571751,0.2656003408151146,0.26470856548211724,0.26904892206307823,0.2676691016264473,0.26238570067371053,0.26575772789340024,0.2670071207750216
0.265216605220022,0.2733848428005694,0.25903675091854655,0.26552107842540784,0.2647505555458022,0.2689707095912119,0.2676370666010948,0.26240314125357794,0.265710885489448,0.26695109004274165
0.2652676784173192,0.2733377170178728,0.25909462044101494,0.265415753169102,0.2648604815075225,0.2689058845324769,0.2675386467730079,0.2624928999023825,0.2658094040537859,0.26671343914509293
0.26524616616283914,0.2732115260662762,0.2589860740645801,0.2653728626625341,0.2649757413912019,0.2688265688545898,0.267570469845425,0.26243688559601713,0.26577832220984743,0.26669822009922123
0.2652624351835195,0.2731699651488792,0.2590967956051884,0.26540642650551594,0.26489179622244546,0.26880998502855363,0.26747572812165615,0.2624390964723646,0.26572539544510904,0.2666833072295659
