0.25,0.5,0.75,1,1.25,1.5,1.75,2,2.25,2.5,5,10,25,50
0.3796832832661155,0.34136496587121323,0.3180078414907151,0.29796398824051995,0.2805532132123009,0.26553428251336086,0.2519416032092458,0.23985162621750974,0.22879414832437545,0.21897956563126786,0.15986671507371292,0.1031135582161199,0.052194153595941345,0.027619784753184926
0.40477353423811324,0.3578419385047222,0.3276849470176289,0.3041804702444122,0.28501453890039785,0.26879788274607197,0.25459455219200977,0.24194565067482002,0.2303709127674988,0.220418692501196,0.1542204877967484,0.09777979401378496,0.04719699547470014,0.025459964948643065
0.432875222392184,0.37318533205273724,0.3378893917001845,0.3116865477526046,0.29062472805622785,0.27351800904769313,0.2581918849758626,0.24512373907277138,0.23291409085085685,0.22248993437126868,0.15496209316962603,0.09798766360945783,0.04723959878503299,0.02546918325416574
0.45555174424937644,0.38610473084763697,0.3469220338698947,0.31843227535443713,0.29566637625714054,0.27766919475872887,0.261587607252012,0.24796405230551072,0.23530512830725414,0.22466046241218993,0.15566737498566105,0.0982100321210555,0.04726950435944081,0.025474227995681352
0.4742421598028715,0.3973315998150815,0.3553775924568354,0.3247954079780908,0.30055400061881105,0.28174211811780797,0.2647503152308511,0.2507286308162138,0.23744247884580583,0.22643940134955598,0.1563688957534161,0.09839595033761085,0.047310641321062885,0.025488373547833176
0.4896828536875965,0.4077183393202203,0.3629218409713109,0.33071158478375984,0.3050163493743329,0.2851311077369696,0.26771232523014,0.2532032838627012,0.2396939567720495,0.2283602781788473,0.1570214282058006,0.09855883923204187,0.04733936682028225,0.02549802361659851
0.5031122619873649,0.41714661913132706,0.37013154087964045,0.3359125980642133,0.3092522548584318,0.28860682801147036,0.2705111574882093,0.2554659736706485,0.24175865695179408,0.2300724142880579,0.15759958794983814,0.09875356381259506,0.04736857776708438,0.02550452961397017
0.5149356819854148,0.4259980593533897,0.37666213715469815,0.34079954669615936,0.3131173488803581,0.2917752450309996,0.2732062329888408,0.25790165016895517,0.24363773726276838,0.23168099435331097,0.15823988323596772,0.09894410397042067,0.04740398278626169,0.025514325990664034
0.5253267379468276,0.4339113843737983,0.3825127131431221,0.34528183126175216,0.3170982924649931,0.2947932996072101,0.275802323260433,0.2601205108271667,0.2455758872093319,0.23330388115420722,0.15883851030101598,0.09909495097447624,0.04744539801620125,0.0255203396712614
0.5346510072302152,0.44125577465200927,0.3876642008705318,0.34953386796198216,0.32031628582079397,0.29779932769954137,0.27813041300012636,0.26216158214376317,0.24749885222714724,0.23493913191533494,0.15943433778824967,0.0992909193130395,0.04747545867913148,0.025531149846853018
0.5435932466312986,0.4478090279335057,0.3928367385758437,0.35382365343303857,0.3236918751418322,0.3004651654662662,0.28070876138092515,0.26425750738112314,0.2493193633755382,0.2365402416521662,0.16002602338371136,0.09945133730089827,0.04750289925873819,0.025536938733654233
0.5515570690881147,0.4539095398430677,0.3977150973959591,0.3578222530492154,0.3269083135435714,0.30322852306035375,0.2830114745560837,0.2660760249788287,0.2510157324662241,0.23806421592013904,0.16058525153238742,0.09964828174434665,0.047535006137989985,0.02554649930153943
0.5587026038171894,0.45960401160017217,0.4024364819546207,0.3615634705908368,0.3298537209073319,0.30573818289722654,0.2850904536293011,0.2680255018490676,0.2527208200058397,0.2395774656849656,0.16112857676327644,0.09980722560898056,0.047566566942536054,0.025556368578054958
0.5652293074687111,0.4643410656466279,0.4064298977126671,0.3652116998586008,0.33269636598611263,0.30809367229319334,0.2872600900276156,0.26982775572861817,0.2541851344093083,0.24099652047451114,0.1616040624995695,0.10000201206500588,0.04760050466745484,0.025564988199182192
0.571055802515674,0.46920501496225653,0.4104379386148821,0.3685543092832791,0.33549528033703774,0.3105419491771303,0.28937600673112035,0.27156958858187913,0.25578739267110756,0.24241551529215274,0.1621792073040501,0.1001958541803197,0.04762936791733664,0.025575240045990266
0.5764305884587446,0.47416494216679594,0.41444873369713386,0.37155187193530137,0.3382964209560826,0.31273205164560874,0.29119455397260535,0.2732929979732591,0.25732745058730394,0.24370382922117034,0.16268341311874895,0.10036117068707884,0.047665120088271576,0.025584057824261576
0.5819590652262908,0.4785550913158766,0.41833306771788226,0.3745662019098848,0.3409188459422125,0.3148641173700492,0.2930030668490438,0.2748663001466106,0.2587964071454256,0.2449310675429432,0.16314950688494537,0.10052212806251104,0.04769895024597465,0.025593399000953268
0.5866354531139351,0.482439705201067,0.42158088502166524,0.3776602494005873,0.3434796992267325,0.31696156365669564,0.29488968443858954,0.27647224602489295,0.2600103833443731,0.24612950662935604,0.1636260158455184,0.10069998856077317,0.04772133680303327,0.025602408095802734
0.5911264674101729,0.4860516567738295,0.42496075534960814,0.3804172295165862,0.34592352161509365,0.3189796284654958,0.29660961316685724,0.2780238032366177,0.26135403105339106,0.24718618200586304,0.16408544446157003,0.10083452566374543,0.04774246020310464,0.025609907785979616
0.5949767295713242,0.48956207763031206,0.42800490740272884,0.3829559403457366,0.3480305406990036,0.3208336198666672,0.29821341316690114,0.2794715371805806,0.2626764155530428,0.24831250036768904,0.1645539943980828,0.10095079015446198,0.047769155984739485,0.02561553201781496
0.5987556062320172,0.49306164306073796,0.43082557268598787,0.38565944809954233,0.3502096695442293,0.32255446502052826,0.2999467322570494,0.28091669204301517,0.2640476239566082,0.2494317354036375,0.16501528408978433,0.10112673160822946,0.04780223144752069,0.025618585128144744
0.6022726417734303,0.4965053252742703,0.43368018760789573,0.3882775236852069,0.3523545543621688,0.3242716570751657,0.30166429030641173,0.2824361626444587,0.2651355754602972,0.2504044672057862,0.16547743941159299,0.10127113416277825,0.04783713139974043,0.025624076270334913
0.6054983218519281,0.4995646110401348,0.43629794117347237,0.39059085032567564,0.35433748486774075,0.3257873267169486,0.30308622760589976,0.28393199089255344,0.2663668272680784,0.25127268449328,0.1659774732894223,0.10141114415146045,0.047864579238345015,0.025632373470982628
0.6089868911621399,0.5028057239382862,0.43916979856249344,0.39284129719125654,0.3563498672003844,0.32752822212045035,0.30452338863371053,0.2853424569715868,0.2675088286215387,0.25221914672798484,0.16633413091743732,0.10158082859506627,0.04790283467917911,0.02563828441539438
0.6121142737586527,0.5056436810984177,0.441573978461609,0.39503851476002716,0.35812021737138444,0.32917499734655076,0.3058644253050409,0.2865935783452109,0.26864184147477155,0.2532945283633269,0.16674688269553145,0.10171589690652476,0.047933206523537976,0.025645585247191512
0.6148371074062701,0.5082155072614949,0.44385179986687134,0.3973250399707539,0.35997462307331496,0.330880428332917,0.3071663483552657,0.2878521297099827,0.2697254634260101,0.25431107780599677,0.1671398230529297,0.10187084450047346,0.04796140009420632,0.025653823651035697
0.6175752538267887,0.510873370413731,0.4460648784029616,0.3994363074112395,0.36176882821658046,0.3324452422979186,0.3086504143780962,0.2890505733811358,0.27084667904720894,0.2552611296716733,0.16755797740316644,0.10199642996158,0.04800309970658335,0.025660395176716647
0.6202184705130813,0.5133837645304823,0.4483729666050238,0.4012859672670198,0.36330969139048475,0.3338086541724287,0.3099786304813349,0.29014610205348496,0.2718283990437312,0.25618270543148863,0.16794387140936456,0.10215556498414982,0.04803233729788172,0.02566709662982408
0.6227864029805626,0.5157766344910757,0.45043233789753856,0.40310294716645023,0.36487996878069795,0.3353007605747484,0.3112732555974915,0.29128983116567864,0.27277364564631934,0.2571293169262952,0.16830899572658486,0.10229347303496236,0.04805791062252411,0.025677518920522314
0.6250392355682131,0.5182041834060936,0.4525380704952787,0.4048649429062988,0.36642065738776314,0.33687836419294964,0.31250276504091967,0.2923448676303217,0.273738483690145,0.25798595432037646,0.16867928595780557,0.1023995644205834,0.04808576116763277,0.025682685368832246
0.6269651369250381,0.5205058256781465,0.4544663932687643,0.40670925055611723,0.36803058329336813,0.3383839108519835,0.3137763352893822,0.29339275521513963,0.27462003097778276,0.2588749828835891,0.16901943173651288,0.1025439097199856,0.04811356750712025,0.025690901923570784
0.6288551022793006,0.5226297705799086,0.45622862054207,0.40833885837929174,0.36946482442721973,0.33979558111841307,0.31494800357668756,0.29443607255915405,0.27550586946262445,0.2597752782631958,0.16940413544940325,0.10270498648194074,0.048144756604802295,0.02570003720911932
0.6307650761271018,0.5245392451881301,0.458024532632507,0.40992277393638016,0.3708087346529901,0.34101362959641585,0.316134180904713,0.29551626665593966,0.2764587917347263,0.2604673263480348,0.169824911504776,0.10281129209320933,0.04816826191598393,0.02570743209820294
0.6324770217255647,0.5265634820068886,0.4598403552319389,0.41164193377014235,0.3721711180657531,0.34231667537006305,0.3172870281375777,0.29643929452109746,0.27746807471073254,0.2612774357158752,0.17015568787139682,0.10299197972288054,0.048187322390843806,0.02571462955542306
0.634180669631213,0.5283625810204643,0.4616047254879225,0.4130272581069962,0.3735485393046017,0.3435244953729335,0.3182028796127363,0.2974174950761228,0.2783961582686454,0.26210580725781,0.17053525747481285,0.10313154600680866,0.048209165759340346,0.02572057950826227
0.6357172585554896,0.5300102992930633,0.46321839029615675,0.41456740930108604,0.37470225132639207,0.34469975720118373,0.31924382518642036,0.298454944232801,0.2792696020386845,0.2630049493436295,0.17088115303405105,0.10324350620881773,0.04823601527514651,0.025728329238876673
0.6375287492239641,0.531855307224947,0.4648418709286069,0.41588749820005844,0.3758745630095904,0.3457355495978581,0.3201934413367969,0.2993663380340967,0.28011947502067197,0.2637999192263159,0.17122622726206807,0.10335892453295295,0.04825988059958303,0.02573213631874587
0.6389877048737419,0.5335408591078316,0.4664203003034984,0.41725318454824767,0.37709215034181975,0.3468966523011357,0.32117877120807453,0.3002334690449817,0.2809268042129161,0.26449428175007816,0.1715831696626596,0.10349845947992407,0.0482940387833784,0.025737465604499795
0.6405760472445531,0.5351584813170633,0.46788375890616074,0.41859349341420926,0.3782738190713263,0.3479909009650417,0.3221871404530582,0.30124610380050343,0.2817380520108281,0.265280613223748,0.1718958589684569,0.10363926394256162,0.04833023536937142,0.025740626477983343
0.6419905282230811,0.5368265040194654,0.46913635195996695,0.4199310945246012,0.37949586257943724,0.349175161505468,0.3232767817835281,0.302163884318165,0.2825174461943198,0.26594601516641286,0.17219052010616462,0.10375113690080306,0.04835369080826371,0.02574711057440765
0.6436048814767183,0.5383180253841381,0.4706611016656748,0.42128398107640197,0.38051861618745614,0.35026133344113186,0.3242002922494735,0.302961341775014,0.28330014445590546,0.26660429044977346,0.17249201200825884,0.10385497570056827,0.04837320405414444,0.025758725455678862
0.6450515897869297,0.5398564416114531,0.4719570387266234,0.42255306595562636,0.38154590080594714,0.3512721821894804,0.32498264256328885,0.30376342756665276,0.2840531819677243,0.2673174904750957,0.17278036905300548,0.10399260432061931,0.04840755764380531,0.025761159342426634
0.6463491660908568,0.5411005349245628,0.4732805618360047,0.42374758011572916,0.3824604774572172,0.35227309730059203,0.32595820050679164,0.3045071118074751,0.28471886592530826,0.2679061431732128,0.17311428812010687,0.10411747482141784,0.048439520810333855,0.02576788574008873
0.647841794143022,0.5423781804888604,0.4745033493402141,0.4249808569374625,0.38342399019389156,0.35338751070016206,0.3268308659738681,0.30538100204728186,0.2853990194998601,0.26847264591517184,0.1734312674443028,0.10422709033076329,0.04846499231748711,0.02577171727805981
0.6492042549746201,0.543863850849791,0.4757978355426189,0.42602713322353863,0.38428805051848064,0.3543023434637559,0.32760280493926974,0.30610533597400624,0.28615886579485916,0.2690313210810657,0.17374123204742362,0.10433121497133944,0.04848322891657111,0.02577402326167422
0.6503288485198935,0.5450771869646049,0.47710895054214847,0.42725885901420835,0.3851929611602626,0.355247453404686,0.3284204610095722,0.30680936277135606,0.28689247290008146,0.2696326976686042,0.17401549255171656,0.10443229772821037,0.04850517647692065,0.025782897964150148
0.6514533171141996,0.5462441831233967,0.47827698592512413,0.42831863085867344,0.3861300330809287,0.3561857669141878,0.3292853126517319,0.30758675956044695,0.2875797430230361,0.2702768168038825,0.1742910903348527,0.10454852628674624,0.0485244228812498,0.02579108576165299
0.6525015171446624,0.5474386819776552,0.47950251773830854,0.42948574757508073,0.3871124692708028,0.357003748955155,0.3299836719216468,0.30834111543837234,0.28818670681371317,0.27099956064302455,0.17458379235321514,0.1046644715598806,0.048551554428000326,0.025797103320438018
0.6536050387204522,0.548430033085066,0.4807583278405744,0.4304671995951971,0.38790797768939755,0.35780672645504896,0.33072309917658926,0.30906276305852387,0.288880113809229,0.27159048148041093,0.17487520327441752,0.10478066966374272,0.04857742709747081,0.025803884135723876
0.654530072867117,0.5496349514706411,0.48199145325481374,0.43138296060741427,0.3888211798215434,0.35860924161827556,0.33143967811691744,0.30979349131185696,0.289529292794833,0.2722419244720176,0.17510896280723626,0.10490324291991378,0.0486074669653748,0.025810496823208445
0.6553575993172498,0.5508874771405107,0.4830606041275566,0.43243283824290263,0.3897062181953876,0.35941092556982385,0.3322315626532567,0.3104699815311884,0.2902338157416553,0.2728988639936356,0.1753949202732874,0.10501370530852727,0.048635621235787956,0.02581557123045411
0.6562701799992973,0.5519465433677261,0.4841092679723734,0.4334467372109775,0.3905794892494979,0.36018698540800625,0.3328888883940482,0.3111280844164471,0.29088631521961444,0.2734931026675962,0.17565344272636063,0.10515672146168878,0.048662994929887994,0.02582229893429596
0.6571885659442505,0.553000813036571,0.4850654906997619,0.4344577194275826,0.39138214984646313,0.3610500289297604,0.33351305869500186,0.31165455801190217,0.2914824396459971,0.27413139453019036,0.175962319431606,0.10524359729018433,0.048684966853782305,0.025829911189579426
0.6580926355594034,0.5540311400968757,0.48610171523260526,0.4352507265231551,0.3922834910598256,0.3618232586248905,0.33434026822297974,0.31233607816683995,0.2920620706203694,0.2746517600152501,0.1762413216636538,0.10537120297665482,0.04871207416073983,0.025835950211990526
0.658957702320303,0.5548988244693817,0.4870727492033793,0.4361145821196883,0.39304567832334397,0.3626035289666435,0.33510636343247624,0.31290618718867697,0.29266832876674437,0.27525348329086224,0.1765793625653956,0.10549283460365902,0.04872781645849202,0.025841223098302262
0.6597817434517171,0.5558703853180366,0.48798579427962646,0.4369523940477845,0.3938861424603284,0.3632093547044443,0.3357472175763616,0.3135518125849519,0.29323081576983157,0.27580272216627205,0.17686483755313348,0.10558414983491286,0.048745773264460335,0.02584668598295769
0.6606569163768329,0.5567081352185541,0.4889206319325701,0.43766343481654224,0.3947112737234747,0.36402745312098733,0.3364524862409913,0.31411554866392183,0.2937693208200867,0.2763281337696333,0.17712620818722086,0.10570898323031419,0.048765162598839805,0.025853353835973578
0.6614880345482318,0.5576641016250254,0.48978735560678066,0.43849594447533613,0.3954607677409394,0.3646714718163807,0.33717974300507353,0.31470006894135066,0.294363649232897,0.27685476152130123,0.1774163485083442,0.10580408709933206,0.04879062231897967,0.025862587676363877
0.6623416789454823,0.55839365182367,0.4904851896749579,0.43930556577177526,0.3962152246715546,0.3653663371469465,0.33789765145704087,0.3153390541611714,0.2949912415054337,0.2773671059163507,0.17766386570056655,0.10589577599255906,0.048818507519866786,0.025869485512051163
0.6630879365569451,0.559148437884059,0.4913531532186044,0.44022517536375483,0.39700070545155564,0.3660941079245459,0.33857597410342777,0.3159708523718659,0.29554086086984976,0.2779273639051956,0.17792282574641793,0.10600864379171408,0.048848694674726155,0.025876063165000546
0.6637811813514337,0.5601021344808724,0.4922369794831416,0.44100638778832657,0.3976785086416726,0.36683089176801564,0.3392386659520825,0.3166290541701471,0.29604052701320865,0.27842297988550235,0.1781812629346488,0.10612194275787719,0.048864020316893006,0.025879777367496783
0.6645191868910046,0.5608622947665873,0.49304254130595465,0.44178028851198514,0.39820308699615614,0.36755736369189007,0.33979670402771467,0.31716189486777957,0.2965624960093532,0.2788565647153426,0.17840972396994217,0.10621452211868518,0.048882396065547964,0.02588443136162635
0.6652110305639656,0.5616499241989896,0.4939437552364235,0.4426019431978704,0.39882846764667856,0.36819839423098677,0.3404268370948834,0.317698384931269,0.2970651820516456,0.2793793071362879,0.17868863204400995,0.1063194551104808,0.0489115061456745,0.02588996542156667
0.6659678825034553,0.5625891791463073,0.4947230711810684,0.4433661512091518,0.3995858992979015,0.36884046657073044,0.341010818087339,0.31837389832152174,0.29758046409839306,0.2798263659497713,0.17895704563677156,0.10642646906409113,0.04893103130710125,0.025897968906174074
0.6664520239773214,0.563279024849081,0.49548449608089473,0.44402539690120923,0.4001494883921194,0.36943521882197006,0.34144361682357083,0.31892258642525456,0.29797781690918695,0.2802246702740071,0.17921021185572256,0.10653253915849761,0.04895178188095706,0.0259025530739321
0.6671927865232428,0.5640148994114811,0.49631358042657525,0.4446812829857676,0.4007177032373501,0.3700669057128927,0.34201531573594945,0.3193408278221663,0.29845780746497463,0.2806493956078752,0.179436737454766,0.10663239112681326,0.048977447271688734,0.025909572197947178
0.6679293693879708,0.5647625371001997,0.4970864641294833,0.44541735863385123,0.401343969069605,0.37068356765330573,0.34248928482750046,0.3197788140971748,0.2988698756792494,0.2811272849012392,0.1796343831015349,0.10671188395645706,0.04901646429804266,0.025920278178898328
0.6685575293264068,0.5653622761788563,0.4977924594139308,0.44606113690771454,0.4019640136074069,0.37119263169115646,0.3430652584218175,0.32029048912452907,0.2992963910608202,0.2815938484721097,0.17983838400653646,0.10678489275868899,0.04903790210051749,0.02592529677833079
0.6691408276517261,0.5661645739913866,0.49852554540163013,0.446650108003851,0.4026374172227713,0.37179454974088083,0.3436165776574891,0.32085449240306246,0.2998009699322025,0.2821407982557668,0.1800973962416641,0.10686011167208229,0.04905875265240489,0.025937151896355447
0.6697579968432703,0.5668860834867816,0.49929793103163367,0.4472870497428047,0.4032798088270007,0.37239048664880114,0.34414800043040356,0.32146887432866966,0.3002234902697685,0.28253223815930817,0.18031426704649664,0.10695159276646196,0.049077673588170015,0.025944570899708946
0.6703898112319406,0.5673907856511474,0.5000034603535157,0.447967814648583,0.4038350944822694,0.37301172441125996,0.3446699862728262,0.3219935780600336,0.3006729920686296,0.282927198912867,0.1805518198387328,0.1070308171529417,0.049098380108490006,0.025951824663176852
0.6709231878259604,0.5680958289080049,0.5006340977153029,0.4486213042153858,0.40428933512181553,0.3735750318841438,0.3451567051117437,0.3224678144614433,0.3011276378427222,0.2832486820552097,0.18079008529273724,0.1071064118783836,0.04912039946118807,0.025958913207896936
0.6713923318038099,0.5685626640070982,0.5012733218638101,0.44925571235150025,0.4049159207233841,0.3740658822244475,0.3456218561687294,0.32292836793489843,0.3015339436604135,0.2836264638788176,0.1810330525704163,0.10721459229031131,0.0491411343818275,0.025963571732040513
0.6719662290001234,0.569250367644081,0.5016802551323579,0.44988771415636647,0.40542090317886237,0.3745958922136478,0.34619286512470837,0.32330856897165205,0.3020022941356127,0.2841408907788363,0.18122769619024498,0.10730845880034486,0.049158200078984374,0.025969318890881506
0.6724843803125715,0.569945542876,0.5022352248370294,0.4505339345327009,0.4060177818370253,0.3751054597352183,0.346710749140608,0.3238868011151146,0.30242581569674315,0.28456000096284434,0.1814328648467401,0.10738410236759892,0.04917369820727371,0.02597688702366726
0.6730523838345139,0.5705333929151202,0.5027298233507337,0.4510929528523596,0.40648058496310957,0.3756096863965133,0.34719259916179845,0.3243457201101727,0.30276614631952636,0.28501234724545105,0.18163455793559727,0.10747553303802984,0.04919410317276175,0.025982824260601268
0.6735889267699048,0.5710535767521703,0.5033341410897622,0.45176459810760583,0.40700533399604766,0.37610401506105184,0.34760482374222046,0.3247409800059891,0.3031941991215951,0.2853973689422342,0.18186639090048023,0.10754975446330071,0.04921827758651785,0.025986781545501627
0.6741575080350326,0.5715437843641988,0.5038136836554098,0.4524068208897537,0.4074609079399396,0.3766094856116987,0.34802545194114953,0.325151342846408,0.3035997169398442,0.28569553467303854,0.18203792836589897,0.10764184104741832,0.04924217891759973,0.025992500631797092
0.6746527549640754,0.5721167239154796,0.5044205469953639,0.4529485947453456,0.4079989595978639,0.3771192369729155,0.3483771124603881,0.32562372604063283,0.30403013138239116,0.28612371252483026,0.18225600646076653,0.10772166839210079,0.04925706994911395,0.026002896896440374
0.6750513666245481,0.5726886873124677,0.5050719098873594,0.45354952375169577,0.4085119673620699,0.3775382951196805,0.34890625839055867,0.32610992890421453,0.304431408455371,0.2865138433069668,0.1824261266447159,0.10779429560648221,0.04928207495951126,0.026009122158892835
0.6755531608576625,0.5731931405295256,0.5056167779428684,0.45407886884072596,0.4090229526356172,0.3779875177501032,0.34935578631837727,0.3265307514064763,0.30488956459783506,0.2868638082660583,0.18264272286592775,0.10786299841503894,0.0492946276173757,0.02601208783024139
0.6760147328448347,0.5736668859051547,0.5060975508591565,0.45446561765065996,0.40948207538309295,0.3784996415057527,0.34977529458245343,0.3269486617173324,0.3053292784897669,0.28726274009087305,0.18283250938060142,0.10796257257687678,0.049322687536538984,0.026017031549751223
0.6764580369652933,0.574139248199755,0.5065215776569911,0.45503112800654466,0.4101058359038258,0.3789453909115753,0.35020605812995526,0.32731234998319403,0.3056892915312844,0.2876241414745204,0.1830193742006137,0.10806363822562819,0.049345773489865,0.026021374946354047
0.6769082905000883,0.5745725367273624,0.5070718284050844,0.4555082463431003,0.410631267113227,0.3794506061703888,0.3505671265001814,0.32771536452301586,0.30598984249416455,0.287991369865077,0.18320803279862904,0.1081492717430715,0.04936054435020263,0.02602659351884195
0.6772032661965013,0.5751370956843056,0.5076898271955579,0.4559318161153415,0.4110570201182066,0.37989618451649104,0.35097720341643746,0.3281003292063749,0.3063188056230616,0.2883464211771711,0.18339863761614694,0.10823100863133858,0.049383427013096406,0.026035566222404504
0.6776961129829301,0.5756434508319787,0.5081801258947732,0.45649562845325553,0.411563300000769,0.3802170458243282,0.35132077382013505,0.3284714252868449,0.3066738979308174,0.2887080826950972,0.18358138182334222,0.10830909478064846,0.049400748752618795,0.026040540744996732
0.6781296692279062,0.5761901195844866,0.5086654156770061,0.4569181842360436,0.41197817681951254,0.3805925755660452,0.35166684590647274,0.3288794471853128,0.30697796525599136,0.2891151477766686,0.1838197673793282,0.10841223155645296,0.04942570187343964,0.026048138086525903
0.6785800084007133,0.576534365832119,0.5092234475952062,0.4574329127945719,0.41239078017052805,0.381002381139327,0.352091053252738,0.32920592966513207,0.30736965721841303,0.2894596537915261,0.18405270054284373,0.10852062301230285,0.049437471245641504,0.026053440574848645
0.6790368112912053,0.5769713100568458,0.5097629837557477,0.4579263692907901,0.4129156873122768,0.3813595207397927,0.35244146679601834,0.32961331866542604,0.307750337847568,0.2897830099802937,0.1842557967338797,0.10861871846709723,0.049452773911244294,0.02605873906456537
0.6793836795235644,0.5773619895083638,0.5102829259739633,0.4583502155388285,0.4133692026632889,0.38177977822670567,0.3528374104360318,0.32993203646076186,0.3080912293300716,0.2901212933257579,0.1844140834251649,0.10868681415779564,0.04947521382193411,0.026066028588220106
0.6798396001171451,0.5778269812378294,0.5107960087400597,0.4588985893485338,0.4137867874479493,0.382177699072038,0.35319144633554145,0.3302916513141713,0.30839642487724733,0.2904304314844727,0.1845890265156336,0.10877050035300971,0.04949777359670891,0.0260758775131909
0.6803094669825279,0.5783160625122494,0.5112845753699861,0.45927922046491965,0.4142364935447066,0.3826145135138602,0.35353632700082943,0.3306499060899085,0.3087989474520551,0.2907258680606795,0.1847709467968444,0.10883765849538092,0.04951800943706398,0.026083465031416134
0.6805931198224539,0.5787490679349349,0.5117110467262225,0.45967709648883454,0.41453867328770166,0.38298435857579793,0.3538795098637732,0.3310126293078462,0.30916549091520495,0.29099313609033556,0.18498607278856125,0.10891253187536935,0.049541962634726815,0.026088912169064577
0.6808782033430624,0.5791871674473238,0.5121350364122232,0.4601032687716307,0.4148836322061527,0.38336892704478914,0.35425390153955705,0.33140359538992725,0.3094513840269282,0.2912780146139338,0.18517850253348905,0.10898603955182816,0.049554663195492996,0.02609196753395883
0.6812688364046529,0.5795273808996924,0.5125334443973928,0.46047782036180174,0.415326623963271,0.3837918701975184,0.35471112037163066,0.3316992896957121,0.30976314766807367,0.2915197140676109,0.18536422871002448,0.10905360488880858,0.04956460807218423,0.026100147153450187
0.6815162248215727,0.5800124564325881,0.5129837336797252,0.4609556430042789,0.4156975450101641,0.3842363819256298,0.35496675829499047,0.33198607586497275,0.3099908201439739,0.29184011138881527,0.18550811080421659,0.10913103389542522,0.049589352826334164,0.026103152780503742
0.6818168762059157,0.5804835163278627,0.5134638202836141,0.46133293549205623,0.41603362093411683,0.3845920505361255,0.35531675452203715,0.3323253001039628,0.31027262121491783,0.29212900579178086,0.18566101563757584,0.10920293150040006,0.049602232706339795,0.026111706959760943
0.6822497108610734,0.5808202474244901,0.5138789511998941,0.46174074523085346,0.4164619705683264,0.38484997687107464,0.35566598855816145,0.3326884766302211,0.3105578195292586,0.29248011840935234,0.18577247905038055,0.10926558665903802,0.04962179091249733,0.026122425570267126
0.6825717529942378,0.5812947547836642,0.5142344809013987,0.4620377832654415,0.41675539693519387,0.38516444768741365,0.3559546223987541,0.3330058731441078,0.31087102299540287,0.29273108710197715,0.18593328515279414,0.10933897675491794,0.049640017133197205,0.026127687833220378
0.6829309121493008,0.581735377960527,0.5146364606891147,0.46243620712672273,0.4170074470604041,0.3855143167696697,0.35630633884880675,0.3333730039396119,0.31122105945180534,0.2930298290050256,0.18611831149115743,0.10939853101323047,0.04965959409261143,0.02613489894354325
0.6832228521716563,0.5820677855269404,0.5151100849371081,0.4627824057117378,0.4174116452855615,0.38578301194594206,0.3566474054278906,0.33362787826618867,0.31144487043754115,0.2932433730234004,0.1863018503486512,0.10945446671006746,0.04968174184618978,0.02614349741750716
0.6834986323593113,0.5823088819777742,0.5155143051635257,0.46316490015407086,0.4178289456153752,0.38612343988634223,0.35693291052179194,0.3339942620599049,0.3116758643825259,0.2934868882156145,0.18646760082940847,0.10950687272917761,0.04969992192120987,0.02614950253055366
0.683768512980578,0.5826289946306877,0.5158967741263205,0.46353441569475573,0.41815554905746405,0.3864849832523826,0.3572531491094646,0.3342737571242621,0.3119489635224438,0.2937629341640657,0.1865806868422489,0.10960486316029482,0.04971311009164728,0.026155627072366756
0.6841204081053234,0.5829148762175864,0.5162570906681562,0.46393003771123265,0.4185347863333456,0.3868182235361934,0.35753463938613933,0.3345516487790572,0.3123212638723937,0.2940200908328572,0.1867580268109824,0.10966671110320284,0.04973579929048313,0.026161976776041367
0.6844963925654691,0.5832312528751232,0.5167031960214852,0.4642741369195589,0.4188849013387757,0.38709248119554573,0.3578711882996369,0.33479698587874585,0.31255106693944074,0.2942539744456994,0.18692939310478388,0.1097422883981785,0.04975349954922105,0.02616675137558741
0.6847599243519121,0.5835583233504932,0.5171514990145686,0.4646377906187025,0.41913766374316036,0.38741469692203195,0.3582082608811705,0.335134280383215,0.31284302617597204,0.2945246723148338,0.18706465353344257,0.10980324686487805,0.04976894169381496,0.0261738215710051
0.6851557855725434,0.5839748466634271,0.517511070024692,0.46506865691714677,0.4194653021423608,0.38770607675979574,0.35849396275019135,0.33542715133897877,0.31308003485088925,0.29478693301479947,0.18717013051984327,0.10987134619531289,0.049787647832611005,0.026181480061219908
0.6854725447316664,0.5843478036263139,0.5178610691061392,0.46545350897349125,0.4197992671657619,0.3880931885117701,0.358713233355603,0.33574208508376124,0.31334100489969996,0.2949977150956137,0.18732619668615041,0.10994986108098229,0.049804548284993554,0.026184768513565847
0.6857855237974492,0.5847613630962879,0.5182201367973929,0.46579971400532866,0.4200655929850678,0.3883214977913632,0.3589809977526644,0.33604336047560884,0.3136401216272706,0.2952380994721937,0.18745791626684483,0.11002309827608672,0.04981679754335361,0.026194017918681516
0.6861652366813225,0.585136309742831,0.5185578486738223,0.4661041731824882,0.4204452425271132,0.38861320577878866,0.3592780975901873,0.33631083951995905,0.3139009258232758,0.29543701444954024,0.18762372798310206,0.11006349639842694,0.04984192708963887,0.026200813877799194
0.6864983438825849,0.5854483372843893,0.5188306305778524,0.4664103722148221,0.420764041527487,0.3888727774653437,0.3596139122031986,0.33664307737683924,0.31415298794063135,0.29566491541091117,0.18780525110171417,0.11012447182334334,0.04985469687404921,0.02620406093132368
0.6867865164806735,0.5857620220558651,0.519136603832599,0.4668415796446358,0.4211012748316523,0.38910910259767545,0.35991325936877927,0.3369084641158137,0.3144003648265355,0.2959482564811098,0.18796563267327573,0.1101809927984698,0.04987169226219415,0.02620395278975974
0.6870381926985156,0.5860410250803513,0.5194921521648161,0.46705328287074355,0.4213863753210353,0.3893964419216499,0.3602399454419294,0.3371861847270034,0.31465318530290204,0.29611442003294236,0.18809710451168254,0.11024941038377434,0.04989372690462975,0.026209883208700307
0.6873408033373982,0.5863495501799888,0.5198774657780263,0.46736508410066513,0.42161525399773386,0.3896879559870667,0.36052619261263985,0.33743986806763604,0.3148389308532545,0.29637919395062795,0.18822516612332948,0.11031193186830947,0.04991099274031583,0.02621757831257769
0.6875302702785913,0.5866167789778803,0.5201667742821654,0.4676477717462305,0.4218476692345523,0.3900228138160144,0.3608010583644914,0.3376997164502098,0.31505488687398203,0.2966111831001649,0.18835423543275132,0.11036578925649362,0.04992764581680783,0.02622387616132604
0.687804602684391,0.5869658246204943,0.5204805037916606,0.46789329079413633,0.42216794382779044,0.39035153867491046,0.3609616771213137,0.33790432041459556,0.3152707900890639,0.2968134499223305,0.18849987550713393,0.11042072083922212,0.04994108158676562,0.026230379893677977
0.688066354243239,0.5871167657523636,0.520775364554921,0.4682757447543287,0.4225636301149836,0.39066049370705486,0.3612285758777087,0.33816928353276643,0.31549742819393756,0.2970477142205984,0.1886262653500942,0.11049111946548856,0.04996987650188578,0.02623534428826253
0.6882958829227096,0.5873960186078045,0.5210576335735528,0.46866977997938475,0.42292242862129165,0.3908812146079848,0.3615232002569708,0.3384124913036179,0.3157867047348869,0.2972267491919586,0.18878038756368787,0.11057000236476007,0.04999310952806557,0.026242359329037516
0.688435008505623,0.5876782972565503,0.5214151466699148,0.46898579886533226,0.4232720487564236,0.39115449108572664,0.36176476963252935,0.33867287397043355,0.3160320273514121,0.2974183754962795,0.18894010296301508,0.11063819985017292,0.050012118799764534,0.0262486256779442
0.6886506615443958,0.5879883878936432,0.5217181202172857,0.4693119091362039,0.4235814433968931,0.3913933408078122,0.36205782267426456,0.3389642103731685,0.3162764985887016,0.29764306367476984,0.18908768467198642,0.1107065543941847,0.05002220714732743,0.02625329591792549
0.6888529901763099,0.5882952051573028,0.5219210763202823,0.4695826045733259,0.42388374724479394,0.3916634800698984,0.3622934604734997,0.3392274700973548,0.31648502047462373,0.2978628695000024,0.18921806114174425,0.11075464714388208,0.05003515660181026,0.026262483440949044
0.6890593332955893,0.5885888100675384,0.5222099473919,0.4699872867065445,0.42406127950756806,0.39191899270663566,0.36255574010384795,0.3394555507758559,0.31671188129324357,0.29813421692961295,0.18935531699760405,0.11081255053084582,0.050048900408632004,0.02627080645179852
0.6893691265666936,0.5889043005290949,0.5225327018485935,0.4702861225187023,0.4243177629482192,0.3921239404474872,0.36278935497791975,0.33967340673769947,0.31690178578604955,0.29833765936030676,0.1895109069119405,0.11087102569316316,0.05006769881043864,0.02627527060455374
0.689558283141491,0.5891646096928352,0.52272301225628,0.4706012620890474,0.4246121369384065,0.39245332321037063,0.36304459669465294,0.3398924405122853,0.31712762631882485,0.2985151094663645,0.18965821835766197,0.11093443472716419,0.05009749620464314,0.026279108848774987
0.6897261970847404,0.5893497143000314,0.5230480320229359,0.4709104290074264,0.42489114678308015,0.3926616108721829,0.3632387969311257,0.3400539103499607,0.31733642307945525,0.29874738480931484,0.1898069347523734,0.11098866175988582,0.0501148499394396,0.0262807968643729
0.6899638107420576,0.5896208199163756,0.5233031927814031,0.4712106620873643,0.42519104466664126,0.3928516308175802,0.3634308694232559,0.3402642477180999,0.3175569124316695,0.2989921466766485,0.1899543410448229,0.11106871798346227,0.0501346820438993,0.026287003588031974
0.6901151692214473,0.5899146743715837,0.5236277700382941,0.47149819568697693,0.42541899145361906,0.39306315596856806,0.36365988265408217,0.34045321347257557,0.3178603056288372,0.2992581744243713,0.19004346381078785,0.11112956627227784,0.05014965558768119,0.026293442757312466
0.6903229145636839,0.5900720329034492,0.5238571611306242,0.4717243543455219,0.4257256052081896,0.39332423745918693,0.36395148564739327,0.3406523076361965,0.31814583080426995,0.2994764621350841,0.1901503420467028,0.11118125482486116,0.05016650812516546,0.02629756334405497
0.6904974044363159,0.5902551262622849,0.5241356835362654,0.4720108294162084,0.42596302801678154,0.3935173679913167,0.36419197924270136,0.3408314519642382,0.31833177372390276,0.2996527653132935,0.19025097418294634,0.11123604895604951,0.050186287407275494,0.02630047885459095
0.6907547136485731,0.5904435114413811,0.5243908186830316,0.47226134732751407,0.42621316560689537,0.39380065798338104,0.36445114492115155,0.34108630977447524,0.31855677926633913,0.2998606895123719,0.1903494015296333,0.1112699511482135,0.05020566819712573,0.026307307269199724
0.6909285594817696,0.5907043387008498,0.5246363868035713,0.4724867545146584,0.42646523095168093,0.3940543482460279,0.36467097521811986,0.34132244874290313,0.3187782315039702,0.30003262632289507,0.19049847895081976,0.11133076767960817,0.05021739296104807,0.026313762757004085
0.6911520943952623,0.5909461465527628,0.5248073313964742,0.47267880647535865,0.42662652552794617,0.3942730336303943,0.36487849801071015,0.3415185059849735,0.3189575377855602,0.3002394757097522,0.1906555047229086,0.11137406018040252,0.05023614309678001,0.026318696453382955
0.691328728921013,0.5912885761754599,0.5250339611973095,0.4728644089649079,0.42688579844526764,0.3944759227852725,0.36512571114567255,0.34174169345130795,0.319182398327566,0.30045757489084896,0.19076861240345627,0.11143422618317898,0.050260007072496206,0.026323381168718563
0.691566412858581,0.5916134936636622,0.5252465708914696,0.47310010826050636,0.42713083817650405,0.3947461821128574,0.36531846093145826,0.3419172585229941,0.31941150358866677,0.30065111058987465,0.1908839037554154,0.11149509776440152,0.050273047207955744,0.026329448171805655
0.691697068036059,0.5917639786566993,0.5255064110708971,0.4732886301234438,0.42735227089422667,0.39505643655994566,0.3655912113245333,0.3421343656444519,0.31956795208299954,0.3008609203569085,0.19100013846785757,0.11156894933087669,0.05028955003482537,0.026334978672875493
0.6919256920973809,0.5920141202742188,0.525786626653203,0.47345708890089433,0.42756274766785785,0.39533653209209896,0.3658255956158114,0.3423616573232153,0.31978068661237363,0.30100117604398074,0.19116510657848454,0.11162497021973224,0.05030564491519235,0.026340877050662972
0.6920776738799901,0.5922007938987666,0.5260223521261713,0.47374192386417224,0.427851866199121,0.3955456483856242,0.3659314361312984,0.3425771941963737,0.31998413394889974,0.3012301037346318,0.19128574585477026,0.11166347582563402,0.050316345608868156,0.0263459607345099
0.6922264256732757,0.5924374198776298,0.5262437355215559,0.47402695763671754,0.4280258855557564,0.39574964976774696,0.3661601045537307,0.34278690335887185,0.32022014437398083,0.30141306028653225,0.1914214467184952,0.11171380907202763,0.050331372398804,0.02635129624244674
0.6924165594053229,0.59270346789588,0.5264673402230438,0.4741935038988625,0.4282580009143632,0.3959261360959581,0.36634274643032877,0.3430186749753891,0.3203588315557439,0.3015826915997618,0.19156778828106713,0.1117669222171122,0.05034679653340478,0.026360421182245335
0.6926736228983842,0.5930171814437447,0.5266763739776003,0.474427439282912,0.4284163174303137,0.39617283224621963,0.366490623082713,0.34321247057439264,0.32057263493261395,0.30177916559213414,0.19168975212878986,0.11181466729866167,0.05036395691914254,0.026366308126073955
0.692857265207343,0.5931616865383832,0.5268754802521041,0.474641731146903,0.42870800348124904,0.3963779156255432,0.3666662618967638,0.34339762549425024,0.32079746131925496,0.3019797713779278,0.19179989362119765,0.11186724490486334,0.05037989844332971,0.02637059927937768
0.6930382712147501,0.5933196200505373,0.5270638072659799,0.4748380535205443,0.4289283712895847,0.3965340669886914,0.3668610948481836,0.34354716612377945,0.32099315126159783,0.30216956758666197,0.19191091516947403,0.11193951223222703,0.05038619755354838,0.026374999806921706
0.6932043267409309,0.5934666790693273,0.5272625061980794,0.47498587106210166,0.429169614081052,0.39677080574791407,0.3670260286869728,0.3437136831881516,0.3211756541249967,0.3023661784759114,0.19201418881866555,0.11199051470515846,0.0504025794682116,0.026382342329772664
0.6933661597345876,0.5936772431807381,0.5275138581898695,0.4752139024721465,0.42945131513401547,0.39702437954872843,0.3672243238656597,0.3439003883886153,0.32137370814889715,0.302555444165792,0.19212788107383896,0.11203789610135266,0.05041992319783561,0.026385887574036773
0.6934430545764894,0.593882028390537,0.5277793690956601,0.47536230106909333,0.4296946089559398,0.3972403215639422,0.3674444779200232,0.34405765673373295,0.3215944972120633,0.30267368946453843,0.1922269134065659,0.11209649418170828,0.05043603731966504,0.026391353525984283
0.6936100069628811,0.5940375841409321,0.527997447060226,0.47554339918266364,0.429914217877488,0.39747317867355486,0.3675952299969455,0.344274871722525,0.32178211666478634,0.30286149966977627,0.19230323358044504,0.11214207428695633,0.05044819329036085,0.026397498529273117
0.6938013863441546,0.5941448167543899,0.5281185693735582,0.4757423932379118,0.43018628853338514,0.3977005285778959,0.3677997481284314,0.34444251805046117,0.3219392828065331,0.30298337743346454,0.1924138556479942,0.11219807979052102,0.05047079834810689,0.026403269753603992
0.6938909994445372,0.5944220393263422,0.5283327066342368,0.47595751351791826,0.43041874127701524,0.39793526274505797,0.3679658227910052,0.3445773351720013,0.3221076522509095,0.3030748085855147,0.19253360386956778,0.11224045239773461,0.05048563765116825,0.026408016497063133
0.694016850758205,0.5945426703753212,0.5285772492903826,0.4761294782453443,0.43057113525351304,0.3981101505040131,0.36814288436548376,0.34476481303329026,0.32229946729933784,0.3032882963482333,0.19267472121783052,0.11230159674777573,0.0505010256002501,0.026413011661144566
0.694174581841691,0.5947362783084419,0.5287668586616898,0.4762806623126868,0.4308216427309879,0.3983186722619707,0.36836268558278484,0.344910977956559,0.3224740008894678,0.3034697431779771,0.1927491284979575,0.11234343052777518,0.050511025902115245,0.026418488833898208
0.6943215132127463,0.5949337316170729,0.5289833382766008,0.47649150375430227,0.4309841816626769,0.39850366809320964,0.3684789802592421,0.3450811008167984,0.32270873646718795,0.30363313543495046,0.19285814149006944,0.1123808822442855,0.050535444323942545,0.026420913846201485
0.6944431396832795,0.5951406667728474,0.5291347732733251,0.476641065377769,0.4312283001408929,0.3987295100033472,0.36864669192047833,0.3452662323701468,0.3228488573048267,0.3038231422987022,0.19296489478534745,0.11242226351068231,0.05055436972032639,0.026425189119653907
0.6946026926332971,0.5954200114437876,0.5293129203235809,0.4768669199784491,0.43144554184336464,0.3989192845294623,0.36883032067084465,0.3454301130608058,0.3230050364606922,0.3039718309368489,0.19301940239196236,0.11248304636405147,0.05056685457743432,0.026431212938722595
0.6947147029360791,0.5956393634006819,0.5294580272009209,0.4770499474426735,0.4316767458663617,0.3991432170980809,0.36902858229971275,0.34559302871507386,0.32316061284444875,0.3041101432837127,0.19312216792541487,0.11253314478660767,0.0505769505490088,0.026437323499760374
0.6948994131162186,0.5958124176160057,0.5296115383682278,0.47722877608502534,0.4319115908136078,0.39933157800480595,0.3691703200562645,0.34571757752183013,0.3232877364995027,0.3042310052148624,0.19320541668834904,0.11258168429561909,0.0505887397671721,0.0264400196959228
0.695072757346705,0.5959952587031472,0.5298403284803899,0.4774049063306399,0.43198569837075673,0.3995086114760982,0.36936623798286045,0.3458389648238382,0.32342266387337465,0.30443491203334383,0.19329533129189935,0.11262114224186422,0.05060354047341738,0.026445276854509817
0.6952175384874156,0.596162765397447,0.5300565315607902,0.47753907044167115,0.4321381251035785,0.39965074663975536,0.36954055915803025,0.34600418183599324,0.32354377195732614,0.30456026539951037,0.1933775366313183,0.11268593794983754,0.05061735205447866,0.026450408629116188
0.6954194539785997,0.5963797915419342,0.5302210158048523,0.4776942686146225,0.4323074936547007,0.39982361146643164,0.3696335424509333,0.3461142441132803,0.32377233695192004,0.30474878645849107,0.19350995048370392,0.11274456098466148,0.05064036921097837,0.026451681360404926
0.6955462375612741,0.5965688580312392,0.530403537944755,0.477918588653167,0.4324336216920357,0.3999357257790473,0.3698059574210078,0.3463306093739464,0.32393368765014796,0.3049624571747922,0.19361599752597883,0.11279471527066512,0.050663918166855997,0.026454718530733598
0.6956645653583772,0.5966805377779026,0.5305263903005492,0.4780809618692678,0.4326054598779971,0.40018503019712004,0.3699776080707343,0.3464859010103994,0.324050594779266,0.3050622139133583,0.19372983038713099,0.11284938497097999,0.050681018238554074,0.02646151700862968
0.6957649527469225,0.5967807751819147,0.5307309922930855,0.47829973792617286,0.43280624103838944,0.4003373610667585,0.3700807829882957,0.3466642833271925,0.32421364997755564,0.3052191249024612,0.19380544264120858,0.11290546319803073,0.050698612423700946,0.026467107673762903
0.695883592417968,0.5969163582920806,0.5308491001272732,0.47850861833250546,0.43301569077661217,0.4004602403210375,0.3702031229783449,0.3468376782655253,0.3243267082923659,0.3053763802010455,0.19390076599671266,0.11295755288718334,0.05071016762460749,0.026471816169966286
0.6960404181359061,0.5971295389226136,0.5310859022128275,0.4786846655878114,0.4331471649634319,0.40065339099967034,0.3703447829993772,0.346972525143109,0.32448323438673066,0.3054814645861074,0.19401394035863317,0.11298640309180139,0.050723675545079984,0.0264785796286803
0.696216645335585,0.597347024268071,0.5312691455892089,0.47883238147520346,0.4333517836813625,0.4008186376687811,0.3705031951281411,0.3471282722793465,0.32463261833210216,0.3056367580298566,0.19409232700563028,0.11304500506750476,0.05074526430032076,0.026481655494181713
0.6964133981760297,0.5974625415060981,0.5313905533456312,0.47893177568931944,0.43345972039693537,0.4009717620473593,0.37067237515763934,0.3472564112903083,0.32478557463521596,0.3057549585560418,0.19420746421507373,0.11308224582165854,0.05075416695727439,0.026484067798778446
0.6965621023308356,0.5975637657072003,0.5315724019037398,0.47909266557347874,0.43364625014960306,0.4011839773283476,0.3708320547639566,0.3473628573924833,0.32488670147373444,0.3059151245594063,0.19428921700970786,0.11310591115412212,0.05076865795807466,0.02648734087308872
0.6966448146610398,0.5977184719637207,0.531621540301495,0.4793400155291472,0.43380628041166097,0.40134787350564394,0.3709970997938804,0.3475498183816885,0.3250862814365692,0.3060350801475293,0.19437462474759432,0.11314093884841495,0.05077889465791862,0.02649806494513063
0.6967570296280247,0.5978482095641482,0.5319016724535897,0.4794985879030463,0.43396347379701006,0.4015247527103074,0.3711161918551282,0.3476900099567696,0.3252365295702485,0.30617188264778894,0.19448528923652966,0.11317897500885521,0.050795075707533985,0.026506864090137805
0.6968798212840256,0.5980092621575308,0.5320279506516761,0.47958997392656166,0.4340681072585232,0.40168834106901086,0.37127027067529234,0.3478173653475394,0.3254214674390091,0.3062674894697377,0.1945917659697233,0.11322705488123323,0.05081292862899772,0.026512795618606654
0.6970286418037078,0.5981860010809268,0.5321716266180259,0.4797528665416242,0.4342616266358564,0.4018173634618541,0.37142385002406575,0.34796594999680575,0.32556648523925746,0.30642236766000575,0.19468662019928457,0.11329056587833491,0.05082719356889831,0.02651661121642483
0.6971506124427909,0.5983362806273769,0.5322968879769626,0.47987865581186795,0.43440855009810764,0.40197300303308,0.3715519605497811,0.34815243055120615,0.3257080956660546,0.306564615716321,0.19478545825309215,0.11332421164280326,0.05083515583427007,0.0265222437808928
0.6972651713746771,0.5984961001717342,0.5324291255011641,0.4800345844681686,0.4345298868900806,0.40223678705210325,0.3716852272772831,0.34829679980913153,0.32583100866567816,0.3067070047016645,0.19487152281630787,0.11336171217537146,0.05084709532391296,0.026521785309572134
0.6974006963803822,0.5986808803274627,0.5325854500516704,0.48021778726237235,0.434700350711117,0.40241249172674726,0.37183388134336015,0.3484518308405253,0.3259444932138006,0.30686007489924233,0.1949589199964368,0.11340540625627717,0.05085967295595166,0.026527993117120112
0.6975220106021307,0.59881735669271,0.5326868435249729,0.4803219526530363,0.43481826541824986,0.4025116353969346,0.3720202499464001,0.3485689723720061,0.3261004572883938,0.30702474838299376,0.195040626767785,0.1134587523275967,0.050874051552084104,0.026532193237306417
0.6975955359097087,0.5989563529535964,0.5327959139563567,0.4805048420656183,0.43500658904760475,0.40268951434149075,0.37212213218111445,0.3486789214228886,0.32618902844166064,0.3071653613948857,0.195109178919452,0.11350660533501684,0.05088653407774632,0.02653629281536891
0.6976572860646895,0.5990982517743149,0.5329234129569618,0.4806816816150964,0.4351300823624839,0.402849776980604,0.37230587477512084,0.3487985608600846,0.32633669060462295,0.3072983422987871,0.195240753121892,0.11355692989691063,0.050905984479657246,0.0265440036517991
0.6977231754504538,0.5992379167438547,0.533130936634889,0.48078840245515575,0.4352494519416039,0.4029484434652845,0.3724242655533052,0.34896288650044827,0.3263909562207414,0.30742281718906306,0.1953348191524087,0.11359571818350947,0.050918930168945574,0.026548044028814936
0.6978074348515341,0.599394607247571,0.5332216162255543,0.48095659246864275,0.4354155978345472,0.40306719585801654,0.37254757830845053,0.3491126634301275,0.3265188834399249,0.3075438133089379,0.1953965796965267,0.11364606229031879,0.05094398228729687,0.026552575894707286
0.6979450883766921,0.5995042144286652,0.5333867846484712,0.4810920827451165,0.4355415234768545,0.40322718876155106,0.37271954203559976,0.3492452531013736,0.32666388890668285,0.3077008254345179,0.19549911304579287,0.11368158495538448,0.05095888194524321,0.026559128632790932
0.6980776520811003,0.5995877187783493,0.5335127372330252,0.48127043590406104,0.43570944927934785,0.4033414687081704,0.37284623609803164,0.34936019686364733,0.3267811382131935,0.30779257058340365,0.19557528403574076,0.11373532730750661,0.05097612412943115,0.026561751009264483
0.698202684287796,0.5995962175383077,0.5336685180028334,0.4814029331204772,0.4358355937497476,0.4034986278708165,0.373013573261601,0.34945423467563747,0.32689673115393103,0.3079493841761389,0.1956620960314948,0.11376853834162311,0.05100010764640635,0.026568370069398696
0.698354563688033,0.5996435428838265,0.5338574789886038,0.48153060901519784,0.43596176520659513,0.4036443872555805,0.373169097678001,0.34958970629416747,0.32703965961455916,0.3080674028968632,0.19574850931134408,0.11381764258836807,0.05102003870868273,0.026572461402506437
0.6985044700069803,0.5997862607253929,0.5339780539891105,0.4817094812162055,0.43610509566186295,0.40375116216102175,0.3733321758970018,0.3496991941984159,0.32715150329216974,0.3081765033550421,0.19584029768640152,0.11387801186324156,0.05103500745964622,0.026577800827118653
0.6986412437637389,0.5999449532956215,0.5341669615773452,0.4818738286518008,0.4361845078832104,0.4038867805465707,0.37346869677377315,0.34983665137329945,0.327316425550507,0.30827485084260264,0.1959150686780195,0.11392778133948722,0.05105137266462444,0.026585508142501203
0.6987725427387168,0.600048769225472,0.5342954862266519,0.48198334683227645,0.4363092891489422,0.40401482225563795,0.3735336950052718,0.34991730629287,0.3274644770371541,0.30839273182187266,0.19598629218774227,0.1139911684397975,0.05106813306651968,0.026593880841993253
0.6988768721074532,0.6002033690597097,0.5344649909774231,0.4821088230629097,0.43648404714089045,0.4041362478357589,0.3736103841370325,0.35006670904418463,0.3275683081420115,0.3084707426036561,0.1960873298942708,0.11404134957651704,0.05108167706418329,0.026599779391236388
0.6989913993322897,0.6003860651821586,0.534617600996073,0.4822842113336692,0.43658770027791627,0.4043047093368094,0.37377808745650903,0.35021251609030624,0.32769826350616066,0.30863157784143025,0.1961659582002242,0.11408797522839524,0.05109458522929567,0.026604134821885728
0.6991155780702474,0.6005344691580592,0.5347674387307928,0.48239736093923785,0.43668368856835554,0.4044841842085456,0.3739410907885078,0.35029158705815844,0.3278261302226571,0.30873326307419585,0.19624773385434507,0.1141271789825722,0.05110094048084418,0.026608904012138102
0.6992269820313878,0.6006266647816032,0.5348597062428274,0.482511790009428,0.43683767714440075,0.4045967849637324,0.37405600464313915,0.35042138229492215,0.3279883451619817,0.30889341325006414,0.1963343503693637,0.11417579790077378,0.05111673009988577,0.026615236937086548
0.6993745656589262,0.6008216393448357,0.5349821783992714,0.4826280492502817,0.43697907622494647,0.40471125092381954,0.37416112159663445,0.3505315434120427,0.32811255355196556,0.3090353944672951,0.19640234364893341,0.1142327518212191,0.051131977411716885,0.026618980061310388
0.6994712655608487,0.600973851812916,0.5350679504360711,0.48273032412420497,0.4371428308902253,0.4048420923605617,0.37427755142454533,0.35067185519367505,0.3282384191431411,0.3091310636213454,0.19647354555150093,0.11426716958668612,0.05115054663452706,0.02662312035954841
0.6996116337567222,0.6010912313883978,0.5352180928530319,0.48284407648850863,0.4372339836824708,0.4049427364618114,0.3743927875986258,0.35077213691223363,0.3283250674737293,0.30925760296443555,0.19654855869082039,0.11431884281999138,0.05116348880585925,0.026628032041717785
0.6996918483377732,0.6011961075940657,0.5353528840329476,0.48295522032968646,0.43735785935547666,0.40509666852821213,0.3744868946210137,0.35088023433357796,0.32845948963300575,0.30937761598002955,0.19662703126518363,0.1143511426067072,0.05118358532680322,0.026634459211928994
0.6998387924003701,0.6013260141810879,0.5355296513770933,0.4830722198736849,0.43745463753878483,0.4051915099138948,0.37462915453122736,0.35101196199352674,0.32856225511487125,0.3095035382531483,0.19669024928765028,0.11438810905018505,0.05120264361410844,0.02663996816078524
0.6999138896383551,0.6014980750462331,0.5356471150836875,0.4832071836754529,0.4375915228532775,0.40527649374978914,0.3747283482042857,0.3511266830022683,0.32871263088959773,0.30962002521773724,0.19676850957021727,0.11444246876430869,0.05122190349037499,0.02664359395359072
0.6999746418659649,0.6016101800115393,0.5357912643387768,0.48330921121965753,0.43776438652457356,0.40537940360811875,0.3748333734516507,0.35123953946592174,0.328831963626949,0.30969936681981636,0.19685735086238823,0.11448188020896541,0.05122873300731214,0.026649497423928442
0.7001211733514416,0.6017449505625757,0.535910121273084,0.4833842780784183,0.4379137752597121,0.4055086189974646,0.3749931995975664,0.3513215913333053,0.32890242824691446,0.3097903726812644,0.19695251523433088,0.1145265087605561,0.051246453339535106,0.02665205007900639
0.7002106060079891,0.6018753071664606,0.5359774864126707,0.48348090021389606,0.4380541364868713,0.405629462082423,0.3750908048663203,0.35147879461906,0.3289513995736328,0.3099548630408211,0.19701584074710485,0.11456774730828456,0.05125709512740548,0.02665327587639613
0.7002659744262005,0.6019906181253157,0.5361435809953103,0.4835687851391469,0.4381814182255118,0.4057426807762588,0.37523014569957436,0.35156991785595315,0.32907754050880306,0.31002973773718645,0.19706186064671352,0.11462974419754168,0.05126841027671381,0.026661264928245512
0.7003287528853447,0.6020514627092536,0.5362436013645101,0.4836601298603407,0.4383288392484725,0.4059026653100196,0.3753347214707332,0.3516908570017517,0.32918695940844256,0.31011728527118365,0.19708761128533914,0.1146796319612644,0.051286430321900556,0.02666503674020267
0.7003725951763821,0.6021661339729396,0.5363484427340519,0.483738165311846,0.43843775433276744,0.40599931790490296,0.37544013929960945,0.35179122265354484,0.3293100804413687,0.31024429093413314,0.19716527971920805,0.11471983757972971,0.05129902251862234,0.02666961449561039
0.7004474499479325,0.602269661002254,0.5364911807360113,0.4838088577306558,0.4385481050038986,0.4060953729831367,0.3755321094432503,0.3518576546470943,0.32942064156167356,0.3103563451125946,0.19721511691500834,0.11476853236439595,0.05130090282627443,0.026676692931627728
0.7004545646052092,0.6022973517347473,0.5366340505808608,0.48392402927316247,0.43866458562004607,0.4062032334706135,0.37564798500840946,0.3519856798447818,0.32952945949121204,0.3104952839510241,0.1972822513503436,0.11481261370971256,0.05131119080625157,0.026681889964642352
0.7005675618420405,0.6024866647009546,0.5367605126591553,0.48405734902969416,0.4387828213132688,0.4062691047894665,0.3757328684076114,0.3521253940020432,0.3296242902153266,0.3106147094714856,0.19735314632622186,0.1148409357081655,0.051321618888014627,0.02668865874589634
0.7006654432341337,0.6025737029840779,0.5368284866140642,0.48423258537576575,0.438864538510941,0.4063968061383077,0.3758834350233056,0.3522410555800011,0.32973380704550076,0.3107151451486871,0.19742672528176022,0.11487912801406641,0.05133919692447879,0.026695316450610105
0.7007558073158966,0.6026716899675801,0.5368992874998454,0.4843122196788547,0.43900644364374614,0.4064970295298831,0.3759894683511807,0.35233313808370925,0.3298523848983025,0.31081098917261246,0.1975157720132448,0.11490421901564808,0.05135507288455565,0.02670062461760545
0.7007661571376528,0.6027280128674579,0.5370233960039533,0.48445861400544876,0.43912078493278595,0.4065877062454731,0.37609267415364933,0.35241772978011143,0.3299902324017436,0.31091753546172024,0.1976079170073191,0.11493537614137071,0.05136290393794644,0.02670723385241737
0.7008705010190384,0.60282208564207,0.5371392397303041,0.4845999626638001,0.43926217500993225,0.40673871336638634,0.3762110520654406,0.35253873491354903,0.33006334010903854,0.311001836828662,0.19767956897285313,0.1149701015658929,0.05137672110840884,0.026710716581204025
0.7009592067563889,0.6029139707295479,0.5372265757389005,0.48473520416248267,0.43941207295740653,0.4068304957709349,0.3763540428667131,0.35267308284547505,0.3301652851083714,0.3111510719399063,0.1977320025935792,0.11500848133953559,0.05139042105611304,0.02671357783788432
0.7010904271370473,0.6030312235098606,0.5373687593202707,0.48483069521572075,0.4395131640945922,0.40695753797862605,0.3764972411614105,0.3527631197795148,0.33030326318328745,0.31123802082214913,0.1977858452378642,0.11504035055499652,0.05140604663117306,0.026717039643898793
0.7011971626562437,0.603153003414869,0.5374499150623728,0.4849594039185664,0.4396231336212202,0.407054095867178,0.376600013435984,0.3528444023485413,0.3304015591495817,0.31130280391736864,0.19788620062559528,0.11508273480308481,0.051415998416261884,0.02672068097793244
0.7013054400572118,0.6032891273541255,0.537540801750192,0.485076275912326,0.4397437963868157,0.40718349634026973,0.37664178156946526,0.3529922790355601,0.3305441244017385,0.31139585816182874,0.1980004613748127,0.11512913122286692,0.05142784911802708,0.02672395118167985
0.7014085513515061,0.603384963600569,0.5376766212902262,0.48522520674065106,0.4398122949757419,0.4072823678829145,0.3767784920865952,0.35305921604420176,0.3306569723114351,0.31150979498212605,0.1980858964506299,0.11517077863417616,0.051433551255949395,0.026730071017514255
0.701457519896968,0.6035197260101397,0.5377377968545093,0.485346089956783,0.43994756056589657,0.4074070324419712,0.37685468635667174,0.35312284546227907,0.33078066502573134,0.3116231746257758,0.19815576631566093,0.11520563773601583,0.051444756745213906,0.026731357402929562
0.701514022181274,0.6035744526873469,0.5378406084012841,0.4854596575303838,0.44002533146611456,0.40748110307619495,0.3769408728829341,0.35325164080134047,0.33086358784375547,0.3117101843698532,0.1982050617524636,0.11523781380015212,0.05145459215376352,0.026735589664085232
0.7016080256648796,0.6036887652923713,0.5379683806193623,0.48558286282991237,0.4400985513388211,0.40756864507112783,0.37701198749759324,0.3533699363327664,0.3309995465198247,0.3118186059629924,0.19828663116575626,0.11526984032844162,0.05146672110128059,0.026738505982316974
0.7017099421481992,0.6038238210772215,0.5380859865561584,0.48567707988836134,0.4402225883146647,0.4076737748205285,0.37712736375850286,0.35346351463048453,0.33113319226042315,0.31191624514442107,0.19833890437474097,0.11529917065856046,0.051477378049895293,0.026743388696975512
0.7018077462992368,0.6039197537421732,0.5382159252185111,0.4857359449450124,0.44034844463069794,0.40774569352262624,0.3772238930004631,0.3535528190371389,0.33120868446786095,0.31200550661536885,0.19842778136124484,0.11533194274977321,0.05148810053200711,0.02674777855395196
0.7018568567410642,0.604040978593975,0.5383074865254271,0.4858147312539654,0.44052054826804,0.407852139989012,0.37730119880748875,0.3536170583907875,0.33130641381934633,0.31210659880977554,0.19847328605556613,0.11536666115483221,0.05149451376866979,0.026751442021141058
0.701941192534013,0.604149806689313,0.5383671677905693,0.48590194322652236,0.44066638892627,0.4078812833303175,0.37735399638737566,0.3537657732267098,0.3313934226796242,0.312172351255253,0.1985448388144042,0.11541353345004363,0.05150362381688595,0.026757872474063027
0.7020606425499825,0.6042666950862748,0.5384645110343849,0.485970756691005,0.44079688516541343,0.4079736448088008,0.3774733901008635,0.353832303979766,0.3314802915309023,0.3122226811514759,0.1986170085770955,0.11544111403731136,0.05151533223239514,0.026760463889407175
0.7021975520731105,0.6043063318842782,0.538558181091868,0.486026947567555,0.44088573235709483,0.408105823581947,0.3775458261599925,0.35390406852614076,0.3315793301855949,0.3123503515630923,0.19867282698004887,0.11549404392334514,0.051530512033770993,0.026761215432666567
0.7022974369879693,0.6043956138117516,0.5386257862723918,0.4860969884369408,0.441021615046124,0.4082553769807152,0.3775778828375558,0.3539879735478405,0.33163709752331477,0.3124447437804967,0.1987516993849705,0.11552223899090544,0.051541797104970644,0.02676375640668363
0.7024040806045576,0.6044353398045599,0.5387349373033437,0.4862021771641039,0.4410930358852672,0.4083538373388539,0.37767409770972415,0.3541256157116185,0.3317037212075548,0.31250878519066083,0.1988219899335055,0.11554121221395965,0.05154995258517921,0.02676744836052895
0.7024540609825585,0.6045524038931632,0.5388569115279278,0.4862764883242298,0.4411810374269258,0.4084890317009149,0.3777638832986145,0.35424802912816933,0.3318190328891983,0.31263253274063707,0.19891347599162196,0.11555791802861641,0.05156674937087861,0.02677089693576634
0.7025389330089488,0.6046200930037058,0.5389155129466184,0.4863751978760739,0.44125150800439195,0.40860926485736837,0.37788091229816023,0.3543589636966366,0.33187268835924144,0.31267437034043344,0.19899486185426232,0.11559468659822811,0.05158012200032685,0.02677137986178655
0.702588282497445,0.6047092145581117,0.5390026491553099,0.4865104010801396,0.4413993357693152,0.4087041261715437,0.3779459216512516,0.35445733334349544,0.33193825804920996,0.31277569375251046,0.19907955044928685,0.11563312174161164,0.05159106360314511,0.026775036286724122
0.702698093498725,0.6047948426533909,0.5390397264126764,0.48655353078493113,0.4415194798009989,0.40879805382921985,0.37804626454541923,0.35453661873799164,0.33203391072074856,0.312874976519881,0.19914519729030644,0.11565617224861185,0.05159830989397444,0.026779125479955847
0.7027695963223456,0.6048677683710223,0.5391295475035067,0.4866849739468921,0.44159031600615234,0.40890651971734393,0.378112891437956,0.3546345841501135,0.33212560561795657,0.31302000876179104,0.1992562248760257,0.1156888259875612,0.05160721253700612,0.02678075408024084
0.7028426563929476,0.6050005061571024,0.5392073915682886,0.48680011122372213,0.4416920055767643,0.4089974814828871,0.37820275084095,0.3547184126679326,0.3322302846962231,0.31315209116394044,0.19931850259723688,0.11572145675474498,0.05161565599971631,0.02678865563948101
0.702884659574458,0.6050988283889409,0.5393280241059601,0.48688861227980074,0.44175350488158577,0.4090776336940964,0.3783096555018129,0.35484391177240804,0.33226975626109717,0.3132172604892104,0.19937784290731672,0.1157597419809667,0.05162189350910852,0.026792862632685877
0.7029472090383907,0.6051899997505519,0.5393790749420614,0.4870161808067786,0.44180551306080096,0.40911483632919904,0.3784184923126497,0.3549095230482142,0.3323283445554133,0.3133133283861983,0.19943317078654083,0.1157843027172326,0.05163658694703615,0.026795196427364117
0.7029743282851543,0.6052656759990499,0.5394869305117712,0.4871153772312891,0.44193363348324116,0.4091793440408493,0.3785116790607077,0.3549915156999559,0.33241396233539294,0.3133559003293643,0.1995065167195753,0.11583699827347763,0.05164781346264593,0.02680115300772477
0.7030455172117411,0.6053755450201153,0.5395264440589898,0.4872231744532574,0.44203117638478573,0.4092561290141041,0.37856854030399006,0.35508883140838016,0.33244753434280605,0.3134288479317018,0.19957790728603456,0.11587111734449124,0.05165448795664609,0.02680290262779868
0.7031362631829273,0.6054979849921961,0.5395730980086382,0.48728675975005836,0.44208265108516953,0.40938297597188456,0.37868568141224135,0.3551615461731734,0.3325731270730785,0.31346603673013107,0.19962340727952532,0.11589969610094063,0.05166950948330411,0.026807143624271505
0.7031956687418702,0.6055527880648306,0.5396575588280506,0.4873845140048232,0.4422307858854967,0.40947745305696526,0.37877574442065964,0.3552587190931716,0.3326500831375359,0.3135672192894271,0.19968396936733404,0.11593307118778899,0.051689513054863356,0.02681018309976048
0.7032784509815851,0.6056457671259502,0.5397614056678661,0.4874858278392328,0.4423298844009212,0.4095311656533235,0.3789216972553619,0.3553598621652819,0.3327594016269069,0.31360076957504573,0.199733888982718,0.11596887637335611,0.05169962850449554,0.02681301066335683
0.7033260790891522,0.6057059593510045,0.5398525571702597,0.487588945404058,0.4424186248784936,0.4096190002171437,0.37902614946248303,0.35545260467399165,0.33281849618499315,0.31368645363657544,0.1998054375708267,0.11599547898440349,0.05170977030096624,0.026820284959266034
0.7034647613047103,0.6057891089862621,0.5399424256379395,0.4877040992237071,0.44252336413408166,0.4096320292915636,0.3791026953529381,0.3555462078625145,0.33293118603890665,0.3137622796706128,0.1998535681847747,0.11603268286859662,0.05171980752580819,0.026826714837581582
0.703529833415894,0.6058516599876111,0.5400587397179558,0.4878225152242711,0.4426081367638276,0.409722973507344,0.37918292632653267,0.3556091725797891,0.33298963552737937,0.3138923331969178,0.1998887677105762,0.11607323357572022,0.05172653264785789,0.026829435050523428
0.7036024863517717,0.6059546687848332,0.5401564631676632,0.48786138521481415,0.4426790409581009,0.4097889435519593,0.3792759303003651,0.35571242198215897,0.33310447983086267,0.3139976396878001,0.19994867250827156,0.1161213917042033,0.051737991692703475,0.02683460709728182
0.7036640435341107,0.6060552148539687,0.5402537778010692,0.4879099338466475,0.4427641621180305,0.4098621340984777,0.379390823643627,0.35582172956637925,0.33320451869912665,0.3141235160567399,0.20003698000988704,0.11616855471217638,0.05174740192538584,0.0268412846554191
0.703715956323456,0.6061214586596239,0.5403650966274891,0.4880020299048077,0.44283012128644395,0.4099495000134036,0.3795148669375421,0.3559321788132662,0.3332660980436423,0.31418170614409685,0.20009495242096145,0.11620097477025013,0.051757693685371045,0.026845816685879643
0.7037508866099387,0.6061427812757904,0.5404053681374227,0.48807972927309773,0.44293699207389803,0.40998227479623495,0.3795908999326672,0.35603497581103716,0.3333134360851236,0.31426250660763216,0.20013155058693918,0.11621893822809898,0.05176291393348943,0.026851186766015965
0.7037827834208821,0.6062234021979174,0.5405148944044087,0.4881763454482487,0.4430490357208041,0.4100667209017752,0.37967715818654874,0.35612250809542395,0.3333798236996795,0.3143357356218947,0.2001858689334184,0.11623642496447295,0.05177232057097925,0.026856335531280622
0.7038737524992853,0.6062286925417801,0.540619518651521,0.48827308281117426,0.44314803286849214,0.4100968096594589,0.3797405555075235,0.35626157577375683,0.3334225574582844,0.3144367438080953,0.2002118773959291,0.1162663821813046,0.051786958992080884,0.02686072171484514
0.703961758880435,0.6063208009057791,0.5406826433387159,0.4883032866791859,0.44321303770995624,0.4101870479039117,0.3798126737944016,0.35631872489483774,0.3335219678740397,0.3144976517375854,0.20025875903026918,0.11630189483377197,0.051801871229329784,0.026863610000923313
0.7040338137309466,0.60643080486664,0.5407440534068537,0.48835912575214824,0.44327775406683323,0.41025974519322894,0.37988504572700277,0.3564166077589372,0.3335853415219321,0.3145660206726656,0.2003088185534182,0.1163255543950752,0.051812804244820806,0.026865074021215636
0.7041020322879625,0.6064887981326605,0.5408373620534813,0.48845401916096387,0.44335974843299114,0.4103382426434555,0.37996807046321446,0.35649553797099726,0.3336639269148466,0.3146653950471237,0.20034405030983515,0.11637044171830685,0.05182495441462527,0.02686862986438629
0.7041578114688741,0.606592400729943,0.5409126892139111,0.48856496183724035,0.44346157003331804,0.41041047223657245,0.3800401106861946,0.35660113750962086,0.3337365931034672,0.31473526359817355,0.2004049503590744,0.11641429742399079,0.05183579558004524,0.02686925493544933
0.7042430906975414,0.606648603600776,0.5410182987252081,0.48865050776111457,0.44355566323938034,0.4104959501866843,0.380111356920484,0.3567110349904679,0.33370402867034776,0.31483457940305176,0.20047515099178612,0.11644189189375696,0.0518427535391374,0.026873740777859534
